,skew,kurtosis,pvalue,error
2024-06-10 15:40:08.400,0.2988037953624834,2.046025401317351,0.0030098470801667434,0.09662400428914833
2024-07-03 22:01:15.800,0.9081597053670851,13.510164222678213,0.0297148244707607,0.16360101919711376
2024-06-14 11:15:39.000,-0.7642268477416281,4.932391475683869,4.869254633582969e-10,0.10262217642850395
2024-07-04 01:37:06.300,-0.5147849436773887,3.9504430098256194,0.0020827633834865906,0.10257097234542348
2024-07-04 06:01:03.800,0.1287897566514955,7.846760695124004,1.108718722900174e-14,0.07904861547815933
2024-07-04 07:02:44.300,-0.19744231905357754,1.1049580282586522,0.008539483949831865,0.09959948282753284
2024-07-04 09:46:10.800,0.20856635530752707,1.01346845015168,0.6284308022715471,0.08286965456630808
2024-07-04 11:48:13.300,-0.8885837869468032,4.566421164457102,1.8266119303942767e-05,0.08578958025957248
2024-07-04 14:07:43.500,-0.044946528710668864,0.4413182512746423,0.39352743357720954,0.09755143972880305
2024-07-04 17:49:17.700,-0.3708390078714881,2.776136200169006,0.17793352788293415,0.09512774295080716
2024-07-04 22:01:27.700,-0.6014123337261832,3.464761269681712,8.330858010549734e-16,0.12056092735092326
2024-07-04 23:13:59.300,-1.795625081310893,18.965591022821208,3.602472544567432e-09,0.13222356331441726
2024-06-11 01:32:45.300,-5.115804351932362,83.91541465826045,1.8323127534838935e-19,0.11490144450361274
2024-07-05 00:58:48.800,0.19816058245019183,-0.05395080602702551,0.9877895282790693,0.09674649652326582
2024-06-14 15:20:36.000,-0.7835832091339506,3.911155013978683,0.0014264303851701861,0.10847099580642611
2024-07-05 02:26:39.200,-0.7259441674632243,18.2839665955252,1.4639479233432268e-07,0.1932351411258379
2024-07-05 03:25:23.500,0.3350090298877116,0.31479336685830095,0.5452713464323318,0.10312312544204047
2024-07-05 05:34:54.500,-0.12156691141525895,2.0179830475572187,0.0009668691315127085,0.08735754055409417
2024-07-05 08:13:30.500,-0.7850337801307818,2.8151729460909536,0.0030098470801667434,0.12203164939932673
2024-07-05 12:13:35.200,-1.0817059205143003,18.457634282906593,9.594235055800515e-10,0.1282105976026475
2024-07-05 14:37:36.000,0.7878787741847548,5.625642416766826,2.9607827368482373e-05,0.1190805159440348
2024-07-05 17:37:21.100,0.2508050986104777,1.201179242827612,2.44374577116149e-10,0.11044494394401798
2024-07-06 00:27:40.400,0.03202293707084361,0.7059420567855068,0.1420746514551761,0.08335592467011066
2024-07-06 15:35:49.500,0.19876171683945296,0.8330830361675234,4.734741877153768e-15,0.10017072907862319
2024-07-07 07:14:41.000,-1.0462215656470124,3.9965349928228164,1.4639479233432268e-07,0.17550034698710087
2024-06-14 17:30:15.600,-0.7749213590051353,4.579853932658283,0.000648608042418048,0.13149746060836176
2024-07-07 13:43:42.200,-0.242713252581036,0.6083697962620471,0.052139087188847716,0.09486717400812057
2024-07-07 21:01:12.100,-0.9234517419758186,8.754081334941356,1.3850840057169374e-11,0.08751356950747702
2024-07-08 00:38:25.000,0.020125310988613615,0.2880884961043306,0.8655265369450457,0.08472611215046426
2024-07-08 03:20:43.400,0.3826198479916817,1.498770402422677,0.17793352788293415,0.1027256388655588
2024-07-08 09:22:43.900,0.3378619277997972,1.1194782990532168,0.220541217580421,0.10291490087523555
2024-07-08 11:38:28.700,0.1111172679316139,0.7422486853184203,0.7933622419382523,0.11287143016448278
2024-07-08 15:18:04.000,0.27396463935810883,0.44781713772257437,0.39352743357720954,0.08461552962827641
2024-07-08 19:18:37.900,-0.07360136568749667,0.5631146679546024,0.39352743357720954,0.09594001707995287
2024-07-09 01:43:32.000,-0.04660922293903769,0.8199518409588986,0.0020827633834865906,0.09500299903794515
2024-07-09 13:20:48.800,-0.2770634144505129,2.1257603422134075,0.220541217580421,0.10219543075844324
2024-06-14 22:46:40.500,-0.12988081878730226,1.7497129144516972,0.0020827633834865906,0.08924942741507055
2024-07-10 00:38:05.500,-1.2192315879986289,14.252653801078036,4.908580954287128e-19,0.08143871580763062
2024-07-10 12:12:00.900,-0.04382052628686225,1.782597927651441,0.011843449760085422,0.0884861432865224
2024-07-11 01:47:42.400,0.346235358281582,1.511310145753674,0.0297148244707607,0.11563643491919544
2024-07-11 12:33:29.100,-0.10605998130378574,1.4674493818751486,0.0220923622208589,0.07991883406993243
2024-07-11 15:14:24.400,-0.8285315451273367,3.815520170672251,0.0004306111484986726,0.11033623066622704
2024-07-11 21:04:39.100,-2.5799807003994366,23.38751233106031,0.052139087188847716,0.1504694242422186
2024-07-12 04:07:46.900,-0.6880666146672703,8.593453244765026,1.3921047931216453e-06,0.15248724542322498
2024-07-12 13:05:04.400,1.3590261023095833,8.190414196791895,0.0009668691315127085,0.13191502777188396
2024-07-12 19:59:59.400,-1.63726169027551,7.901517389905141,1.1150402145378719e-05,0.12456792473957908
2024-07-13 17:57:29.900,-0.6940752223286722,5.012595511393755,0.011843449760085422,0.09548284214603141
2024-06-15 07:55:34.000,-0.5507071583430835,3.7728560097086223,0.0220923622208589,0.133211654551185
2024-07-14 03:26:52.000,2.0529274032880034,14.481194541674654,6.734842895808746e-06,0.14004435606392265
2024-07-14 13:14:42.100,-1.5257603060047935,8.091664196483345,0.0020827633834865906,0.12170950648337968
2024-07-14 23:32:36.300,-0.0008919330760087453,1.2508427195070073,0.7125821300149116,0.1031760698654436
2024-07-15 02:51:48.100,-0.15262475110019505,1.8829989778388674,0.000648608042418048,0.13085413438735727
2024-07-15 08:49:49.300,-1.0657755174721837,4.587920530107946,0.006094418258803505,0.10847025734479473
2024-07-15 14:54:59.100,-0.044704481818066875,1.414974361279997,0.011843449760085422,0.11406062182003045
2024-07-15 17:18:30.600,0.10211164167585421,2.201407761202514,0.46628639073563594,0.08245898520920737
2024-07-15 19:35:52.200,-0.18362272982710678,0.5686810617189542,0.1420746514551761,0.09498113925314458
2024-07-15 21:35:47.200,-0.9626289445025077,8.614338047162265,0.0009668691315127085,0.11655367501763277
2024-07-16 00:06:35.100,7.933781978544934,155.66125732692635,1.2936013442355648e-22,0.1843477400820238
2024-06-15 19:59:34.400,-0.16125616046323324,1.0318019037086463,0.5452713464323318,0.10013580064890078
2024-07-16 01:54:43.200,-0.13154457752448095,4.300226717615515,0.03956202584899502,0.12018649618865723
2024-07-16 05:01:45.700,-0.8182254361115928,5.1504873728157445,0.004304993380033157,0.0921581423862991
2024-07-16 07:21:35.300,-0.09795570578732546,0.5717295128508106,0.0030098470801667434,0.07981099194454504
2024-07-16 10:31:21.300,0.461335187951153,3.644731398749209,0.0020827633834865906,0.1035344925187289
2024-07-16 12:30:08.000,-0.5783117753570637,3.5235153940975827,0.008539483949831865,0.09493003077251837
2024-07-16 14:29:02.100,-0.17555768547286446,0.08584440424986761,0.9646522162314058,0.0970916217238318
2024-07-16 16:50:35.300,0.44693281458979717,3.271730233868899,0.008539483949831865,0.1449501804746535
2024-07-16 19:16:56.500,-0.6505486460043768,2.8388539870579184,0.0220923622208589,0.12443234409556919
2024-07-16 23:01:08.700,0.6035075937697069,2.9192826067943827,0.2704743832803917,0.11226373292217731
2024-07-17 02:01:38.000,-0.5857313164705056,3.670872944463074,6.865581733487208e-09,0.094063182751168
2024-06-16 14:09:04.500,0.34094508628593634,1.2144979965023115,0.46628639073563594,0.13094728961019464
2024-07-17 07:53:23.300,-0.9940302861154495,7.18990667944329,0.016258459276759563,0.1283047407309267
2024-07-17 10:45:54.300,-0.2442870411372222,0.89246424844029,0.9973277498238406,0.09490585573312692
2024-07-17 13:47:00.600,0.21066158395949178,0.5634845354495415,6.734842895808746e-06,0.07904998116762431
2024-07-17 16:50:20.100,0.022593368125388077,0.9787346650610553,0.32811544409418575,0.09672159629387614
2024-07-18 07:20:16.900,9.922067319173413,182.74328828994425,4.908580954287128e-19,0.12451551073146809
2024-07-18 13:50:49.200,-0.6500714465303831,2.8407525050586084,4.448673570292354e-08,0.09734211298436278
2024-07-18 15:41:27.200,-1.6765955386890627,16.371939325986865,8.114129962716335e-08,0.10990545135078253
2024-07-19 07:48:18.700,-0.1877015751694852,1.0478785838690898,0.0220923622208589,0.11693880427614481
2024-07-19 16:31:44.300,-0.48411451287863844,1.5833870248534634,0.6284308022715471,0.10671676265007449
2024-07-20 01:22:26.300,-2.253182304718532,28.531810694228113,8.832345232887228e-21,0.12113431772013931
2024-06-17 00:42:23.000,-0.1858696507319056,0.8761680370041884,0.11228360286766195,0.10647532369610471
2024-07-20 16:30:49.100,-0.2868859589973982,1.1373267952537507,0.5452713464323318,0.10429505482545813
2024-07-21 13:45:51.400,0.5885645304300336,2.003598634870679,0.5452713464323318,0.11169107687989784
2024-07-21 17:46:57.200,-0.667515803081392,3.8927598649670845,4.7487878961137165e-05,0.07647622195508705
2024-07-22 00:58:40.100,-0.5539529881982226,3.179554956073929,6.734842895808746e-06,0.09960181759493937
2024-07-22 13:57:40.600,-0.5236290652371176,1.0428508000930847,0.0001183661896190048,0.1368847483577246
2024-07-22 21:35:22.300,-0.9200883092874829,4.355720237221991,4.7487878961137165e-05,0.275365597193873
2024-07-23 04:40:12.400,-0.3105937284022159,1.2655532649597943,0.7125821300149116,0.0947103514563906
2024-07-23 09:45:48.500,0.18189959453362606,1.1298595092943113,0.5452713464323318,0.09797797720177749
2024-07-23 12:52:49.000,-0.7054962768264965,2.5677503192372253,0.0297148244707607,0.13097604117802583
2024-07-23 15:28:19.800,-0.34840771521986186,1.4492000798874392,0.6284308022715471,0.1231015422231897
2024-06-17 05:23:55.000,0.021035719134747517,1.236236352895383,0.46628639073563594,0.11715637647974035
2024-07-23 16:50:46.700,-0.27090366332412746,0.5977237448136306,0.008539483949831865,0.09997494707315861
2024-07-23 19:32:50.700,0.04138244084412007,1.5218106996302865,0.39352743357720954,0.09708633270622459
2024-07-23 21:11:03.900,0.14556296517055647,2.3105292507976003,0.17793352788293415,0.10357992447717597
2024-07-24 00:06:50.300,0.15037308414016304,3.0983766426352357,2.9607827368482373e-05,0.13049181548313624
2024-07-24 01:41:33.600,-1.0718729834761411,5.000390620297969,0.0030098470801667434,0.11407491715438947
2024-07-24 08:46:42.800,0.5422529626806308,2.648651370394626,0.2704743832803917,0.11395177540612805
2024-07-24 13:47:15.400,0.8833640414141529,9.330620802243049,5.951062636424447e-11,0.08962728412214166
2024-07-24 15:24:02.500,-1.3683833810166115,7.123699590459999,2.9607827368482373e-05,0.13251608530879191
2024-07-24 18:00:47.200,-1.5582149086754373,9.580920417795804,8.056669472003223e-07,0.1132799036201307
2024-07-24 21:43:39.300,0.016999964611261513,2.008323083531738,0.2704743832803917,0.08132839566958844
2024-06-17 09:27:17.500,-0.7277503189689939,7.0840358181834056,0.0014264303851701861,0.10649054998946954
2024-07-25 00:10:03.500,0.3674091007574217,2.1011048460021975,0.06801920461119272,0.10651722983726443
2024-07-25 03:13:28.100,-0.1575147633700676,2.1354468266704076,0.008539483949831865,0.11231486064967942
2024-07-25 08:58:02.800,13.314906802477175,262.7623467344338,4.894901209447945e-25,0.18288702315339656
2024-07-25 12:08:35.000,-2.911669504800525,36.91684870851594,6.540866008411473e-13,0.12534542216954214
2024-07-25 15:07:47.100,-0.08199133923448351,1.1407337938926698,0.7933622419382523,0.08631562488548658
2024-07-25 17:29:57.300,-0.9394503355079289,4.5181213593326035,3.602472544567432e-09,0.11540194562076929
2024-07-25 19:17:48.500,-0.005792409992918014,0.1018188827565778,0.1420746514551761,0.1146380682225752
2024-07-26 00:11:28.200,0.3793538061754592,0.5535357081181331,0.7125821300149116,0.13334827728785442
2024-07-26 04:49:24.500,0.1560052428071047,0.9358700868251426,0.9877895282790693,0.09941575956151813
2024-07-26 13:59:23.900,-0.1961453837442345,1.356241781631475,0.0878382826713132,0.08358184617064808
2024-06-17 13:11:37.000,-4.376086560820816,73.36887549061086,8.970241343959439e-30,0.12035215689405479
2024-07-27 12:36:16.800,2.471838160220463,27.958543605221166,1.3921047931216453e-06,0.10212366425209078
2024-07-27 15:26:21.100,-0.4350235006939263,1.722879844789186,0.11228360286766195,0.10277236815940233
2024-07-27 19:41:02.400,-0.28375523847667755,1.412763666505251,0.17793352788293415,0.09997050416991977
2024-07-27 23:48:23.800,0.2437334312258585,2.0525359350927292,0.052139087188847716,0.09259190775653169
2024-07-28 22:15:20.400,-0.8406657869102182,4.928669565869696,0.000648608042418048,0.11087619920313757
2024-07-29 10:43:55.200,-2.066205247866656,16.809547814470697,4.448673570292354e-08,0.0955304362503178
2024-07-29 15:16:58.000,0.14064467007851608,0.5844673245400318,0.008539483949831865,0.11224741678921157
2024-07-29 20:51:47.200,-0.39517600823289384,1.4175444796345973,0.5452713464323318,0.15578284723628658
2024-07-30 02:04:24.700,-0.7530043870201306,5.434624907955536,7.536785951251345e-05,0.11955779244781527
2024-06-11 13:07:00.000,-0.024296257659712477,1.6360714372359961,0.220541217580421,0.10506976493253596
2024-07-30 13:22:10.400,0.15067366637381402,0.7811067687688533,0.8655265369450457,0.09773499090008765
2024-06-17 15:50:20.000,-5.074521749803305,85.52482917798412,4.869254633582969e-10,0.19170111502000872
2024-07-30 15:19:48.400,-0.11096924201674487,0.6131389336557262,0.7125821300149116,0.0844531981279835
2024-07-30 18:45:12.400,-0.31667969138207464,0.835688163441819,0.7933622419382523,0.17582177567558233
2024-07-31 07:10:54.100,-0.097171345534238,5.321548879017726,0.0001183661896190048,0.12035760614360531
2024-07-31 15:41:46.000,-0.009368670808581593,0.5847292109699245,0.9238374197330625,0.11751678274832901
2024-07-31 18:49:41.200,-0.10447276479821617,0.13166093140160662,0.46628639073563594,0.09286692203261132
2024-07-31 20:49:12.000,0.1870090618796178,0.36238674441309016,0.9238374197330625,0.12936933739254333
2024-08-01 00:07:07.600,0.0790258442967815,0.4557259006195382,0.7125821300149116,0.10913663913083561
2024-08-01 03:19:43.000,-0.36092866874506235,0.8524450915813699,0.7125821300149116,0.1295537332473024
2024-08-01 06:30:49.600,-3.2512994686199272,23.51364593593695,1.8694649189611297e-09,0.16024612941951183
2024-08-01 11:17:33.700,-3.573908052171688,27.650408461174123,2.8873674273022313e-11,0.1344171341803482
2024-06-17 18:45:47.200,0.13549544615191858,0.5956644786180072,0.9238374197330625,0.11892468705980337
2024-08-01 13:00:38.000,-1.003108562786919,4.905380886612858,0.011843449760085422,0.09519376935486461
2024-08-01 14:38:30.400,-0.5192076710400994,2.750237896022785,0.0020827633834865906,0.08220090388527003
2024-08-01 16:11:54.200,-0.35180452265813006,0.7466472241487718,0.11228360286766195,0.11632622576047043
2024-08-01 18:03:22.500,-0.567961592728082,3.078646033526894,0.11228360286766195,0.11048346185135718
2024-08-01 22:22:46.700,0.20595134503625045,1.5864123872892852,0.1420746514551761,0.09966359997135364
2024-08-02 01:10:44.200,-0.3964607135208095,2.445153083573927,0.39352743357720954,0.1161559183396726
2024-08-02 03:46:53.900,-1.6879730532442345,19.387187282605893,8.754091889378733e-18,0.11372914858164998
2024-08-02 06:00:20.100,-0.2523273109797312,0.8621147999700884,0.11228360286766195,0.0941364893872897
2024-08-02 08:52:28.600,0.26384724066340537,0.9061798719221326,0.8655265369450457,0.10915415457520179
2024-08-02 12:01:26.000,-0.06679589325703258,4.853192151123785,8.114129962716335e-08,0.14032388357137138
2024-06-17 23:02:18.300,-1.0911142687386204,4.746525301043357,0.006094418258803505,0.11145113633095981
2024-08-02 13:44:14.800,0.0035679408395376845,0.3423246669950255,0.8655265369450457,0.07162325212142157
2024-08-02 15:50:25.000,-0.18237481866165675,0.16982272775104423,0.6284308022715471,0.10786809016222712
2024-08-02 18:18:21.900,-0.7675400904163989,5.150589052148632,1.2127544312107394e-10,0.1192944903360443
2024-08-02 19:53:26.700,0.6077229220008696,2.15810671102048,2.6127403909667314e-07,0.12494331767249772
2024-08-02 23:00:05.300,-0.11143466967288387,1.2828463385060287,0.8655265369450457,0.10392843313787481
2024-08-03 00:56:41.000,-0.4315751213715965,0.970086768742604,0.46628639073563594,0.10518559321240115
2024-08-03 07:55:57.700,-0.6001781536087267,2.266899286127348,0.06801920461119272,0.12806424268386296
2024-08-03 14:36:34.200,-3.0705791536972256,27.379996295826192,2.3797467071606504e-06,0.13609912510209654
2024-08-03 16:06:53.000,-0.022217133393979762,0.5325865793527891,0.6284308022715471,0.09306536237118461
2024-08-03 17:37:31.000,0.19238050119239125,0.15568202858395175,0.7125821300149116,0.10077520480533984
2024-06-18 01:15:34.100,-1.8694730747322865,21.263792414061722,4.448673570292354e-08,0.3069772256434106
2024-08-03 21:42:29.600,0.10593066955394484,2.733294895324282,0.9646522162314058,0.08779451802819868
2024-08-04 02:19:39.800,0.15602372644078905,1.6058550421545794,0.17793352788293415,0.09469966205097997
2024-08-04 06:46:00.000,-0.6091146314814219,3.3066774659651017,0.0030098470801667434,0.10645904667761866
2024-08-04 12:16:39.400,8.263803734552688,116.29240893645057,3.602472544567432e-09,0.13504701916072867
2024-08-04 14:10:24.300,-0.97509375651888,7.902230321123692,2.9607827368482373e-05,0.09995981519839257
2024-08-04 15:07:14.100,-0.22509723264111697,0.2697864157699814,0.006094418258803505,0.09020423858087981
2024-08-04 16:50:30.500,0.0035334590465824498,1.3830212513687306,0.0297148244707607,0.08813813081507899
2024-08-04 19:28:15.000,-0.1665696430386835,1.2285049702209818,0.004304993380033157,0.09781773443657006
2024-08-04 21:05:43.300,-0.3059865823033316,1.8458204166353163,0.1420746514551761,0.1686671980611916
2024-08-04 23:50:07.900,0.26520313340406404,2.1487018639526614,0.2704743832803917,0.11568275103776365
2024-06-18 10:15:54.700,-0.7127316452369691,5.445904393274782,0.008539483949831865,0.09570977226188136
2024-08-05 01:12:10.600,-0.2013976847011797,3.2484698891445483,0.0030098470801667434,0.10345238305286361
2024-08-05 02:56:41.800,0.16069486325132346,0.42158508680877915,0.06801920461119272,0.08787072936791737
2024-08-05 04:11:46.600,0.2535500315214405,0.6316567446644292,0.11228360286766195,0.09295672213340851
2024-08-05 05:42:40.400,-0.8137056268525158,28.49269347058523,1.2940880677508261e-08,0.19101689569667632
2024-08-05 08:51:51.800,0.03186749703907203,0.22764207852329177,0.0014264303851701861,0.09439792658388702
2024-08-05 10:48:52.200,0.30207423504488934,2.9203094681749207,0.0009668691315127085,0.11412175243084288
2024-08-05 12:13:29.100,0.5228585150981367,0.9529136834811816,0.8655265369450457,0.12615492056397057
2024-08-05 14:09:33.800,0.21790766388681002,0.48063943569754075,0.5452713464323318,0.0716151737046873
2024-08-05 17:09:25.200,0.4538118755362348,1.4779992701040108,0.0220923622208589,0.0868636320480994
2024-08-06 13:24:52.700,0.20441956950105422,0.2683167129913304,0.9238374197330625,0.09245530798360403
2024-06-18 12:15:47.500,0.8715765240778496,5.192082038006532,0.0001183661896190048,0.12534874098762563
2024-08-07 05:04:13.700,0.17916215527966692,1.2072026373260538,0.1420746514551761,0.09417787631306435
2024-08-07 16:52:33.800,-0.13650352074399894,0.4114960482960637,0.9238374197330625,0.09613276625066534
2024-08-08 13:29:15.500,-0.14855159038370036,0.5820300547481025,0.9238374197330625,0.09621733817804475
2024-08-09 13:49:27.900,-0.05228152982969278,0.8974377964816393,0.9973277498238406,0.0909140828919552
2024-08-11 13:51:03.600,-0.31124758632627325,2.596730634576115,0.000648608042418048,0.08068541201878426
2024-08-11 19:13:47.200,-0.5225642916682642,1.102172936045057,0.220541217580421,0.13256405891423775
2024-08-12 01:11:18.000,0.24837149841175038,2.9073322849203027,1.1150402145378719e-05,0.10632849542890163
2024-08-12 08:23:45.100,-0.11613005879109246,0.6279448287443912,0.9646522162314058,0.09594214413758939
2024-08-12 12:56:24.000,0.21138431490387985,1.4665267947738005,0.9646522162314058,0.09213085391112506
2024-08-12 15:13:12.200,-0.1920208292959503,1.1036595374602367,0.46628639073563594,0.11048364630292466
2024-06-18 14:22:47.200,0.2505441137107067,0.3990673941205092,0.06801920461119272,0.10248496605324899
2024-08-12 19:25:14.000,-0.5711129904548727,2.454644527346561,0.0878382826713132,0.09999551910483799
2024-08-13 00:16:21.500,0.2651214127873631,1.6627485232836632,0.7125821300149116,0.104589603727682
2024-08-13 02:49:56.000,-0.45494258074196514,2.432637877838806,0.32811544409418575,0.1237089756187094
2024-08-13 12:15:58.400,1.0972833454759094,10.385230908880027,2.9607827368482373e-05,0.12817932139366622
2024-08-13 16:44:06.900,-0.13327243580014386,1.0447239201139809,0.5452713464323318,0.09043984764803882
2024-08-13 21:47:31.900,-0.4464809942875362,1.9700866510463442,0.9238374197330625,0.12201902759221962
2024-08-14 10:46:12.700,-0.07392727053591731,0.8611223483204045,0.5452713464323318,0.10380220326967936
2024-08-14 13:37:40.000,0.08344747790786583,0.4314339766357187,2.3797467071606504e-06,0.10596693228829392
2024-08-14 16:24:23.200,0.1543821931132379,1.8814480048072841,0.0030098470801667434,0.12059821610198525
2024-08-15 06:15:54.400,-0.9376615173969649,2.993034934057828,0.0297148244707607,0.16139396365549083
2024-06-18 16:01:16.700,0.06050373403135574,-0.13842817446558708,0.8655265369450457,0.08155704441999816
2024-08-15 13:47:53.700,0.017986888604411437,0.5077726019517379,0.7933622419382523,0.09196329385145405
2024-08-15 17:11:31.800,-0.4619167649731828,1.5070780878338743,0.6284308022715471,0.10925328053597196
2024-08-15 19:00:29.700,-0.19172465299421879,1.1569345864721612,0.7933622419382523,0.09516974896923433
2024-08-15 22:30:17.600,-1.118083572594761,7.566434719449596,2.3797467071606504e-06,0.12135115043463672
2024-08-16 03:01:32.800,-0.3465279496019153,1.1764571959237333,0.9877895282790693,0.10443937796895962
2024-08-16 13:07:46.300,0.2167560184401311,1.5797189022689704,0.39352743357720954,0.12873350982231901
2024-08-16 14:55:49.200,-1.4810259314928969,6.628126761625326,0.0020827633834865906,0.15207478077341552
2024-08-16 16:55:42.000,0.28495041547706756,1.6615523264457348,0.052139087188847716,0.08521531056933955
2024-08-17 01:59:04.800,-0.263070683146592,1.0747712603004773,0.8655265369450457,0.11986036840274544
2024-08-17 15:41:43.600,-0.030055081560155735,1.539074797172817,0.32811544409418575,0.1270463195146129
2024-06-18 17:31:03.000,-0.12582370473965268,0.24331393326919537,0.220541217580421,0.08698998581319226
2024-08-18 01:02:17.700,-0.3660133211581143,2.271819112968693,0.1420746514551761,0.10039948154498553
2024-08-18 13:33:06.900,-0.21218642372718133,1.6721471394817726,0.220541217580421,0.10688855421259215
2024-08-18 23:33:01.600,-0.3007242329393173,2.1408551452951574,0.32811544409418575,0.09908184457996233
2024-08-19 09:47:22.200,-0.35216941737170077,1.4494293760864903,0.220541217580421,0.13742367328868438
2024-08-19 16:53:42.200,3.05913773326276,25.686862584196614,8.056669472003223e-07,0.21618010858701295
2024-08-19 18:57:51.500,0.12302239753576724,4.864092428742927,2.9607827368482373e-05,0.12258072258270496
2024-08-20 00:25:44.600,0.11999572166673786,1.9311300054439915,0.7933622419382523,0.10635799266110658
2024-08-20 05:43:44.100,-0.432632092790283,2.479329835996758,0.0878382826713132,0.1162604030315133
2024-08-20 09:30:35.200,0.8377651630713332,5.021435880396474,0.03956202584899502,0.10377060514532305
2024-08-20 12:40:37.600,-3.192652768836979,45.21166383719137,4.908580954287128e-19,0.123346110292631
2024-06-18 20:02:55.100,0.16954635397780707,0.4151002849002339,0.0297148244707607,0.09842407626414056
2024-08-20 16:00:23.600,0.024155559566350706,2.70258422311106,0.0878382826713132,0.11108670099150339
2024-08-21 08:44:14.400,-0.6383398015389913,2.561674152653703,0.008539483949831865,0.12683962539131793
2024-08-21 17:16:38.400,0.04702397481779516,1.3785701254500822,0.016258459276759563,0.08336045253778383
2024-08-22 12:18:02.200,-0.21596294010623174,2.0290049827028707,2.3797467071606504e-06,0.09952148765968635
2024-08-22 15:25:24.100,0.0028496645878365225,0.8017930566547236,0.9238374197330625,0.09171990710573347
2024-08-23 09:23:59.400,-3.4372389157150005,31.315444014918967,1.2127544312107394e-10,0.1460724160651597
2024-08-23 15:50:39.800,-1.2486617716960222,8.149273302000346,6.734842895808746e-06,0.1270330859302151
2024-08-23 19:05:57.300,0.403963449998865,2.9870417857692964,0.0297148244707607,0.09659702559256234
2024-08-23 22:32:13.700,0.6445721964119455,8.75474585217899,0.0220923622208589,0.10938124945524842
2024-06-11 16:49:19.200,0.3120934309575594,2.8549510532851015,0.0297148244707607,0.11331455612182212
2024-08-24 00:47:20.300,-0.1546896416052387,1.372812653172514,0.1420746514551761,0.09900469972974112
2024-06-19 01:03:58.400,0.32738765709926015,1.1642558942250805,7.536785951251345e-05,0.09517436998387717
2024-08-24 07:28:51.300,0.07623034908312981,3.193610881648995,0.5452713464323318,0.120780782653925
2024-08-24 10:49:46.100,0.06753268639646874,1.662846249174141,0.6284308022715471,0.08686215054157692
2024-08-24 15:32:23.100,-0.3977726193046475,4.040361308762771,0.0030098470801667434,0.1257588935023222
2024-08-24 18:52:40.100,0.23924136666867374,1.1305032516930833,0.46628639073563594,0.11839737567194794
2024-08-24 21:48:44.400,-0.2321061759968423,2.78839927541431,4.7487878961137165e-05,0.11293793990817791
2024-08-25 01:11:02.300,-0.43943434675776144,2.357056296916733,0.0014264303851701861,0.08320359323132073
2024-08-25 06:11:38.400,-0.31809269880848545,1.825980897299643,0.17793352788293415,0.1063902191814533
2024-08-25 09:49:33.800,-0.40133285814192526,2.0010731078237765,0.8655265369450457,0.09057855501670581
2024-08-25 14:30:32.000,0.11122431659274064,1.4137469189244598,0.220541217580421,0.10330098677525988
2024-08-25 21:47:28.800,0.7274707495917028,4.497597695217889,0.06801920461119272,0.12648109568681704
2024-06-19 05:27:58.000,-0.2758002843931581,2.306164019850045,0.0297148244707607,0.10714072801764023
2024-08-26 00:23:36.500,-0.18322838275995243,1.7436878773410776,0.7125821300149116,0.09403124541678985
2024-08-26 05:01:39.000,-0.508004893833092,3.009027689089539,0.39352743357720954,0.09822504409491975
2024-08-26 09:12:16.400,-0.7426641329949286,7.548229992237722,6.865581733487208e-09,0.09060990630659614
2024-08-26 13:22:37.700,-0.27849951561868463,2.2406388171172598,0.220541217580421,0.09751141000417757
2024-08-26 15:43:43.100,-0.14590871603715014,1.1503481928346648,0.9238374197330625,0.1183946911699324
2024-08-26 17:35:05.600,-0.15678543457896849,0.7272932234059053,0.6284308022715471,0.08907534456511836
2024-08-26 21:51:26.500,-0.6979766362862468,3.0758942532477214,0.6284308022715471,0.1085515987925507
2024-08-27 02:44:31.300,0.029418933034267104,3.7896272490759486,0.03956202584899502,0.08702223210352801
2024-08-27 09:43:49.200,-1.1749804325636906,7.134517644527051,0.00018395764501293307,0.11758190954176866
2024-08-27 13:23:15.300,0.16265957621195917,1.0606262522350027,0.46628639073563594,0.0860674548676327
2024-06-19 13:30:47.900,-0.3206166350113035,1.3131329123288937,0.1420746514551761,0.11797070214728392
2024-08-27 15:28:26.600,-0.15673378112913292,0.677326320158536,0.32811544409418575,0.10156298742685517
2024-08-27 19:16:10.900,0.15752928931490573,2.3431002797008826,0.052139087188847716,0.11086430157216655
2024-08-27 21:45:25.100,-3.0464441390030874,29.62685599145452,2.3797467071606504e-06,0.15917416296388182
2024-08-27 23:32:12.000,-0.44164155564220636,3.10679534331209,0.0878382826713132,0.11457885535546287
2024-08-28 01:44:23.600,0.4742746392491105,2.472220718797823,0.03956202584899502,0.09141701725766536
2024-08-28 09:59:12.600,0.26961255056454925,1.91039725997459,0.32811544409418575,0.09804735306448599
2024-08-28 14:02:42.400,-0.023453160132684447,1.0787795115513656,0.46628639073563594,0.07437460173199512
2024-08-28 15:27:52.900,-0.6276726285904076,3.0272657624200416,0.39352743357720954,0.10876303615871914
2024-08-28 17:40:59.000,-0.10396169978174503,0.9350139340842509,0.6284308022715471,0.10401282117530074
2024-08-28 22:10:50.700,-0.7870128304802602,2.3411619145973486,0.32811544409418575,0.14871578187958653
2024-06-20 00:27:15.000,0.13908519835328614,0.6496855375188297,0.7933622419382523,0.09007826272317412
2024-08-29 08:02:07.600,0.003463923342796327,2.4094922292753065,0.052139087188847716,0.10758897830033078
2024-08-29 14:11:50.800,-0.32551313128835446,1.1504318747441262,0.0297148244707607,0.11959239919872339
2024-08-29 18:08:33.500,-1.2286039239564785,5.228483896491241,4.7487878961137165e-05,0.12097274749334387
2024-08-29 19:53:55.100,-0.17363573513510025,1.1955739859739216,0.2704743832803917,0.09423833461168311
2024-08-30 05:43:14.500,-0.8136254585410898,6.257745301795053,0.0030098470801667434,0.16240730234194306
2024-08-30 13:48:57.300,-0.2044162239113427,1.032795409577398,0.5452713464323318,0.10324040307539718
2024-08-30 15:07:28.400,-0.24025159791671785,1.981159048987263,0.220541217580421,0.0956040219135736
2024-08-31 16:29:48.000,-0.48195749199762955,3.633193039843727,0.0878382826713132,0.148082773707838
2024-09-01 13:50:20.000,-0.17019324395792224,1.88891896898458,0.17793352788293415,0.1042656282036202
2024-09-01 18:36:05.000,-0.6034536008096987,2.997538490477835,4.7487878961137165e-05,0.11155915894436236
2024-06-20 08:12:47.000,0.00472869395391767,1.3503854604034373,0.46628639073563594,0.1050515974861024
2024-09-01 23:08:22.900,-0.32975953729577684,1.2004968138637757,0.052139087188847716,0.13718119646809113
2024-09-02 05:38:46.200,0.907491157863834,5.146840656875451,0.0004306111484986726,0.13623496060669701
2024-09-02 13:17:31.300,-0.3258813465435415,1.1588189006172165,0.000648608042418048,0.13480233124355848
2024-09-02 20:46:35.600,1.0747822456216884,6.394879316681514,0.0014264303851701861,0.10655491423086208
2024-09-03 13:30:22.800,-0.6526476459292964,7.240958018354078,2.3797467071606504e-06,0.09898546351256375
2024-09-03 16:09:22.200,0.005622270210420573,0.12516447417817878,0.7933622419382523,0.11850833556775021
2024-09-04 10:58:11.300,-0.035627397824447044,1.349025568089699,0.8655265369450457,0.1006865523633538
2024-09-04 15:24:04.300,0.6218375580212522,4.273812667010127,0.0030098470801667434,0.11858088903572402
2024-09-04 18:16:43.200,-0.8659086303156113,3.7979985274583647,6.734842895808746e-06,0.11444270878166143
2024-09-05 08:16:26.600,0.2312947951309541,3.5011764817344133,0.1420746514551761,0.1131687595564509
2024-06-20 13:10:32.100,-0.3013938368554652,1.375892972385202,8.114129962716335e-08,0.10299595058378846
2024-09-05 15:24:36.500,-0.5369304125934317,5.684141805176033,0.008539483949831865,0.09376623828276738
2024-09-05 21:46:48.300,-0.09905039634544126,3.578543788775768,0.006094418258803505,0.2503384813900161
2024-09-06 12:42:13.700,-0.012424044072535166,1.8286716606149849,0.39352743357720954,0.08276663796320925
2024-09-06 14:36:02.200,0.40423113489857176,1.593530360796425,0.17793352788293415,0.0921577784590416
2024-09-06 16:50:42.500,-0.11529742598698522,1.4889528497679905,0.7125821300149116,0.09392666298754458
2024-09-06 19:18:26.800,-0.1310488996481594,3.8713007615643615,0.7125821300149116,0.09527011440372757
2024-09-07 00:37:18.300,-0.2641806117444865,5.958761198357511,0.0030098470801667434,0.08934057106695614
2024-09-07 17:32:51.000,-0.934304721152974,5.859114509806913,0.2704743832803917,0.11269755939623033
2024-09-07 23:16:00.600,0.17309853502430042,6.353697161397857,0.220541217580421,0.1309309425914037
2024-09-08 14:00:56.700,12.947420845765668,232.7501855799512,5.616971116352186e-17,0.1450875468977596
2024-06-20 15:57:59.100,-4.071694232054543,45.58671585891708,5.951062636424447e-11,0.24668170810932635
2024-09-08 21:03:13.700,9.711687134519352,187.7916130802378,3.432078828289855e-16,0.12986114907580587
2024-09-09 00:58:35.200,-0.05618791345588804,3.3894354397874498,2.3797467071606504e-06,0.08020949505652221
2024-09-09 08:54:54.000,-0.030038785251286747,3.590952985839076,0.39352743357720954,0.13616970280007967
2024-09-09 17:00:27.000,-0.28128281294149954,1.2844077135001681,0.220541217580421,0.07879402888023451
2024-09-09 21:01:03.400,2.0151893803641547,17.525903688572537,1.2940880677508261e-08,0.1060765056620208
2024-09-10 04:16:22.700,-0.13517895856253512,2.3858400961796704,0.11228360286766195,0.12689137989247531
2024-09-10 13:54:07.300,0.041505340162013536,1.280883961634383,0.220541217580421,0.10299575867226932
2024-09-11 01:03:47.600,-0.4758106382622198,3.477668441403022,0.220541217580421,0.10939886465819941
2024-09-11 12:24:12.300,-0.08715898893546768,8.192927520088213,0.0001183661896190048,0.09886735639932995
2024-09-11 17:12:48.400,0.5665749895942274,4.5179710322252875,0.000648608042418048,0.10887510978195648
2024-06-21 00:52:04.400,0.22289596386450933,0.5754090429215752,0.2704743832803917,0.1086775870473234
2024-09-12 02:01:58.900,-0.33041843791868225,1.4863077472116863,0.6284308022715471,0.0909853364888421
2024-09-12 15:05:38.900,-0.45400434178341903,2.158081021831963,2.9607827368482373e-05,0.10293940828064188
2024-09-13 14:09:44.800,-0.6390609248091893,1.4980754457223293,0.9877895282790693,0.11491747094302447
2024-09-13 17:24:46.800,1.5609273113063709,10.553883587235466,1.1150402145378719e-05,0.14911511776840647
2024-09-13 22:41:41.400,-0.33942061852444844,2.6312686539876653,0.006094418258803505,0.11598579061550188
2024-09-15 01:05:25.800,0.7509584631050402,6.6307424642586685,0.0297148244707607,0.2004829125507931
2024-09-15 16:02:48.700,-0.12464506116876939,1.0141182020351902,0.6284308022715471,0.10638956077739102
2024-09-15 19:47:54.900,-0.4549404872080963,1.4964207220748564,0.220541217580421,0.14387068048643584
2024-09-15 23:12:14.500,-0.29024055607689414,5.318334747297694,0.004304993380033157,0.10035495952211865
2024-09-16 01:33:50.500,-1.2254168380416193,6.48030966106889,0.004304993380033157,0.1389368322618969
2024-06-21 09:26:47.200,1.151857347462641,5.57600985443384,8.114129962716335e-08,0.12327052802869998
2024-09-16 05:43:42.600,0.6867490745749718,5.3098191612138805,0.0009668691315127085,0.10041559165373755
2024-09-16 09:43:06.200,-0.7598858438843101,2.100207244955083,0.7125821300149116,0.17306547653599094
2024-09-16 13:42:49.500,-0.14246247808943985,0.42117196910361576,0.5452713464323318,0.11256958097904673
2024-09-16 16:28:36.800,-0.374715248124723,1.1513620428831572,0.9877895282790693,0.14748762478081437
2024-09-16 18:23:08.200,0.3940075781689402,1.76748263700215,0.17793352788293415,0.13723149166598297
2024-09-17 00:36:21.200,-0.3435272683940514,3.2984335787598162,0.220541217580421,0.15171640925778868
2024-09-17 10:03:11.600,0.7074602426424503,3.8012523203721127,0.0297148244707607,0.11314761455664721
2024-09-17 14:09:06.800,0.2520616577578642,0.9133854625930153,0.220541217580421,0.09680923496606768
2024-09-17 15:06:14.000,0.3004302317871642,2.208460715347627,0.32811544409418575,0.11182631091356036
2024-09-17 16:51:29.200,-0.7222684840783193,5.334260440202712,0.000648608042418048,0.1243954992190296
2024-06-21 14:20:58.800,0.2022069951569358,0.4760267519080572,0.46628639073563594,0.11140447204031596
2024-09-17 18:33:17.900,-0.21487828207183438,3.86142655737706,0.0014264303851701861,0.10825723246538045
2024-09-17 23:57:56.300,-0.6116502491358992,3.41087534034496,0.0878382826713132,0.09525331789693721
2024-09-18 04:46:19.600,-0.4949966757827626,2.5863763259661097,0.0004306111484986726,0.21084837947226173
2024-09-18 11:38:32.200,-0.7587928815635857,3.5686856123029207,0.39352743357720954,0.17938820921112636
2024-09-18 13:54:24.400,-0.517854649248049,4.334014934652596,0.11228360286766195,0.08844856059412275
2024-09-18 16:53:12.400,0.0670281060231781,1.9528775197754866,0.46628639073563594,0.09741163915697182
2024-09-18 18:58:46.900,-0.07730015865490972,0.8712710662835432,0.6284308022715471,0.08020705473515997
2024-09-18 23:56:26.000,-0.14541896350907377,1.4237789372828198,0.7125821300149116,0.11204811155574293
2024-09-19 01:10:52.000,0.22904321608988654,1.0391913630025265,0.7933622419382523,0.0927986927565838
2024-06-12 16:11:17.100,-1.297307644219598,6.522346034325093,0.006094418258803505,0.14344105261451762
2024-09-19 05:49:48.600,-1.17738222803036,9.45730772253556,0.016258459276759563,0.10885171604547883
2024-06-21 17:02:19.300,0.09255887899926084,0.48366550309552725,0.46628639073563594,0.09410460436923593
2024-09-19 08:20:08.500,0.9038499135374153,5.122138446813624,0.0004306111484986726,0.10768119638524987
2024-09-19 12:44:03.700,0.367249026816696,2.932598430228432,0.0878382826713132,0.09979703002470593
2024-09-19 14:29:34.200,0.336181145421786,1.4758360744426318,0.06801920461119272,0.10301118489662862
2024-09-19 16:20:02.900,0.2558155505203504,2.0777697596945366,0.9646522162314058,0.10718942716342902
2024-09-19 18:08:28.300,0.5209020921798692,4.5048392514867865,0.11228360286766195,0.11137443864608178
2024-09-19 19:30:26.000,-0.2532854151307344,1.8471999807377468,0.46628639073563594,0.09696416004243862
2024-09-19 22:01:11.200,0.8544632482919462,8.247100982517019,0.008539483949831865,0.08652266811488503
2024-09-20 00:16:26.100,-0.2631135102323866,1.417610932056883,0.7933622419382523,0.10014576950040315
2024-09-20 04:27:37.100,0.5216843701664492,3.282550854842972,0.0297148244707607,0.1268729857933597
2024-09-20 06:40:26.500,0.13054860884888778,3.6560357734545503,0.052139087188847716,0.11520535525234854
2024-06-23 09:15:32.500,-1.3939217924938396,7.19563955117639,0.0004306111484986726,0.12297494571982
2024-09-20 07:40:14.000,-0.08730423264023979,1.2898059853858221,0.004304993380033157,0.10490488908133822
2024-09-20 10:48:16.800,-2.8673690653817197,40.54542077066448,6.753917316595921e-20,0.11760693497146403
2024-09-20 13:13:45.800,0.046907188332519036,0.8020839524656234,0.7933622419382523,0.08416139467195904
2024-09-20 14:56:06.600,-0.11417129572476505,2.15639707649666,0.03956202584899502,0.10770173551192214
2024-09-20 16:51:22.300,0.08909992015621578,1.307290007716583,0.6284308022715471,0.11431963212726558
2024-09-21 00:28:09.700,-0.11727860612590792,2.3444470830436925,0.011843449760085422,0.11968852482517411
2024-09-21 03:32:42.900,-0.17750017357824105,2.4314894796086115,0.32811544409418575,0.187239456091772
2024-09-21 14:43:23.800,-0.048629356191894624,2.3530427170971846,0.9238374197330625,0.1278074126955772
2024-09-22 00:10:49.500,0.22378143622396748,1.7035970899012174,0.32811544409418575,0.10130043268431214
2024-09-22 05:01:25.100,2.2440824019270074,18.223903723469626,2.6127403909667314e-07,0.122544275063043
2024-06-23 20:59:47.000,-0.15664200110288795,1.5132270899208322,6.865581733487208e-09,0.08641059848460679
2024-09-22 10:13:56.100,-0.35076114348281145,1.2734429063688406,0.0220923622208589,0.13474393206839072
2024-09-22 13:46:12.500,-0.08248755625297147,2.8014233979886534,0.0014264303851701861,0.10363584724441324
2024-09-22 15:20:37.100,-0.10461086719793644,2.5462600319780186,0.8655265369450457,0.12029969315933153
2024-09-22 21:50:13.800,-1.1151874692324772,5.520523771055689,0.03956202584899502,0.1196044794953138
2024-09-23 01:27:46.100,0.030421424362606593,0.8706361414654715,0.5452713464323318,0.09496762615706818
2024-09-23 04:16:17.700,-0.9199063227768529,6.294701002503221,0.008539483949831865,0.11382421707076318
2024-09-23 06:57:34.700,-0.20189885500238508,1.8278118398234593,0.32811544409418575,0.08602602971468211
2024-09-23 09:54:00.400,-0.004773463146788047,1.8479787309601265,0.7933622419382523,0.11790712092872756
2024-09-23 14:14:18.700,-0.48847633002324226,4.47680633140777,7.536785951251345e-05,0.1212876414511472
2024-09-23 20:58:08.300,1.1458140171577735,27.400276783847858,9.594235055800515e-10,0.18186800310548915
2024-06-24 04:47:28.800,-1.3928237976116613,7.899087882693159,0.0014264303851701861,0.12599058774724456
2024-09-24 01:13:05.500,-0.2177764810212933,1.5022342309471082,0.5452713464323318,0.08607317959833527
2024-09-24 09:02:03.100,-0.0641850466181788,2.2999775500717385,0.006094418258803505,0.12448870666639617
2024-09-24 13:55:20.700,0.20754886791525168,1.8947867853524833,0.052139087188847716,0.07388323863096616
2024-09-24 16:31:15.900,-0.17361038570986262,1.920613611316126,0.39352743357720954,0.08268850115044118
2024-09-24 22:19:32.700,0.34959444769991516,2.087989981059211,0.2704743832803917,0.1072255461962156
2024-09-25 00:59:28.900,1.072022594559015,7.52886976263645,0.004304993380033157,0.11864696085280677
2024-09-25 04:01:13.300,-3.0299594914566295,38.099544848970716,1.8694649189611297e-09,0.11354649327214188
2024-09-25 06:54:33.300,-0.5036286802516804,3.023078222297161,0.008539483949831865,0.10028985919257434
2024-09-25 14:23:53.900,-0.6710059452749167,3.2207707137362984,0.016258459276759563,0.09155815148560112
2024-09-25 16:28:52.100,-0.12917319014425774,3.994090590283264,0.0220923622208589,0.1366555713243451
2024-06-24 08:34:37.900,0.20747663475557385,0.5134830213119397,0.32811544409418575,0.08809792638755148
2024-09-25 19:19:11.400,-0.45066245754460665,5.442751002941728,2.3797467071606504e-06,0.10350170567681743
2024-09-25 22:56:34.800,-0.42517174204193264,2.3105364083389315,0.220541217580421,0.12062248438072147
2024-09-26 00:57:06.600,0.14181656035594076,1.0166843835244714,0.8655265369450457,0.10936174009546618
2024-09-26 06:03:19.700,0.35480725556111775,3.7147069344545898,0.052139087188847716,0.12168927445755205
2024-09-26 09:12:49.700,-0.24568368787513387,5.044574341675851,7.536785951251345e-05,0.08814208487485886
2024-09-26 11:37:04.900,-0.14137351067643122,1.1907162802353604,0.06801920461119272,0.10030440652156813
2024-09-26 13:23:02.000,-0.0824463712455394,0.9050228839803482,0.9238374197330625,0.0953833679735881
2024-09-26 15:23:38.900,0.2979907906419575,1.7418993358265435,0.46628639073563594,0.10608285323329629
2024-09-26 17:14:41.000,0.17188316544282578,2.0635230035946943,0.11228360286766195,0.09502904843646359
2024-09-26 19:35:19.800,-0.5027264600322355,5.87268012550877,7.536785951251345e-05,0.10705935054207717
2024-06-24 10:49:09.500,0.17970372792789813,0.6386926882268553,0.8655265369450457,0.09741208118190879
2024-09-26 22:27:10.800,0.055657127983381655,1.8298109542289964,0.5452713464323318,0.13160304399350287
2024-09-27 01:16:05.500,-0.7105289497223309,4.825018108760045,0.011843449760085422,0.11905339676025932
2024-09-27 06:25:03.300,0.8367401420432925,3.2750637902289537,0.7125821300149116,0.1221654731387093
2024-09-27 09:04:50.600,0.3645542933951259,2.318844688509131,0.016258459276759563,0.10205646399029297
2024-09-27 10:38:04.600,-0.17038917398443224,2.3413922842318584,0.39352743357720954,0.10155834571318587
2024-09-27 13:56:12.100,0.36022353070535146,1.2682977972978975,0.06801920461119272,0.09194218840463458
2024-09-27 16:48:45.900,-0.17960654493845218,2.162242672472088,0.0220923622208589,0.096313264717876
2024-09-27 19:38:31.600,-0.8470146499400226,3.7542899996173205,0.5452713464323318,0.13510881004650002
2024-09-28 01:10:37.200,0.7301161746767147,4.85080989440528,0.0220923622208589,0.11719712071838666
2024-09-28 04:27:29.600,0.043059165859696484,1.9957686552013545,0.39352743357720954,0.11847470048890542
2024-06-24 15:05:46.900,-0.1462199925841158,0.8058980108762563,0.2704743832803917,0.10328870591323734
2024-09-28 07:44:54.400,-0.3760611765868479,4.107863032695722,0.1420746514551761,0.10590270243732529
2024-09-28 11:42:14.300,-0.12961068740315862,6.521054585889365,6.734842895808746e-06,0.12765832745284975
2024-09-28 14:12:56.700,0.4048039693696475,5.769884831010284,2.3797467071606504e-06,0.10147186514843283
2024-09-28 17:34:21.000,-0.6003506903521459,5.389337113972257,0.006094418258803505,0.09293511231320516
2024-09-28 22:54:47.400,-0.13926293787122207,2.3877004468988208,0.46628639073563594,0.10911044001019332
2024-09-29 01:17:18.600,0.9081626357386458,3.5245282097077446,0.052139087188847716,0.15649434084303895
2024-09-29 04:16:57.400,-1.2520086269136081,7.758859862992452,0.0002829222008740643,0.11227974562856471
2024-09-29 06:41:43.500,0.23302012851853643,2.3626258181174933,0.0004306111484986726,0.1084585522275524
2024-09-29 08:30:27.200,0.22973856098736112,2.127747358673564,0.46628639073563594,0.09373436728097372
2024-09-29 12:29:34.100,-0.2818689524773917,2.3191896317272,9.594235055800515e-10,0.11001570879757189
2024-06-24 17:17:10.400,-0.4996454442508705,3.9965497702222876,6.734842895808746e-06,0.12037999114656353
2024-09-29 15:07:49.200,0.169143237370619,1.2117135486108523,0.7933622419382523,0.12035996928473847
2024-09-29 20:07:47.100,-0.2970491063745312,2.618156162613319,0.0020827633834865906,0.08528876680596703
2024-09-29 23:44:33.900,0.3802963602689062,2.1812807688598896,0.6284308022715471,0.09900595482675172
2024-09-30 01:19:06.800,-0.8082389456277052,6.1355066362551405,0.0009668691315127085,0.11297984851610272
2024-09-30 02:31:29.100,0.1924957817293235,1.3982852095062226,0.39352743357720954,0.10485987871249519
2024-09-30 05:24:42.700,0.894682627993828,8.562251935030128,0.0009668691315127085,0.08837279047013578
2024-09-30 07:10:49.600,0.05312939941073945,1.5233673468713054,0.7933622419382523,0.08261181206089047
2024-09-30 11:21:18.400,0.634387439413412,3.464240858822752,0.39352743357720954,0.118116525512993
2024-09-30 13:46:28.800,-0.8186593602274373,7.280513701266543,4.7487878961137165e-05,0.0851109176067754
2024-09-30 16:03:37.900,0.08195531936542637,2.018601752087754,0.7125821300149116,0.11365064877309346
2024-06-24 19:21:06.700,0.2910293629844469,1.6100710780411127,0.0297148244707607,0.10088412110922178
2024-09-30 20:11:58.800,0.31047861700609736,3.0085123624506025,0.5452713464323318,0.12767976949863674
2024-09-30 23:12:20.600,0.0300340679415038,3.3225700711161172,0.0004306111484986726,0.09581801561310471
2024-10-01 04:45:00.500,0.19634962572698064,1.63605559221645,0.7125821300149116,0.10255760009811649
2024-10-01 09:41:44.700,0.826207094780821,7.917068284786023,0.011843449760085422,0.1306837091039828
2024-10-01 13:15:38.300,-0.010446482255947642,0.5304724454577645,0.46628639073563594,0.0850839435707264
2024-10-01 15:05:10.000,-0.8182640912964034,5.84459480077836,1.3921047931216453e-06,0.09809666279279389
2024-10-01 16:51:00.100,0.3680315535547661,2.9473806342245545,0.0220923622208589,0.09190559002008394
2024-10-01 18:21:55.600,-0.2537264360967809,1.088310439745519,0.9646522162314058,0.10784206924226519
2024-10-01 18:56:10.000,-0.02106995339799767,1.3645646228542248,0.004304993380033157,0.07612469915967959
2024-10-01 21:00:50.800,-0.3633714408910107,2.009576056160393,0.9238374197330625,0.10461968184459704
2024-06-25 00:08:29.700,1.5146109281184768,9.435772846568272,2.9607827368482373e-05,0.12368246998934963
2024-10-01 23:42:08.000,-0.041727201086385904,1.280518686113699,0.32811544409418575,0.1055957000310473
2024-10-02 02:12:52.400,0.24043815926088644,2.14099328353419,0.016258459276759563,0.08765863759291222
2024-10-02 07:49:24.400,-0.22579510082095336,1.4140328205968569,9.594235055800515e-10,0.09758289576268929
2024-10-02 11:01:39.400,-0.16322925650496445,0.638781954230411,0.9646522162314058,0.08233941157520606
2024-10-02 13:47:18.500,0.050175643052448,0.18010683173353437,0.9877895282790693,0.08701734894010668
2024-10-02 16:22:03.200,-0.014788555109067921,1.0061253722645018,0.0878382826713132,0.09046766354606756
2024-10-02 18:27:32.000,-0.24719044025198988,2.2840797026944717,0.11228360286766195,0.09980139721422807
2024-10-02 20:03:56.800,-0.13573047214538078,1.0860853401742308,0.9238374197330625,0.08967448768541329
2024-10-03 00:35:45.200,0.11172809851884802,0.9459006309335525,0.7933622419382523,0.09616779789563014
2024-06-13 01:32:01.700,0.11783087807291753,2.8901979561774587,6.734842895808746e-06,0.1003977915664508
2024-10-03 05:15:51.100,-1.344656695215019,6.385291543148586,0.006094418258803505,0.14479845011804793
2024-06-25 03:26:47.200,0.18770752822135417,1.7912545676199274,0.7125821300149116,0.10093139180067759
2024-10-03 08:51:43.500,-0.24240941501090593,1.5962763151312123,0.9646522162314058,0.08962797008164254
2024-10-03 14:02:43.700,0.04911949451174375,0.7582124687923484,0.9999920612641017,0.0716453041510073
2024-10-03 15:54:49.300,-0.07279813520907467,0.9921538187461794,0.7125821300149116,0.0790850814057236
2024-10-03 18:13:13.700,0.2725068453762881,2.0321674342783336,0.6284308022715471,0.09734825630930495
2024-10-04 00:17:12.500,-0.360619339584318,1.4837366602464384,0.7933622419382523,0.09913434261091461
2024-10-04 04:30:37.600,0.19411618106100667,1.3947062043839953,0.2704743832803917,0.11070857917162188
2024-10-04 13:38:03.400,-0.06008765552577844,0.5145233720881879,0.9646522162314058,0.09992568328269347
2024-10-04 21:14:00.900,-0.7208558333494398,5.761075157572796,0.39352743357720954,0.123446681621897
2024-10-06 14:43:00.900,0.19001000481343613,2.0328748012162077,0.052139087188847716,0.07099394345349389
2024-10-06 17:26:48.600,-0.627317840932632,3.143561315565222,0.06801920461119272,0.11112580462873337
2024-06-25 08:00:11.000,-0.5144174870194376,3.508947320442127,0.052139087188847716,0.1047408961197849
2024-10-07 00:12:45.700,0.3697265860220077,1.103024651287189,0.9997218397355462,0.09869249060019943
2024-10-07 09:09:55.100,-0.019594646561123745,2.6833699751829334,0.052139087188847716,0.09682736674850262
2024-06-25 11:16:11.500,1.80784099397013,12.968551435244521,4.7487878961137165e-05,0.13085950813862407
2024-06-25 15:17:45.300,0.21974484963029986,1.8305441690100377,0.220541217580421,0.09069628408031008
2024-06-25 18:12:25.900,0.7946798892068123,4.975315364459798,2.3797467071606504e-06,0.0779545582437773
2024-06-25 20:46:36.000,0.32608599286941764,6.255119711664193,0.0014264303851701861,0.0953272426344859
2024-06-26 01:41:32.000,-0.01641722019986013,1.800308354441075,0.0004306111484986726,0.08235008014055918
2024-06-26 04:14:50.200,-3.4085473631556336,33.106546213155255,1.4639479233432268e-07,0.1267896142552243
2024-06-26 07:11:19.900,0.6878671662915573,2.7667665241324952,0.0297148244707607,0.11521009980419482
2024-06-26 09:45:51.800,0.8777764231738581,3.1743015572421616,2.9607827368482373e-05,0.11216225408520332
2024-06-13 10:47:02.000,-0.4259541538215543,3.661669846170037,0.052139087188847716,0.09296914473257453
2024-06-26 14:49:17.400,0.08106049249912597,2.2769068328072173,0.004304993380033157,0.10484395415020817
2024-06-26 19:25:34.800,1.2183948369689108,7.5626768071829815,0.0002829222008740643,0.10255735926796926
2024-06-26 23:56:02.800,0.27781896904025505,2.8487121989268793,0.46628639073563594,0.11572369376471318
2024-06-27 03:12:19.300,0.128719850545148,2.588606180313059,0.008539483949831865,0.11703717615164363
2024-06-27 06:06:59.300,-0.14053996120310028,2.3813182959656922,0.0020827633834865906,0.10570035654071516
2024-06-27 10:31:37.700,-0.5347329605247552,1.977105820916032,0.016258459276759563,0.10840378896036086
2024-06-27 13:07:32.500,0.05690105090288942,0.933037461027614,0.006094418258803505,0.07354999859498632
2024-06-27 15:01:29.100,0.20947723385820535,1.3621795758906439,0.00018395764501293307,0.09070728546185534
2024-06-27 22:32:41.600,0.5009063964727198,3.050465725137455,0.46628639073563594,0.12856689936896376
2024-06-28 01:11:45.000,0.10942542074295562,0.23657403194746562,0.7125821300149116,0.09603278885194914
2024-06-13 14:03:51.000,0.29512654126217086,1.9564399588582226,0.32811544409418575,0.1121033955258761
2024-06-28 02:29:52.000,-0.07148832492866747,1.4012871742111361,0.008539483949831865,0.10194085203597814
2024-06-28 05:40:50.500,0.04810538741995781,2.166036761345884,0.17793352788293415,0.12184120254554452
2024-06-28 12:41:54.000,-0.22565450424125594,2.184948321107644,0.03956202584899502,0.08409635023513017
2024-06-28 14:55:53.000,-0.0012232448487672766,2.3265361982349653,0.03956202584899502,0.0861413661226808
2024-06-28 16:48:37.200,-1.4951007094400532,9.788050490723274,1.1150402145378719e-05,0.11219694455217882
2024-06-28 18:52:58.600,-1.8994350252763814,13.717711378384124,0.00018395764501293307,0.1418192080285846
2024-06-28 21:11:19.800,-0.22485698017484554,4.168994211973359,7.536785951251345e-05,0.14328975518903553
2024-06-29 19:05:53.300,-2.9874495037127673,23.76731889220586,2.6127403909667314e-07,0.14035084917272572
2024-06-30 00:56:10.800,-3.5203476696267795,48.5558978067652,2.231131384195642e-17,0.11127953855919037
2024-06-30 07:16:03.000,0.31510879729782404,1.8797584192904493,0.0014264303851701861,0.11473571660316173
2024-06-13 15:23:29.400,-1.1741798545035118,10.529615226963015,1.3850840057169374e-11,0.10105334966826611
2024-06-30 15:48:18.600,12.091530395205945,232.66222778968287,1.8323127534838935e-19,0.14067820461589808
2024-06-30 20:30:37.100,0.09216141805439644,1.098571190545293,0.8655265369450457,0.09627584747222853
2024-06-30 23:49:50.000,-0.06377759681871228,3.3977572152877986,0.0020827633834865906,0.10896763757594037
2024-07-01 04:00:36.300,-0.27075878048520513,2.89968195634464,0.0878382826713132,0.13363971380936637
2024-07-01 09:00:21.700,-3.5890848421585924,43.27174470894226,2.5656301025789152e-14,0.11605025495363357
2024-07-01 12:49:15.900,-0.000505117277928981,1.4139514303931744,0.5452713464323318,0.09141582373948094
2024-07-01 16:49:42.200,0.22678889430972765,1.5759944718976389,0.11228360286766195,0.10061244128760452
2024-07-01 22:03:21.100,-0.6866374613349888,3.262241806268417,0.000648608042418048,0.11213046909176924
2024-07-02 05:47:43.000,0.12861748651508187,1.9461783341605123,0.9877895282790693,0.11535756741861895
2024-07-02 07:55:39.900,-0.4134063201523763,2.1124158648265876,0.46628639073563594,0.14263823020049865
2024-06-13 19:35:36.000,-0.08311680722272839,2.1667919286436366,0.220541217580421,0.1719940732456075
2024-07-02 15:10:35.400,0.23652505307462987,0.6502988102138936,0.7125821300149116,0.12114831375426201
2024-07-02 23:56:02.300,-0.04159131009441776,1.9684568588003097,0.7125821300149116,0.12642475326343094
2024-07-03 03:24:51.400,0.2037493202717083,1.8035151383900754,0.06801920461119272,0.1042178266916047
2024-07-03 08:14:43.300,0.23345273619594079,1.9049599534985209,0.46628639073563594,0.1272597471245263
2024-07-03 11:42:46.500,-0.7958999211792819,3.5572216052773182,6.734842895808746e-06,0.12141519143998979
2024-07-03 13:16:13.100,0.012821125657222963,0.38199451758439373,0.32811544409418575,0.0932820549304537
2024-07-03 15:14:33.000,-0.017592718698760768,0.9406793627664904,0.46628639073563594,0.10925900512392188
2024-07-03 17:11:41.300,-0.3740352553145006,2.7099487285601427,0.000648608042418048,0.11522291537618626
2024-07-03 19:29:50.000,0.037548657685539714,0.6215745547135825,0.8655265369450457,0.10457745757886529
