score,vol,r_vol,theta_0,theta_1,r_theta,sigma_0,sigma_1,r_sigma
30.91205499359967,0.0001182528000949,0.783902464754646,0.0267930921976869,0.0229914526333239,0.8581112050705679,5.456504654648962e-06,4.198501192843344e-06,0.7694488429082903
-169.5727322595235,0.0002955624177977,8.374329565361478,-0.023180892939771,0.0255191989758406,-1.1008721295657142,1.7810237663779298e-06,1.4220444533866902e-05,7.984421545809598
-137.17428308412428,9.753932708076176e-05,1.4783908199474256,0.017372928550325,0.0331857746978079,1.910200378806427,2.933830240113135e-06,4.350415912872473e-06,1.4828451399099054
-79.24531352756723,9.331893584347368e-05,0.9767170427515536,0.0262892172668289,0.0273421053728897,1.040050188462221,3.690121596171808e-06,3.5472086104630617e-06,0.961271469791942
-160.08848694505494,6.779234988661703e-05,1.2304884621948333,0.0254011188297349,0.0134625537151057,0.5299984542155793,2.5983140249517955e-06,3.1334341383872168e-06,1.2059489762579214
-35.294244670108,7.321386056780605e-05,1.0752599235740368,0.0219942796939231,0.0377414655914081,1.715967338627405,2.9522713092810405e-06,3.1252062480377954e-06,1.0585769127021287
-95.62725241011552,6.739640425596433e-05,0.8739920377144224,0.028894648255533,0.0245439044954022,0.8494273499488707,2.904193936807836e-06,2.4984137151039834e-06,0.8602778497121067
-84.50189558339024,9.303645656023106e-05,1.3782180182279389,0.0198646940152684,0.0266725172448995,1.34270969512032,2.942723139520537e-06,4.047256963947935e-06,1.3753441190554412
-312.5628159926973,0.0001349841632025,0.6758487696729478,0.0485994861650868,0.0287052940648837,0.5906501555875554,6.049300026956987e-06,4.004958360511563e-06,0.6620531867595597
-93.5513670583668,5.498667074929366e-05,1.2227095827392274,0.0339407598845343,0.0371000059481152,1.0930811824581577,1.863819704717557e-06,2.269964265730325e-06,1.2179097903004064
-39.17390986697326,5.502474877879948e-05,0.6521303227813281,0.0301235872199332,0.0275595224892077,0.9148818262577728,2.5079411308881086e-06,1.627355317536443e-06,0.6488809874736439
-108.99416197925687,9.899689982005875e-05,1.5703930259145062,0.0258017975946726,0.0350974513385627,1.3602715551031763,2.7536939801768768e-06,4.242239016043993e-06,1.5405629843340485
-169.4566073084057,8.48364282184931e-05,1.0651955541531126,0.0346191676142159,0.0239848692727192,0.6928205074136471,2.895247301211222e-06,3.018559272392974e-06,1.0425911704088853
-80.1145535896046,6.75739709945734e-05,0.9151529859128906,0.026574724062383,0.0279238454626505,1.050767089701496,2.576722322802769e-06,2.324678767247929e-06,0.9021844327871988
-85.06304381680691,5.208178182930355e-05,0.8540742694571242,0.0249880535290286,0.0272102692084431,1.0889311237000894,2.1173608436550493e-06,1.803874772862436e-06,0.8519449003073727
-98.41469488481194,5.900978973430401e-05,1.2894947020041405,0.0207126891225459,0.0270261153498575,1.304809587492889,1.897033793045021e-06,2.419790536993496e-06,1.2755653303937051
-178.28896979956147,7.288261544557842e-05,0.6796826928592901,0.0255590562087439,0.0279788421892503,1.0946743088142126,3.2715554301175208e-06,2.2190473035497773e-06,0.6782851004514586
-131.73775388597062,6.949753547365792e-05,1.0255082578153756,0.0284129460927458,0.0238802015744485,0.8404690417001662,2.6953056000275576e-06,2.708014504857919e-06,1.0047151999499542
-29.45110568223672,5.612741665963249e-05,1.4407075073046598,0.0183136612658017,0.0395820451598806,2.161339809958952,1.7113525791447826e-06,2.4304259266017867e-06,1.4201783759933024
-48.28242187414246,9.024265436130624e-05,1.543241754542221,0.0222258962290415,0.0282674190176104,1.2718235848089092,2.5436589138434384e-06,3.850014345632219e-06,1.5135733508447848
-67.4363075013429,0.0001079963086231,1.926522981966311,0.0186528059164038,0.0609120845754342,3.2655722065850883,2.4997084419922373e-06,4.781019727875109e-06,1.912630948297592
-46.54151310469344,0.0002183322506475,2.8823134564344834,0.018566975875242,0.0507190236785503,2.7316793008914817,3.553026675451623e-06,9.832527716617148e-06,2.767366703028578
-73.20599617693675,5.8890471275169416e-05,0.772849117881253,0.0285802750062891,0.0262324661886852,0.9178521264372976,2.375355358404285e-06,1.866939034002496e-06,0.7859619940220933
-99.65482673346236,6.422162784624511e-05,0.7201652785905602,0.0310813482835863,0.0226419013316823,0.7284723019444808,2.665190332741852e-06,1.8832797086117995e-06,0.7066210939893169
-84.37455577130528,0.0005411439932786,2.872109026606638,0.0374569671135566,0.0644507088033493,1.720660100641812,8.429409076909796e-06,2.2352339459537776e-05,2.6517089460951984
-70.52696437501747,6.127769781047928e-05,1.0682360125623023,0.0178835819760974,0.0239937998394028,1.3416663323640745,1.971723299086414e-06,2.1185360322840813e-06,1.0744590953840694
-44.405606367307534,0.000117011766739,0.7320630068997385,0.0175656898505142,0.0205269181626468,1.1685802457707568,4.429230296621796e-06,3.2095245839671806e-06,0.7246235506009039
-128.42689403587045,0.0001221102495841,0.9750248218133617,0.0212182678467283,0.0330153718907701,1.5559880820271963,4.112582953728191e-06,3.993506749139341e-06,0.9710458838329564
-113.51169791318588,9.621176260045464e-05,0.8393137070651612,0.0215615858177112,0.018811859984947,0.872471076292287,3.476102699368621e-06,2.8802838182589872e-06,0.8285957197933609
-127.58607662271729,9.669819961491946e-05,0.9937534619110024,0.0169788801271631,0.0209731431256491,1.2352489073820536,3.1193484594059067e-06,3.118700241397138e-06,0.9997921944222634
-68.24861076907241,9.542816412682e-05,0.7067710726866402,0.032129263504265,0.0266389364736011,0.8291175572718912,3.679199543098909e-06,2.5802517919892377e-06,0.7013079235751233
-49.60072593278581,0.0001321074982382,0.821634546361072,0.0283928704336398,0.035892090675553,1.2641233565813788,5.223935324540412e-06,4.274779000044092e-06,0.8183062642377135
-139.98095692461948,7.942280387421391e-05,0.8214174079520821,0.0406890611442288,0.0230888031185132,0.5674449709387805,3.246708557329007e-06,2.6264840857583435e-06,0.8089682333295392
-62.99355584956208,7.222266663313761e-05,1.1952732187756225,0.0186678180820418,0.0275965572340446,1.4782958090100604,2.3518663059848807e-06,2.7693784655614078e-06,1.1775237642182586
-100.74545083272616,5.940408462024224e-05,1.001834610580377,0.0221373621261189,0.0212054968615074,0.9579053159404214,2.124768669568499e-06,2.117176939660882e-06,0.996427032261748
-138.64439873251126,6.700955583164805e-05,0.9884980602812513,0.0148647590534484,0.0362635179733091,2.43956311992131,2.552316637381513e-06,2.489950300696672e-06,0.975564812072524
-279.53204076543,0.0001098202807685,0.7129230142255951,0.0400965192733952,0.0310301651581489,0.7738867542734079,4.720125330600514e-06,3.2816356984911188e-06,0.6952433396664947
-133.0908069708711,0.0001839902656541,0.4582955568408218,0.0475204965956886,0.0309723165961333,0.6517675280132357,8.531678083976222e-06,3.811630292658819e-06,0.4467620853882937
-59.14641400704588,6.694541571667275e-05,1.0451644076405036,0.0233255496134331,0.0318058566996368,1.36356301252254,2.253345094307353e-06,2.36593482095191e-06,1.049965594230992
-170.6914646108625,0.0001097799361212,0.6656960114544668,0.0174790036589897,0.0210123756673441,1.202149509050367,4.515295449147846e-06,3.066628970905227e-06,0.6791646317372166
-189.0789927647804,0.0001028531371634,0.7675696410529596,0.0398403248036406,0.0371507609793585,0.9324914182417424,4.164395018421556e-06,3.235934136221274e-06,0.7770478357376867
-173.7958707019065,7.682782816676241e-05,1.0254816885949927,0.0237364706986115,0.0207554616752049,0.8744122889515772,2.729593545630961e-06,2.7531257277110814e-06,1.008621130467496
-167.70911269234196,4.936760494472735e-05,1.1950103209548206,0.0238730038756029,0.0360906576865693,1.511776979329039,1.6698648050348245e-06,1.957735522663123e-06,1.1723916312029194
-211.07720329163925,5.7134581921935984e-05,0.7543448021849206,0.0227303104119541,0.0133662576614358,0.5880367412143374,2.263087216892733e-06,1.7021570574729014e-06,0.7521393982375983
-58.60185735356441,9.790116049559328e-05,2.5137167523055917,0.0156583746733574,0.0275643044868545,1.7603554048144523,1.6571677606399452e-06,4.059919628045665e-06,2.449914682432546
-122.4080680549948,7.025389275302319e-05,0.9302703971146178,0.0259188862372294,0.0216461120685152,0.835148234009497,2.451104352876232e-06,2.2551657822707145e-06,0.9200611061803248
-107.61288195517648,7.598764791220028e-05,1.0118380606656312,0.0199722317472128,0.0242173533691941,1.2125511898575725,2.5691029730319397e-06,2.565960329709416e-06,0.998776754627778
-44.61997340617212,6.230748163359385e-05,1.0214390668748636,0.0342362599075916,0.0315720657150612,0.9221820899910989,2.072419438171167e-06,2.1244090383947897e-06,1.025086427615011
-203.6587143663368,0.0001252531403137,0.999075193013059,0.019924373517007,0.0304479618733577,1.5281766248443356,4.229933186380214e-06,4.2703627558940605e-06,1.00955796882183
-20.89550585758253,7.088897970424186e-05,1.4943415471214843,0.0181916723508543,0.0199813349751323,1.0983781254280345,1.8631252749490144e-06,2.7921940171876296e-06,1.4986614452235585
-101.4784190369636,6.630807463962647e-05,0.8216712278906335,0.0283262423805316,0.0185421667498973,0.6545932390468123,2.6513396501908352e-06,2.147088382229344e-06,0.8098126477589557
-189.59826205426333,7.998739820299427e-05,0.7451300104083066,0.0272065048723882,0.0460327464742676,1.691975749556351,3.441380197207313e-06,2.53512594458631e-06,0.7366596537759966
-60.31970029864826,5.166662434672202e-05,1.1051725409673983,0.0233373587929597,0.0266067801515311,1.1400938892689794,1.8023693979188475e-06,1.987202484450846e-06,1.102550058132046
-223.2076674701904,9.145817951525184e-05,0.8492327744260327,0.0270346132333292,0.0295364353570082,1.0925414431523923,3.849338329778691e-06,3.188653475356085e-06,0.8283640465397618
-531.468080062354,9.632599661163756e-05,0.9123060281634204,0.0247770289401713,0.0452611664307354,1.8267390549539528,4.0682464173358126e-06,3.6909079697268382e-06,0.9072478879349488
-175.24502628212656,9.624779777831604e-05,0.8581486135283571,0.0492443238373292,0.0267901925279215,0.5440260001623461,4.242613328539918e-06,3.627855942757271e-06,0.8550993601874592
-77.53407862930061,5.14182200247854e-05,0.8909650075893002,0.0361727866428875,0.0274465611387053,0.7587626966556089,2.226726184236767e-06,1.965429485196249e-06,0.8826543196508554
-168.50300295429813,8.3308396159382e-05,0.8807275808555082,0.0334944236484509,0.0230393081623331,0.6878550413092032,3.583219873973784e-06,3.247339064252135e-06,0.90626285253627
-204.99623550126395,0.0001112656922299,2.5945081768359906,0.0221957105400329,0.0484038389127013,2.1807744710582027,2.102154450307204e-06,5.471170674446315e-06,2.60264923619041
-146.6174008157747,6.800182159686765e-05,0.8074921081880293,0.0308350397452793,0.0248285639468103,0.8052061600021581,2.959054961908094e-06,2.435728971137104e-06,0.8231442141130314
-103.3523054486724,6.767836953347917e-05,0.8927125983697015,0.0227988729865657,0.0268514181819548,1.1777519966788306,2.8865072229336734e-06,2.542875693830385e-06,0.8809524790469634
-39.79363951874736,6.272633233193978e-05,1.1968644876495926,0.0298923122296867,0.0353148343432138,1.1814018959745056,2.1646716767816708e-06,2.6505522798480823e-06,1.224459260163091
-108.13262626122444,6.891156056796549e-05,1.246715229572147,0.0162453051377429,0.0273511158417637,1.6836320161336034,2.423904457170088e-06,3.002009913249896e-06,1.2385017504999958
-48.948124527954384,4.965357081117684e-05,1.3728904857374502,0.0136853392842001,0.0214324273938041,1.5660866675441574,1.6547113631736433e-06,2.2396446097098183e-06,1.3534956364923405
-106.95911150621464,5.48916396049256e-05,0.7096064776483565,0.0374713150180642,0.0261463209004486,0.6977689704202786,2.550247380263501e-06,1.7992263587763967e-06,0.7055105213324417
-53.74073692566528,4.85453643761429e-05,0.9824999314672658,0.0332738381332865,0.0266892697317225,0.8021097423390738,1.888418003072816e-06,1.8553861410709368e-06,0.9825081830674512
-83.29408984819193,5.8980425438746665e-05,1.0108418664503072,0.0251239614680876,0.0254821285053525,1.0142559937341038,2.2766029981408137e-06,2.2810281617196488e-06,1.001943757248167
-158.68648390607413,0.0001000378796204,0.8609140333287972,0.0418087826428173,0.029557650271593,0.7069722771914032,4.189678366043996e-06,3.685863476426131e-06,0.8797485521320386
-71.07384833043223,6.697158560290543e-05,0.9715914225720377,0.0286900113257473,0.0316950396218109,1.1047412725615364,2.647676568531964e-06,2.574301455484528e-06,0.972286980245431
-69.33665675144591,4.589640726449259e-05,1.0510540276007736,0.0274704023801044,0.0284529052206216,1.0357658700051948,1.7982389148562098e-06,1.8639104729396748e-06,1.0365199293269194
21.624910896941167,7.202813646087936e-05,0.9945639612673562,0.0231789668265606,0.0241806949426537,1.0432171167761124,2.900915558553669e-06,2.8556190263557585e-06,0.9843854358103088
-89.2490762426704,6.235170535278982e-05,0.8029118416351451,0.0305791824401097,0.0419051701425994,1.3703822927467744,2.6325799788875144e-06,2.138459917921354e-06,0.8123057742105265
-46.0201981002907,4.3111521084666845e-05,1.0505746863066066,0.0204461087478806,0.020451132319659,1.000245698183471,1.633682441831746e-06,1.7197013771174365e-06,1.0526534001242265
-180.1789860085304,6.774429947273637e-05,0.8438519296605441,0.0178433546764779,0.0309386565913359,1.7339035821622064,2.8815688477027238e-06,2.404703816857691e-06,0.8345120120155366
-66.61959880792092,6.368797575054082e-05,1.0515470069160293,0.0207187696111817,0.0402941974064662,1.9448161335178795,2.3883863742693143e-06,2.5342817055934203e-06,1.0610853138737824
-318.38544747154464,9.820698446089628e-05,0.7729107046058633,0.0227534622230336,0.026625099027162,1.170155942255201,4.114561568518379e-06,3.1951755553362724e-06,0.7765531034420344
-20.582684895066905,8.4845825984054e-05,1.2285344739732806,0.0244937583308597,0.0413949272001178,1.6900194180475896,2.836756035953427e-06,3.4326137286646377e-06,1.2100489732494548
-95.50755677721033,4.821702834781551e-05,0.4739671200390946,0.0237702692642862,0.0164809418416446,0.6933426650915773,2.2136705632452674e-06,1.066452340057642e-06,0.4817574745603565
-18.59488945697406,4.400535731345685e-05,1.9762521916647515,0.0201815670369248,0.0150306442178812,0.7447709184515126,1.0359490718234549e-06,2.016117199410442e-06,1.9461547427825927
-73.56861470544251,6.009438178116668e-05,0.7492966914718432,0.0272779057137063,0.0270640129181804,0.992158753029987,2.476892937264443e-06,1.809568940879604e-06,0.7305802013704102
35.236606723770905,7.152770414995035e-05,0.8259179989017967,0.0227603544645075,0.0275453079935097,1.2102319424094992,2.7360840782517005e-06,2.2932271132669457e-06,0.8381420481538232
51.07947492083803,0.0001091157190559,0.41416173224460145,0.0396012973508558,0.0400347146987349,1.0109445239644317,5.251839938176214e-06,2.136253866282341e-06,0.4067629424030371
-33.8819299102843,4.6230251480899706e-05,0.945273204719612,0.0239236535887597,0.0298359968852777,1.2471337947852517,1.7552456192766307e-06,1.637935252292186e-06,0.9331658397570646
-108.4942000151048,5.349074954254324e-05,0.8398935977671406,0.0197548956275116,0.026427877362622,1.3377887618812463,2.210740177812638e-06,1.8237517967681817e-06,0.8249507631297712
-13.072174640964054,4.4529136830007496e-05,0.9606655214750097,0.0254969876131085,0.035249639170164,1.3825021098587156,1.7317752014222148e-06,1.6465673109749604e-06,0.950797372327957
-63.93265622301601,7.1005260300403e-05,1.5866207045548115,0.0285824433629982,0.0478848730919839,1.675324690889581,1.932104066589012e-06,3.039850373255536e-06,1.5733367709443151
-43.06116503415012,5.305677375517866e-05,0.952211795110944,0.0196856671510942,0.0184441130392958,0.936931062469506,2.007598621712249e-06,1.87748907227831e-06,0.9351914530988418
-41.54705114307854,3.8518345361033337e-05,0.9932417399568202,0.0161417031342391,0.0222555363949223,1.378760110369938,1.3992362615477686e-06,1.3988337005149604e-06,0.9997122994565886
-61.87353176344815,5.268559922421304e-05,1.3137215236922393,0.0263242283692295,0.0277341553734795,1.053560050629938,1.5338905754179242e-06,2.103320969342503e-06,1.3712327352747646
-30.10616130743309,3.598654193703817e-05,1.063285487465007,0.0296080862417036,0.0354547468035169,1.197468371109314,1.2678605395733067e-06,1.3518005183576335e-06,1.066206003077102
-117.23224761163772,3.994464912150733e-05,0.8576445059128999,0.0286286846080382,0.0278860504255513,0.97405978679585,1.564296365502383e-06,1.3262869901310486e-06,0.8478489238866855
-55.54515338716978,4.666125646928685e-05,0.9951430987522023,0.0272510245617105,0.0264279294811714,0.9697958115785652,1.6557619580411929e-06,1.6378380853283904e-06,0.9891748493038172
-38.08546048917414,3.671164863266948e-05,0.8916088390792719,0.0185114757888011,0.020442163056348,1.104296777284223,1.3985641021080632e-06,1.2352299739331642e-06,0.8832129839964399
-52.44315089063978,5.5965915460548497e-05,0.7161944861188908,0.0365658011025357,0.0275576130364776,0.7536444493367508,2.1843488821932934e-06,1.5882798931843422e-06,0.7271182301197044
-72.99663361580042,4.4467404069118354e-05,0.92331544454342,0.031980551726465,0.022983559070509,0.7186730006127234,1.6064226510388078e-06,1.4552845972536283e-06,0.9059163827854118
-48.11220137462752,6.239687619230871e-05,0.9240423537020883,0.0200315147187595,0.0194657738176821,0.971757457734958,1.877375774970964e-06,1.9786483188097056e-06,1.053943672433031
-23.020074817793315,7.152697660147778e-05,1.0592747337294757,0.0269383807749587,0.024703465877927,0.9170360343592296,2.258699378340557e-06,2.4176655373325858e-06,1.0703795115527148
-61.28226220223248,5.240954374759671e-05,1.0053899988036132,0.0194193402509928,0.0296862003692442,1.5286925294862406,1.70201335934526e-06,1.7086946228061278e-06,1.0039255058864156
-33.24973948519996,5.096352477405086e-05,1.3536360385803126,0.0228003932231637,0.0218323149722589,0.9575411598637968,1.3903730307580196e-06,1.8645448446201324e-06,1.3410392774977795
-89.51214378811494,6.000235177426677e-05,1.0372629390489614,0.0214018729489815,0.0200076194415656,0.934853668613976,1.8591819159948703e-06,1.938943061256667e-06,1.0429012054041604
-81.93066508838804,5.047882679349373e-05,0.7665602437903459,0.019190322333573,0.0288349701682981,1.5025787304183027,1.7442516442745036e-06,1.406445762287698e-06,0.8063319113984203
-357.99579736640936,0.0002318963088101,0.8516119717189802,0.0315412009367437,0.0322190183492686,1.021489905025628,7.393352461434128e-06,6.389748513355845e-06,0.8642559037576832
-58.72309460893682,8.521247279635305e-05,1.5768194564845905,0.0283341125469181,0.0294407199742713,1.0390556586348254,1.9998122518859537e-06,2.990735123999072e-06,1.495507951398244
-54.02876953888224,7.70968861865889e-05,0.94045133141521,0.0280255807478103,0.0254009535834273,0.9063488750509427,2.361956206063089e-06,2.244071246376381e-06,0.950090116241741
-66.498623673321,6.947260317494256e-05,1.2555489575864607,0.0274723489933782,0.0296538960913392,1.0794088302564444,1.821025714552743e-06,2.2980370751390423e-06,1.2619465264956224
-43.47738215250524,7.320865657664976e-05,1.3230186080805104,0.0304782496664055,0.0467696264502607,1.5345246843952525,1.89168116911222e-06,2.448329558029655e-06,1.2942612095560877
-125.51750396458723,8.811989808560353e-05,1.2535832783774186,0.023109740590848,0.0218157870219561,0.9440083040393624,2.266524999593856e-06,2.826526565638399e-06,1.2470749566604786
-98.95125223617804,6.616764623614521e-05,1.2884791529789166,0.0177547689921893,0.0259808219762491,1.463315123259479,1.7273518965896753e-06,2.1906655896309456e-06,1.268221949422115
-97.69515230694344,6.784055760528318e-05,1.1511095350035567,0.0192326199012373,0.0349965463055496,1.8196452945705108,1.9051146605979252e-06,2.1359557245271707e-06,1.1211691184281765
-170.32082757794836,0.0001287832940955,1.8632720950433315,0.0320671469953799,0.0156053446272106,0.4866458693521738,2.3594853356751427e-06,4.2776795503264095e-06,1.8129714500227632
-190.2239351553512,0.0001555416964658,1.0524782282482368,0.032422952022287,0.0229990953929707,0.7093461254595669,4.085699581078977e-06,4.212638778125727e-06,1.0310691460612056
-55.231951455051096,0.0004119062646325,3.7102753313799166,0.0128448648894906,0.0413055861529556,3.215727569602604,3.891356987451974e-06,1.368910170851038e-05,3.5178221254570325
-209.68287058321948,0.0001522913539657,0.8455378264282254,0.0474553667606121,0.0379504400296535,0.7997080756133221,4.150478371526531e-06,3.495937983394978e-06,0.8422976029409315
-45.52156012318353,8.564647779966209e-05,0.9610306642500362,0.0276247961039826,0.0277748876604761,1.005433218617381,2.2615516420025138e-06,2.1704876003590942e-06,0.9597338217035868
-78.76503344144186,9.268838173284196e-05,1.4610082080053233,0.0197488184414406,0.0323876787354747,1.639980580686933,1.8679675292982303e-06,2.6782402339330934e-06,1.4337723712677548
-272.2438368867822,0.0001591261538021,0.48901092269809765,0.0500896271169561,0.0226397343079381,0.4519844848330735,5.579815427153419e-06,2.6507106673113445e-06,0.4750534676132867
-85.63267107117282,0.0001108295043373,1.4759084376211078,0.0220958594153392,0.0231731777041016,1.04875656875399,2.3713921972267887e-06,3.507544922576109e-06,1.4791078956395267
-122.83106910428636,0.0001014643043558,1.038581428909953,0.0261404268783083,0.0439350951940741,1.6807336543739464,2.8751906464187745e-06,2.924158094189004e-06,1.017031026388188
-216.0779016312793,0.0001094631135259,0.7590456559095207,0.0282933982064113,0.0341441768339588,1.2067895338998789,3.6888197017648754e-06,2.7190753710046397e-06,0.7371125701003298
-317.6536890915735,6.680262912489236e-05,0.8755501654954259,0.0329342090854498,0.0362862894007714,1.1017811087135685,2.1180671074275262e-06,1.771710719994106e-06,0.836475253206645
-231.6721576892048,7.537322399042756e-05,0.746288812161392,0.0286082343330396,0.0418971774272719,1.4645146197954917,2.581154757062145e-06,1.7578958152445917e-06,0.6810501425514749
-176.97017464619503,8.045589320025179e-05,1.1859265910030607,0.0230071541628856,0.0319263968898319,1.387672576269104,2.0199287470084234e-06,2.417374297040809e-06,1.196762163329283
-234.96133930619004,7.778194971262944e-05,0.9484075778596387,0.0253417968664766,0.0203429660856686,0.8027436330917517,2.23636588293166e-06,2.058554825955528e-06,0.920491070654754
-228.8048596969472,0.0001423623122336,1.1959688679450615,0.0263441248589393,0.024826660579536,0.9423983796186602,3.150301780531471e-06,3.7651545239363342e-06,1.195172648920363
-105.24811207541516,8.996459646688816e-05,0.8320030616730101,0.0162872728041939,0.0312596015311383,1.91926554598441,2.5807138028494927e-06,2.129597606609568e-06,0.8251971234695511
-221.38813778320247,8.846043225881125e-05,0.8823271405963394,0.0207707161365257,0.0204710840148724,0.9855742999093624,2.7119725560267874e-06,2.3602009210337552e-06,0.8702893824602709
-226.3085864131291,7.390581844502224e-05,1.0154138145774063,0.0133235678565223,0.0249030432098319,1.869097187630652,2.0784607203658207e-06,2.0800945173144475e-06,1.000786061017472
-233.2229965193271,0.0001154257196033,0.894752706637111,0.0224183436768782,0.027748925695533,1.237777692031396,3.5194727668314548e-06,3.107654885237822e-06,0.8829887574426699
-99.46578862120684,7.048445430473626e-05,0.7831536197225151,0.0342512479676333,0.0252064709879736,0.7359285422765667,2.3447590880752875e-06,1.8197891617714184e-06,0.7761092263278978
-106.8236449793858,7.79214473101309e-05,1.042902294629948,0.01823437311836,0.0247740068512249,1.3586431894541118,2.1945922642656634e-06,2.294201041889586e-06,1.045388284304945
-97.61853889937984,6.57320711356395e-05,1.474872745184961,0.0146415541196584,0.0213571114811666,1.4586642446986922,1.4675045141149055e-06,2.158268020549679e-06,1.470706222564087
-162.97896266924155,7.501832019391329e-05,1.3123806394532438,-0.0189232923024247,0.0397267367071855,-2.09935650056492,1.8651392396384067e-06,2.2761018369282994e-06,1.2203388297002242
-189.41006578779184,6.933481369773529e-05,1.6723402885712821,0.020815329946743,0.0323359974233661,1.5534703272107242,1.4272822661198195e-06,2.3367759064986736e-06,1.6372205848611747
-125.24883794380904,6.352812236310399e-05,0.8288806445397365,0.0356033907280927,0.0232859546154672,0.6540375548302346,2.016199693469979e-06,1.668102138084754e-06,0.8273496635712051
-335.10451279109515,0.0001016309264134,0.7310801556763521,0.02511202945061,0.0133302935177719,0.5308329836100953,3.542630661593807e-06,2.6074599743323955e-06,0.7360236568266239
-103.2216244088697,7.251317667906243e-05,1.4590329177304153,0.0172916149573998,0.0258185290429327,1.493124216942144,1.69166007145962e-06,2.4481306441045752e-06,1.4471764661278832
-132.5925027535848,4.647928277050687e-05,1.2096754413463902,-0.0078799339956063,0.027414206252429,-3.4789893250012667,1.202481632186507e-06,1.4103739629603258e-06,1.1728860759359812
-534.6415292475085,9.47476374590188e-05,2.6784206943364532,0.0288229672782285,0.0290180278213243,1.006767538581746,1.2539356013347617e-06,3.23943263074358e-06,2.583412279941123
77.68272970447264,7.6599385154163e-05,0.7903478131957721,0.0130869450061627,0.0208602683458149,1.593975395785013,2.344872823601919e-06,1.8385016886282075e-06,0.7840517703660006
-145.2209368632832,5.8014484410971415e-05,0.9668681359418702,0.0203902678473267,0.0252928603623469,1.240437867306529,1.600098092306596e-06,1.5560837743385438e-06,0.9724927376767232
-205.43161975295544,4.016197641698928e-05,0.845518216355369,0.0178448122665286,0.0325998607069444,1.8268536659302248,1.203046855480462e-06,1.000649635353411e-06,0.8317628118929585
-101.70836970808156,5.2965705590818885e-05,0.6471073901882162,0.0241843985655739,0.0251093681471557,1.0382465405982186,1.812423826546683e-06,1.1546204633257525e-06,0.6370587532639748
-116.81602066572891,4.109072435621279e-05,1.0612373389416725,0.0257580271976278,0.0245325979968483,0.9524253471984724,1.1300457029297355e-06,1.1736279420549267e-06,1.0385667933714546
-121.77686108435648,6.203486481104832e-05,1.1718331327526588,0.0330013525670577,0.0293966342508346,0.8907705886024394,1.6615803228156752e-06,1.9361127195580245e-06,1.1652236686801474
-51.26504942845835,6.409191662414206e-05,0.777251398621398,0.0251256410531473,0.0348583952645791,1.3873634185430133,2.20181269427423e-06,1.708947082346102e-06,0.7761546142367991
-163.0245526455918,7.724729659144621e-05,0.9389055946073881,0.0227766812009151,0.0319649899935244,1.4034085875619215,2.419669164548319e-06,2.251964973399523e-06,0.9306912723417288
-89.1684423826579,7.439794873452483e-05,0.8025144130704944,0.0253869251036073,0.0314354710748992,1.2382543749038932,2.543672977394219e-06,2.016374019029169e-06,0.7927017493792684
-95.09178718887614,7.927611088991839e-05,0.7804811669795831,0.0214895373330601,0.0243693441802938,1.1340097184318347,2.90568937905016e-06,2.265932610621609e-06,0.7798261668844723
-233.81265414189548,9.07643094550897e-05,0.7275603967114835,0.0322871880424648,0.0246734143019076,0.764185913912868,3.4837868886735008e-06,2.5322343053306087e-06,0.7268625740464829
-76.13012874021737,7.77683391819417e-05,1.7680766872563982,0.0100757651077478,0.0313796039587753,3.114364380591392,1.842373721109982e-06,3.257271631754765e-06,1.7679755168198688
-188.26067457552293,0.0004852378586978,0.22257836543351725,0.0681372542846263,0.0210395068707719,0.3087812547139735,2.698144767875644e-05,5.675053376536003e-06,0.2103316858347892
-194.1727272148244,0.0001090095220953,1.0508254860289188,0.0290619079275873,0.027905037563501,0.9601928969368132,4.078643388759588e-06,4.267994121241732e-06,1.0464249296724444
-346.5132321615494,0.0001319528550247,1.5483929106113274,0.0227869973052354,0.0205051386231728,0.899861370434342,3.837478959567313e-06,5.743909354315915e-06,1.4967924032510027
-133.24596590998397,0.000115248875205,0.9995020117882759,0.0233588192665937,0.0277425156439211,1.1876677210134796,4.273138606168949e-06,4.239607050495028e-06,0.9921529445299264
-218.5507301667046,0.000115732252409,1.0089056819717583,0.0370457872253408,0.0259914525058584,0.7016034602735929,4.463362472509459e-06,4.413416487555152e-06,0.9888097851648996
-107.0830509840722,0.0001197514721217,1.2082989939621172,0.0261333694365461,0.021959002808718,0.8402668037903146,3.848108726344622e-06,4.8907950384772444e-06,1.2709607202609077
-45.98670293014812,8.318612795060604e-05,0.9812187358389252,0.0299918821442013,0.0278199768827537,0.9275835624118196,3.157978926492241e-06,3.0900651793036108e-06,0.9784945533933418
216.2542303260987,0.0001543357265436,0.7498822230731101,0.0332525394630823,0.0304551214369374,0.9158735521763468,6.913804156730147e-06,5.187645615825733e-06,0.7503315827619865
-111.30181258989457,9.344512014121308e-05,1.1021579300406597,0.0286652046205869,0.0292012079847062,1.018698745437676,3.511254712236144e-06,3.8197265356600126e-06,1.0878523060001588
-79.37816936849403,7.998354481688935e-05,1.4804400401506008,0.0168002490408557,0.0257740635533681,1.534147707613701,2.424912788067552e-06,3.635271093731525e-06,1.4991347778030917
-147.46620334341696,6.898376881688347e-05,0.759259582121952,0.0250757214098919,0.0322415600900914,1.285767996982642,3.1051963259308825e-06,2.336255106761874e-06,0.7523695320815202
-669.0767409723035,0.0001479621260902,2.5239213261855564,0.0235159596024673,0.041968152865576,1.7846668209607213,2.827442296670493e-06,6.848110992836739e-06,2.422016180807954
-119.7351414537786,7.0664922420979e-05,1.316406952570985,0.018835310223606,0.0299721636753298,1.5912752866563442,2.3107594079899645e-06,3.0007495763542357e-06,1.2985988787835188
-176.05881000105887,9.432729130237225e-05,0.7663593945067048,0.0211697182544405,0.0361360964964002,1.7069710641434863,4.073066435694627e-06,3.0890857863850943e-06,0.758417726583995
-226.16027252710225,7.332948683393093e-05,0.7213381594650307,0.0262312895050805,0.0351674161052202,1.3406666911441345,3.0832897418321414e-06,2.259620010657468e-06,0.7328600942040449
121.69280454392428,9.390725812487965e-05,0.5172250142599971,0.0257872747779181,0.0233053834508342,0.9037551913314572,4.514897292174085e-06,2.294356050831758e-06,0.5081745834636568
-126.89573941518478,9.024085181181912e-05,1.1373199236466205,0.0384618569643739,0.0431476847764159,1.1218305142256215,3.200774322676458e-06,3.594353997967123e-06,1.1229638942371785
-298.0049013137278,0.0001132158087987,1.4624612901269551,0.0266155604269534,0.0340987809534207,1.281159607628964,3.279768198967652e-06,4.645347230563364e-06,1.416364495523051
-140.9755458750356,7.272302749986046e-05,1.254515864814468,0.0289061436710391,0.0247482582131537,0.8561591091083132,2.309836089521939e-06,2.8540289607091675e-06,1.2355980468293135
-317.0692686535019,7.034931853769804e-05,0.8840577433553415,0.0215169135958391,0.0386844443179497,1.797862139736916,2.8781718524182973e-06,2.5354724431068822e-06,0.8809315680634318
-425.2707281689348,6.940996797966294e-05,1.2433168320744208,-0.0116543508395228,0.0669172108688771,-5.741822242208783,2.6646176451577267e-06,2.638702448562809e-06,0.990274328235418
-181.0695969500585,6.533170628912394e-05,0.7406583845498613,0.0195710098188428,0.0381112574197607,1.9473321904456584,2.902498475008358e-06,2.1364074402356576e-06,0.7360580750105323
-60.546147984276296,5.284734517925146e-05,1.3982151064086437,0.0260988124703991,0.0169784176883247,0.6505436869045835,1.637635144117254e-06,2.32457612452466e-06,1.4194713229470244
-434.73780588354543,0.0001486909433816,1.4604587697363844,0.0289455323021054,0.0243256411291248,0.8403936357168128,4.469011139552931e-06,6.316692626527566e-06,1.4134430255995003
-211.4451749350686,5.757509830486788e-05,0.9357517374163571,0.0214381751695139,0.0285721030374559,1.3327674959054712,2.3443192769550955e-06,2.184450466747064e-06,0.9318058714188128
-136.0214301819302,7.367254044620126e-05,1.2797103162016161,0.0122522396205093,0.0376670057167201,3.0742955478660567,2.397334871245363e-06,3.1376156909641875e-06,1.308793247283916
-38.74663351207354,5.449464106801559e-05,2.3698768750294383,0.0171334083875785,0.022160736369271,1.2934225267949182,1.1402527736573975e-06,2.669690355607447e-06,2.341314502611845
-142.23006715429162,5.584918138585668e-05,1.1693666627041204,0.022618621864547,0.0208373189901278,0.9212461800242898,1.943326534605657e-06,2.263265693364597e-06,1.1646347914576605
-129.7468061182731,5.249246760431228e-05,1.0746472409977423,0.0258576660870193,0.0259850172282358,1.0049250825959275,1.9050598974959489e-06,2.0776495308504208e-06,1.0905953842088258
-178.53525346943988,7.318454853176414e-05,1.456791173457845,0.0091616213874554,0.0201092571165067,2.1949452248748584,2.2596915710109434e-06,3.202881381053633e-06,1.4173975874153144
-159.5101364294771,8.086726649862433e-05,0.650620238856766,0.0250453407242296,0.024849130088131,0.9921657829191048,3.640779433037312e-06,2.3698155615439728e-06,0.6509088521099888
-158.21037196158585,9.778039653957224e-05,0.6907483971530485,0.0242739610284611,0.0328538152221662,1.3534591731298065,4.271901069558948e-06,2.9292738241765017e-06,0.6857073177677625
-41.33287390700548,8.129657563608871e-05,1.1464051444652064,0.028777519351452,0.030659206108382,1.0653873856863576,2.8621712583874604e-06,3.3392261701713954e-06,1.1666758795043963
-247.5189386767045,7.553844506740164e-05,0.610438951594155,0.0199148074815231,0.0122107824106741,0.6131509140624747,3.7497932467232615e-06,2.2366084329974914e-06,0.5964618009144746
-120.60197097300622,9.081633270275442e-05,1.0062677947839023,0.0285682568974164,0.0215122803603792,0.7530134035697749,3.5607200945413776e-06,3.591878959211581e-06,1.0087507200349646
-160.72173845262498,8.490377151948613e-05,0.7411700612929057,0.0549097437052421,0.0264963427017722,0.4825435508132346,3.609688211305885e-06,2.740016892863464e-06,0.7590730092093473
-176.10393766473973,7.439145116975097e-05,0.7478457412960431,0.0227607283055226,0.0315449088625327,1.3859358294294466,3.437545389711256e-06,2.5419344415954325e-06,0.7394620734910349
101.70546632962149,0.0001090612766094,1.001071385748156,0.0216151332775586,0.0294101355423057,1.3606270738492288,4.4300507952954126e-06,4.482140513786201e-06,1.0117582666424745
-96.49636706877544,9.693314199273944e-05,1.033938650695767,0.0326227821584576,0.0385404187471843,1.181395828227742,3.725605059579256e-06,3.925717840291754e-06,1.053712827181713
-78.32141697189125,6.831645637374133e-05,1.5090984203704902,0.0219147255992405,0.0201215016771348,0.91817264998436,1.983012986276285e-06,3.137266832508863e-06,1.5820707449828877
-71.25247466384141,5.548220084167462e-05,1.364026609021356,0.019039924551916,0.0218542012119226,1.1478092338198562,1.7879193089465869e-06,2.404163671428897e-06,1.3446712384606396
-31.86793440855088,5.193491283413583e-05,0.9180482610141377,0.0198838641321744,0.026272429361569,1.3212939490497242,2.080856195163122e-06,1.914806257672876e-06,0.9202011470681044
-112.54052606564838,6.608270894668561e-05,0.7327496535033023,0.02307029322951,0.0190500078749244,0.8257375701907808,2.7989586224956666e-06,2.043967934168397e-06,0.7302601466633727
93.40351561245916,9.70660643609399e-05,0.560707663116876,0.0183524268528751,0.0232020376579255,1.2642490197033869,4.635355224813304e-06,2.5578015320819245e-06,0.551802700770348
-123.06243759062586,0.0001061077386072,2.8928611723888173,0.0234610356115217,0.021074052470906,0.8982575543492423,1.742000861580057e-06,4.927127593106068e-06,2.8284300552164985
-68.73284266373759,6.66950964710419e-05,0.7768546545890567,0.0189667921259524,0.0181235141798201,0.9555392424542676,2.7067620486031197e-06,2.1505916504348326e-06,0.7945255666432481
-44.891752269138486,5.815863067340077e-05,0.9745532695578586,0.0184237049267047,0.0204623250914378,1.1106520199299426,2.1753293561704378e-06,2.1053727529946048e-06,0.9678409143068852
-111.8856191999302,6.9264061368579e-05,0.9059988356516627,0.0246235609059731,0.0201005326366013,0.816312990365477,2.60044427087917e-06,2.3528042631058995e-06,0.9047701154197212
-107.20489672585369,5.808180434233679e-05,0.9469624320083929,0.0182949125096257,0.0193063859640624,1.0552871435654314,2.185397476660113e-06,2.0578740713265684e-06,0.9416475004224698
-74.25146496496792,4.34925511547227e-05,0.9002109133382024,0.0232004565495139,0.0247536177629557,1.0669452866208513,1.7087099255856593e-06,1.5387998170144822e-06,0.9005623447098895
-72.3538769799059,6.96284572935961e-05,1.0107746935881667,0.0290042352176562,0.0279489018050754,0.9636145064794408,2.6281300039356703e-06,2.626522707785888e-06,0.999388425935028
58.70897924586325,6.986940882872598e-05,0.6986071214084704,0.013367245841216,0.0275564927009759,2.0614936710454885,3.221004389424622e-06,2.209416089299694e-06,0.6859401050659135
-118.4179578456087,6.0762658448740056e-05,0.9132617613081344,0.0278523267982414,0.029610983712204,1.0631421901194131,2.467277702882283e-06,2.2097097197575782e-06,0.8956064074895937
-178.4157028682433,7.023448352126287e-05,1.1968048081674934,0.0213054515344895,0.0161350961981358,0.7573224238883725,2.2396485841422822e-06,2.845095952420109e-06,1.2703314138497737
-147.82420348533233,5.090679344381388e-05,1.238327502439601,0.0160699418761337,0.0192397798334535,1.197252608737026,1.721050611840833e-06,2.0710962225198123e-06,1.2033906546795683
-51.81556787473757,3.848515145463107e-05,0.8341101432514225,0.0166945825949694,0.0188010816280206,1.1261785984206614,1.5484528288963886e-06,1.2768812480464182e-06,0.824617466039618
-154.64420493783896,3.793210026026086e-05,0.7838300868042121,0.0234463005527618,0.025400867726575,1.0833635638771593,1.6621325018913925e-06,1.2774800098103607e-06,0.7685789239766845
-121.03971698636462,5.666645961924947e-05,0.7357653277485355,0.026452683463727,0.0192250977026379,0.7267730598674477,2.382906332293886e-06,1.783157194963544e-06,0.7483119125572182
-55.17841463908884,2.9919336875711665e-05,1.3004593414933348,0.0169221579219551,0.0194490022561355,1.1493216376914903,9.66368252864087e-07,1.2386976405315875e-06,1.281807051152996
-46.49673911197988,4.855228696049564e-05,1.6003217457231915,0.017201585472038,0.0211949724011991,1.2321522592003236,1.3198742705421664e-06,2.107163870641077e-06,1.59648833049493
-52.8842361934459,5.091582518167891e-05,1.2428871206083445,0.0131315383657645,0.0194663137675155,1.482409236854267,1.6761333753338148e-06,2.039575601290341e-06,1.2168337146106554
-49.311351615559765,3.235810085084355e-05,0.7806429433320023,0.0195837466151369,0.0305643338368468,1.5606990040007278,1.322427333879061e-06,1.034744767095573e-06,0.7824586959045742
-92.16602742596376,4.870540605995833e-05,1.1238665100566114,0.0204195161087611,0.0202698960141851,0.9926726914693248,1.5843699328181248e-06,1.82380910314834e-06,1.151125797940588
-95.64940019507208,3.238809945344414e-05,0.8294334435142394,0.0133027691730824,0.0420379136695419,3.160087431615648,1.294625667657221e-06,1.0619061073100748e-06,0.8202418149423224
-56.120975739104935,3.8562319864204406e-05,1.2365806814552114,0.0214839180119305,0.0198488093159222,0.9238915036307505,1.2396771924099409e-06,1.5350611139926184e-06,1.2382748697735169
-98.29016759310169,5.1656681734741645e-05,1.2205192835197136,0.027539279218908,0.0243492521648615,0.8841644681878141,1.662753754522869e-06,2.0295764913715395e-06,1.2206115823529933
-23.584726839227937,5.663854536273385e-05,0.9074317705451858,0.0171489215715425,0.016727134126762,0.9754044332746598,2.073397835052101e-06,1.880444591423035e-06,0.9069386297375884
-31.80244556801579,4.700364224785576e-05,1.055494597935628,0.0220859218328543,0.0224841597060018,1.0180312995835712,1.590426013554636e-06,1.6829328884366263e-06,1.0581648401708643
-28.52815144242018,3.876462413838906e-05,0.823060115934287,0.0270989796034272,0.0290507510831829,1.072023799726719,1.457242711086228e-06,1.2119157125063243e-06,0.8316498708735781
-48.26395761187145,6.292389044211053e-05,1.7764434301510388,0.0197877293200227,0.0252850101893967,1.2778126171258828,1.408288486888714e-06,2.503299841292432e-06,1.777547615135938
-236.25550644142936,6.216553336904287e-05,0.709971992840064,0.0171045351387138,0.0391393622172994,2.288244719887924,2.41105051053676e-06,1.6715085868080178e-06,0.6932698338351686
-36.16501432003218,6.570262310152523e-05,1.6950719430449621,0.0200404557706089,0.0450635135676019,2.248627181108903,1.5397295731166429e-06,2.598308572422949e-06,1.6875096885770555
-110.87406011249324,0.0001130647292405,1.5463064262949704,0.0239030938418866,0.0289134352824485,1.209610583203335,2.733900552016944e-06,4.168078795629169e-06,1.5245904949081468
-151.92063780093056,0.0001085677852316,1.062771022338184,0.0216546264316348,0.0220723174788696,1.0192887671626858,3.368736726012181e-06,3.524066364625868e-06,1.0461091653183483
-95.37038444435152,0.0001159966670459,0.6457926902069705,0.0218893490906872,0.0287650119273305,1.3141099723046803,4.393731898711872e-06,2.7939594428960104e-06,0.6358966608124466
-57.78653190248106,6.021496579075795e-05,0.6987287382743752,0.0266336388445502,0.029559630654467,1.1098607601835626,2.3635996876647967e-06,1.6298713535963171e-06,0.6895716572067274
-83.32913537749806,4.2834686022739176e-05,0.9522297016805501,0.029358949111301,0.0181291911954342,0.6175013665068757,1.467424457083619e-06,1.3729494716412183e-06,0.9356185015273896
-202.35699802673133,5.782889051390609e-05,1.0447758226983652,0.0081820345154636,0.0376900646996292,4.6064416653824765,2.112383956958629e-06,1.6501017068553465e-06,0.7811561441846644
-68.64165186724273,6.655476305255457e-05,1.101819848106669,0.020045252995355,0.024368587901331,1.2156787398481703,2.0006549227738687e-06,2.189577867843256e-06,1.0944305501757638
-69.65041372607936,4.8560701045166094e-05,1.0213167987343599,0.0211234459319212,0.0282313751619464,1.336494777080092,1.5426652726461698e-06,1.567173938661959e-06,1.0158872222317863
-32.45308611792793,9.781405499542352e-05,2.1883698972328807,0.0238332184425719,0.0225324102630642,0.945420372718772,1.8385676506062944e-06,3.952324982949007e-06,2.149676125132338
-250.42496124169307,9.188614989420577e-05,0.860100463478272,0.0189149153414866,0.0220488129569765,1.165683935609073,3.327290000472927e-06,2.787584663117222e-06,0.8377943199183139
-59.37128185292622,9.584912009494008e-05,0.9813010056617089,0.0184135752875537,0.0284131942266452,1.5430568905241608,2.983637564444546e-06,2.937247233746629e-06,0.9844517540432048
-36.80723926292679,7.15129230092285e-05,1.2335213952935113,0.022596265153421,0.0326926267504066,1.4468155037319093,1.922984027069656e-06,2.382497713679173e-06,1.238958660155773
-55.47038073640222,8.371903209904512e-05,1.054428926182659,0.0198432196924623,0.0225271369807171,1.135256139369073,2.5205349738698787e-06,2.629105547792627e-06,1.0430744167600483
-44.87367084934965,6.744680830621447e-05,0.8030575772321648,0.0188251435929039,0.0280174376935421,1.4882987508314751,2.1937026667002773e-06,1.77406501112275e-06,0.8087080523958438
-220.8966594616534,0.0001281361867712,0.8085178958877033,0.0331712227056019,0.0329311297047652,0.992762009318512,4.045777161160879e-06,3.251438842449553e-06,0.803662365209605
-78.86296270731265,5.062797650229286e-05,1.1415204575626987,0.022861009375524,0.0298575748605862,1.3060479688422282,1.4088600046869028e-06,1.5917797159122068e-06,1.129835264410075
-231.439136546836,8.309877922530788e-05,1.9763085711339137,0.0183514650603633,0.0289148792629597,1.5756169421814672,1.4921508915517926e-06,2.943023583318202e-06,1.9723364439755453
-45.51026672216803,0.0001377165526208,1.0499051785194402,0.0249665593115552,0.0241576471401531,0.9676001742447642,3.724454331401499e-06,3.9462439946292605e-06,1.0595495724992023
-101.13032676149167,9.324100969511564e-05,1.0497464030366648,0.027935732920057,0.0292462992690865,1.0469136196562292,2.4693733515690342e-06,2.5805634902178203e-06,1.045027674157954
-77.60678186435212,5.387870382290815e-05,1.205955875042238,0.019128275323141,0.0318552902024767,1.6653508831472503,1.3174281145203254e-06,1.5914156572338765e-06,1.207971531572567
-62.61934362478359,5.1950619805168095e-05,0.7507225615164183,0.0359883457476026,0.0261589759662432,0.7268735314955634,1.649013852770206e-06,1.2172914027980896e-06,0.7381935577758437
-41.699502778824936,3.8848654485437246e-05,0.8799784274549243,0.0194947953504033,0.0242699395883363,1.2449445686453022,1.1031637161673053e-06,9.722399024825226e-07,0.8813196883055145
103.80334148200274,9.139133256605344e-05,0.7003294068954863,0.010106175576426,0.0428862441728464,4.243568088494728,2.935510872147251e-06,2.035222298455024e-06,0.6933111090698536
-182.7778773225694,0.0001229783323256,1.2649945155985696,0.0196133114997739,0.0282087800048772,1.4382466726846412,2.859338938710853e-06,3.508929112096547e-06,1.2271819421584784
-68.66530179637223,0.0001144739961467,0.9982050400561951,0.0316946672434519,0.0330895519165994,1.0440100747054109,2.941083448669306e-06,2.941263536260296e-06,1.00006123171754
-116.47738683903648,0.0001516802740472,1.1893991050151227,0.0469927121667603,0.0277537833798802,0.5905976075905548,3.406880964045025e-06,4.043830461786637e-06,1.186959716075714
-86.64057432752065,9.562247087467614e-05,0.8407113629134628,0.0242632217604091,0.0273506044021622,1.127245370472229,2.7781486271602053e-06,2.318743107558477e-06,0.8346360899807841
-106.27450974201106,5.846063047484385e-05,0.7208671103283485,0.0215054198942305,0.0219606384119954,1.0211676182099128,1.781368673684489e-06,1.2563412235742086e-06,0.705267383520144
-61.95174192612642,0.000125278305814,1.682689259944627,0.0195066972493096,0.0169779542940455,0.8703653969226589,2.248894987989925e-06,3.813245617861669e-06,1.6956085714211002
-225.36531096880964,0.0003787859520884,0.49301608142562764,0.0275325540372154,0.0244208235796463,0.8869799564049504,1.0284293280865276e-05,5.475008178268956e-06,0.5323660098701806
-220.82352301205648,0.0001598814216459,0.9483683353205588,0.047329122555193,0.0372885422717108,0.7878561920987802,3.630263028906012e-06,3.466872544394244e-06,0.9549921085026706
-174.57448445206364,0.0001227009017869,0.876744255638742,0.0346312310994727,0.0321343508981868,0.927900911344618,2.9158476914429622e-06,2.532521980458936e-06,0.8685371282906992
-122.33513275725532,0.0003702454162302,2.6105547011820294,0.0436172650969383,0.03218959025999,0.7380011146606626,3.970710453421496e-06,9.493410631516258e-06,2.3908594552231683
-109.64031346488518,0.0001373171959796,1.0266751852932257,0.0289337207817481,0.0303330423863085,1.0483630022946502,2.8228964486721824e-06,2.89053495175744e-06,1.0239606745465542
-134.07991363196464,0.0002141272432107,1.2339757002363616,0.0527747919050056,0.0218345873653719,0.4137313777508418,3.690658324312458e-06,4.50398377014595e-06,1.2203740835274988
-382.3900506539511,0.0002448495797714,1.0978853145735112,0.0289310597669937,0.0293322107515382,1.013865754928277,4.560396397867702e-06,5.062575372038046e-06,1.1101173955854249
-123.09046657756262,0.0002080346408984,0.967627496813178,0.0208500433812465,0.0322627123630951,1.54736907608133,4.595298217106501e-06,4.499482288046916e-06,0.9791491379813176
-225.7649259658506,0.0001278606745378,0.8806843332330833,0.0276260434077259,0.0194125947142347,0.7026918197343378,3.134864867385512e-06,2.752055713946782e-06,0.8778865534456054
-193.81314646979115,0.0001503736547302,0.8995508799938792,0.0174288620752527,0.0249116231500824,1.4293315904688084,3.8648365068913005e-06,3.413700006862003e-06,0.8832715176373214
-226.3745242129632,0.0001014950161863,0.903987309207035,0.0230460705557002,0.0283131901649046,1.2285474044902494,2.807556002347301e-06,2.503531463626206e-06,0.8917120305109103
-119.35691065485553,9.520589338774866e-05,1.1952523297762485,0.0222374064325024,0.0202099184876095,0.9088253411634576,2.104999047318157e-06,2.488652860766393e-06,1.1822584261674722
-242.6550403719473,0.0001213634500606,0.8399638876469301,0.0345706005928502,0.042242650538119,1.2219241151065072,3.388071938354781e-06,2.7623696453391625e-06,0.8153220166513188
-151.88193512064373,0.0001111801836087,0.9554411978743405,0.0181151360230219,0.0362279009616065,1.9998691103155704,3.1177245282662435e-06,2.9357355160165597e-06,0.941627616359394
-170.3809038557303,5.022892039632364e-05,1.062549858539165,0.0165186736112583,0.0328712060957442,1.9899422235294189,1.3266071863061933e-06,1.3132580091338583e-06,0.9899373549984268
-294.08703212218467,6.547526943456941e-05,0.7955004372618821,0.0247039293116127,0.038943998092738,1.5764293040796302,1.8415204019610716e-06,1.4380647396188924e-06,0.7809116521801599
-129.9888075066926,6.039157124884455e-05,0.8442145748097613,0.0226229302982595,0.0246490255485475,1.0895593640424146,1.6405832326885429e-06,1.3666002772233457e-06,0.8329966136395279
-93.73930698021246,6.40664390308159e-05,1.0548742837997742,0.0255173614636603,0.0211734741460605,0.829767379210189,1.591394603276487e-06,1.677698080080983e-06,1.0542313494257225
-69.20774182475465,6.305584945543871e-05,1.189765693116033,0.0299473292677026,0.0217723833380249,0.7270225382503751,1.523517201427568e-06,1.7896267158617095e-06,1.1746678765325338
-88.78504433820837,0.0001142106477201,0.8479564902408141,0.0197039069031551,0.0212336658986341,1.0776373438525546,3.242232267975485e-06,2.7135273372220246e-06,0.8369318151646198
-48.44074990406127,5.004542526180744e-05,1.2308203790101397,0.0210272468899373,0.0211539298692131,1.006024705941716,1.137435247124077e-06,1.3816386688317907e-06,1.2146965485069716
-91.2466926699472,7.078556703980679e-05,0.882436743333103,0.0149824073842115,0.0241952810673005,1.614912773817475,1.9785761510067703e-06,1.7407723590671362e-06,0.8798106447312473
-60.75286851390537,5.971432124191745e-05,1.7844903174933466,0.0199134410293316,0.0212931024695984,1.069282924946754,1.034665038853459e-06,1.816699286280617e-06,1.7558332581660938
32.29246299056676,7.041940783192259e-05,0.7631775417884243,0.0129852957333837,0.0312570305901616,2.4071096440109034,2.048329130049159e-06,1.5400975292160511e-06,0.751879913546457
-380.5797223240049,7.088456916292764e-05,0.8754849713497828,0.0186301538940582,0.0232779667965211,1.2494779661452582,1.9986365572108826e-06,1.7327351186017558e-06,0.8669585835154567
-75.43791740196767,4.347743924334725e-05,1.1107609412982449,0.015336792761298,0.0242095506246893,1.578527597098489,1.092284273687472e-06,1.181950038441734e-06,1.082090136161676
-108.5643522435682,4.204448477872513e-05,0.925507252680614,0.0163942396415723,0.0266160458069563,1.6234998626873522,1.1208884150497896e-06,1.047701656300776e-06,0.9347064723246672
-219.6199379164244,0.0001108759318022,0.9623909022035151,0.0260275416326141,0.0212074315056731,0.8148073223749608,2.921484585288973e-06,2.745008373962552e-06,0.939593653098476
-84.00333276698042,5.6979870117384405e-05,1.0419165274837945,0.0332048285633115,0.0379845018848914,1.143945128717246,1.4027587128406708e-06,1.4720945768642155e-06,1.0494282184019628
-74.2599589664387,5.498368853160241e-05,0.878169717926748,0.0183906877016289,0.017905204745082,0.9736016964442328,1.466730033116548e-06,1.2634156367082676e-06,0.8613825367874466
45.00050169596752,5.561108639977692e-05,0.8315832485782823,0.0256802740098905,0.02528876285484,0.9847544011835782,1.5426430676579776e-06,1.2714693597247508e-06,0.8242148727606059
-137.12105120401506,4.469157526589132e-05,1.184095621580728,0.0122061799072335,0.0205777142594798,1.6858439262627227,1.0234320351863092e-06,1.19680119751266e-06,1.169399780704334
-52.61099587752565,8.064063132227086e-05,0.854259457782531,0.0237927066246395,0.0220895295233049,0.928416000407002,2.0804100768330617e-06,1.7529325312482223e-06,0.8425899060807535
-263.57374073050494,7.326452908395804e-05,0.8384390930279563,0.0266864859697248,0.0309331296019452,1.1591308663507884,1.9016189078288611e-06,1.5686553635669296e-06,0.8249052200253484
-80.3653924705922,4.302762730673085e-05,0.9869006297121897,0.0172726651396941,0.0255842469457365,1.4811985723582166,1.025103311740038e-06,9.999532837177124e-07,0.9754658601388816
56.98484350337451,9.899238953944576e-05,1.0218836485404355,0.0139558123186469,0.0198303235314419,1.4209365301470744,2.272821792944691e-06,2.3236390932281427e-06,1.0223586822518154
-144.94608108614833,7.971347365406989e-05,1.053995037810249,0.0249293695936134,0.0083093207699334,0.3333145163872141,1.7321017694327854e-06,1.8096245443960896e-06,1.044756478130434
-82.43641137038514,8.528369050908402e-05,1.480879476085853,0.0175585098012843,0.0175178170614915,0.9976824491227684,1.4712303731581912e-06,2.169944338646529e-06,1.4749181217544167
-62.13204790216502,2.8661787104911893e-05,0.8724631200320245,0.0162342080933586,0.0222766513670324,1.3722043747945891,6.873628342083681e-07,6.111849845262269e-07,0.8891737436315205
-46.62019524543309,4.999460967754404e-05,0.9704668372406915,0.0386392402524518,0.0192368419725039,0.4978576661140032,1.175679429445131e-06,1.145086634705993e-06,0.9739786254884324
-63.065827440472034,3.883965597350088e-05,0.9065754217424311,0.0206916784374661,0.0223285679826741,1.0791085918986711,9.63440495637278e-07,8.742699170736482e-07,0.9074456814225492
-93.83006344504072,3.7901417474545685e-05,1.110207460973095,0.0265993402394508,0.0322524742914489,1.212529107906729,8.643693379897509e-07,9.36682256483235e-07,1.0836597451057912
-83.59863493098437,5.967999967127775e-05,1.1383914851990944,0.0158051236033754,0.0156786938332666,0.9920007098152738,1.282299431275079e-06,1.4534540394662717e-06,1.1334747594959171
-110.6955867596942,5.85709725602557e-05,0.7311837803935785,0.0133989342990933,0.0273642608455958,2.04227144000904,1.541565200865604e-06,1.1219913185861772e-06,0.7278260549447847
-17.337149281642606,7.975711325619212e-05,2.5892428343214773,0.0232933500884777,0.0146890799603864,0.6306125956374335,9.357751730030272e-07,2.470179589841623e-06,2.63971481730434
-54.51587189083288,4.433573166501426e-05,0.9806034480598275,0.0187938823222722,0.0185803604763504,0.9886387579606823,1.0764754447764546e-06,1.0429817710356053e-06,0.968885798646522
-80.87277349284926,7.99376807296267e-05,0.6907150990252463,0.0244776948638633,0.0200366395508332,0.8185672573447069,2.3140063224345542e-06,1.5838994862467608e-06,0.6844836467777444
-45.12449922361706,4.719683174804471e-05,1.0157470220737759,0.0222631622055819,0.0285771776042643,1.2836082017629735,1.1833066702259e-06,1.1771101179830132e-06,0.9947633589847812
-75.57208296423349,7.574021661151872e-05,0.9338662441078546,0.0312791461520034,0.0354225097803115,1.1324640899138692,2.0261797292107704e-06,1.883691697588754e-06,0.929676509162631
-130.05159016076098,6.461228431566144e-05,1.4350975990892791,-0.0255529339518705,0.0354551639819128,-1.3875183197629384,1.3869019684345245e-06,1.7918189326969436e-06,1.2919578841750958
-74.53755412434018,5.387286235428088e-05,0.7859195416723077,0.0164392513577621,0.026362022738508,1.6036023882596482,1.467616101195546e-06,1.158376072366506e-06,0.7892909265732859
-73.91285611185583,3.925764250428057e-05,1.2865562594759874,0.0196845417988427,0.0241232706218322,1.2254931239115985,8.41982112413956e-07,1.0662589681268706e-06,1.266367720176281
-82.43192812780345,4.880968730522538e-05,0.7951096829277859,0.0272758855674274,0.0255718154046036,0.937524662265822,1.352263796968472e-06,1.0650175742346277e-06,0.7875812224080849
-70.51725162371982,5.459152145968427e-05,0.867605416391794,0.0186984266911053,0.0269601238287676,1.4418391597402307,1.490687387700977e-06,1.2741644629035585e-06,0.8547496097546297
-250.3719378482606,4.926913312055961e-05,1.2425108567732368,0.0177806506408069,0.0297547504971116,1.6734342909153177,1.0922351332003302e-06,1.3492226473824803e-06,1.2352858888810487
-94.68238718290796,4.1187312060421405e-05,0.7228680624772699,0.0308018356192707,0.0205601085847586,0.6674962115535573,1.231886382291561e-06,8.73505494246667e-07,0.7090795927314075
-44.98316185738891,6.883925574031155e-05,0.6228683557233324,0.0238271234373041,0.0261844490685175,1.0989345456414914,2.1523615802789605e-06,1.3350194413674103e-06,0.620257977841429
196.70375380630296,7.526998044036179e-05,0.8233220207650952,0.0268478971338184,0.0232286857787172,0.8651957232604894,2.264950119290296e-06,1.8361062918196271e-06,0.810660807132899
-313.3295499194429,0.0001047085695934,0.6645483168611731,0.0214517995609029,0.0299325452153233,1.39533959052447,3.7003198559281055e-06,2.428161514097537e-06,0.6562031415223458
-65.34654333355813,4.667525981193038e-05,0.8362876273061358,0.0231310357363803,0.0153577980509732,0.6639477032504245,1.4476675317777975e-06,1.1992797115153428e-06,0.8284220549193198
-66.74494617046474,4.225785550512055e-05,1.0754435503457451,0.0183533181551789,0.020536528878185,1.1189545511360337,1.1744333672327267e-06,1.2643920298816227e-06,1.076597502386076
-54.32215050558193,4.4465396234909245e-05,0.7552135387833078,0.0244013813898868,0.015999742749241,0.655690040395505,1.4451190212673073e-06,1.095611104257045e-06,0.7581459299430169
-57.07280157360396,5.456960024074959e-05,1.1437052453656071,0.0182433715543996,0.0182048003670839,0.997885742380417,1.4814421750280394e-06,1.695515844349818e-06,1.144503560739876
-41.26851303772165,4.196599963718743e-05,1.113746094500785,0.0307715467291218,0.0201098664891242,0.653521471187294,1.2256458343992388e-06,1.355083325476258e-06,1.105607580464273
-100.40203630930574,6.71451151564233e-05,0.8475288187581693,0.0170069266365365,0.0193756517277928,1.1392800205398363,2.1598073751528948e-06,1.8058494329927649e-06,0.8361159674551657
-117.63024724465022,6.118232662669051e-05,1.4279988657600402,0.0157417113492311,0.022491652002079,1.4287933187885302,1.4133103674630967e-06,2.0198320122647137e-06,1.4291496466486184
-144.60234375555848,5.298968900569082e-05,0.8840489558059358,0.0268807783845753,0.0248138452493357,0.9231073927373464,1.5856232417173264e-06,1.4189076507429206e-06,0.8948580049862017
-85.86157862973081,4.151889174726539e-05,1.0378423988644685,0.0260982601281893,0.0227529493079044,0.871818626841275,1.1435899730570338e-06,1.2021611841993265e-06,1.051216968076172
-87.27356671970277,4.358460139178713e-05,0.7654462924677697,0.0219262855245696,0.025230485231064,1.1506958259205269,1.4120138573311263e-06,1.071235951642552e-06,0.7586582426799373
-55.6898667024666,4.717586371309438e-05,1.7485773345526037,0.0140847173079966,0.0193956025447151,1.3770672226203071,9.667327147623266e-07,1.687989330922658e-06,1.7460765578184183
-58.44798828069293,5.1736104733082206e-05,1.072223915462447,0.018530854905715,0.0183014238346325,0.9876189699692888,1.4587749603880086e-06,1.5487128360201355e-06,1.0616530157661912
-86.42161357519952,3.853224579980047e-05,1.243313823649048,0.0164842032833717,0.0294900033629566,1.7889856643969226,9.843976398635017e-07,1.219555137056822e-06,1.238884661716507
-145.04767876497996,6.605665174978979e-05,1.4903747921686126,0.0121035298554572,0.0290557548530213,2.40060174180681,1.4938689307995675e-06,2.205908172189277e-06,1.4766410403947574
-37.99787322787958,6.539246214200834e-05,1.1357879855575388,0.018414169183573,0.0216925425737493,1.1780353681718572,1.7414680735574757e-06,1.947059387589265e-06,1.1180563210738668
-79.25965849615531,4.963315810593917e-05,1.1758028980182083,0.0239130035635273,0.0201161131185542,0.8412206800000572,1.2497967054773864e-06,1.4730931552286148e-06,1.178666217291664
-68.96780660181952,8.399437531381847e-05,0.9479222856099189,0.0324551179468646,0.0162805197607785,0.5016318162033149,2.393149238421476e-06,2.2045535440816447e-06,0.9211935088242852
-40.937711386595176,3.67170488420604e-05,0.9209116830250251,0.0124822795015756,0.015207365064027,1.2183163389433247,1.0282335783836572e-06,9.454741111454812e-07,0.919512969642296
-61.83834607000219,3.726887799319895e-05,1.0415182717964224,0.0159666896956468,0.020036453833469,1.2548909144850304,9.94935453351056e-07,1.0292767255828931e-06,1.0345160805318296
-90.43434057069062,6.504589349165836e-05,1.0946206829901566,0.0191008522086969,0.027773981703812,1.4540702896578603,1.6623396936871765e-06,1.7942716108686876e-06,1.0793651969465266
-76.41798647183161,6.012587732605533e-05,0.8767671389934321,0.0257867812012105,0.0402206920335869,1.5597406950386978,1.6952709038386112e-06,1.468160480822302e-06,0.86603296116151
-60.20302951689495,5.342417526062375e-05,1.0192201164273156,0.0242010253783927,0.0226902384875494,0.93757343471107,1.411983831922493e-06,1.4137901211121954e-06,1.0012792562838646
-89.78918091153696,3.417345116196342e-05,1.0837370743680963,0.0132911353576657,0.0236241708076952,1.7774381324067885,8.680334554148609e-07,9.391459078402256e-07,1.0819236309174023
-52.15041469524872,0.0002195476951768,0.9721540794879197,0.0177268240932496,0.0251794496407714,1.4204151577472828,5.553637803572341e-06,5.236881444883297e-06,0.9429641669312152
-63.078058057894985,6.515231413905562e-05,1.4993268225624037,0.0301399416179205,0.0284146166803328,0.9427561951028516,1.2157792087788566e-06,1.813781910681478e-06,1.4918678470437594
-81.80847164214101,6.286678992655867e-05,0.8452645193702997,0.0287064288259771,0.0288635397498505,1.005473022256647,1.6379285376048094e-06,1.385607260897157e-06,0.8459509857025697
-113.54146275448414,8.071048926160034e-05,0.6327605018881849,0.027143639280288,0.0206106776960298,0.7593188770010508,2.3032796321484424e-06,1.5572017503430745e-06,0.6760801982564988
-93.3315665904188,6.918837192782818e-05,0.7323845228067944,0.0166870838593194,0.0222839092540393,1.335398649752347,1.974568733987622e-06,1.444040235425633e-06,0.7313193056133367
-30.89204469585698,6.873963238122568e-05,1.0321891948557478,0.0184255941057801,0.0154951970882772,0.8409605139090959,1.6488014013672444e-06,1.690774649456528e-06,1.02545682460876
-154.8495683690096,6.161957142096074e-05,1.0976066914217926,0.0168213089218556,0.0202263847282693,1.2024263285474466,1.4114515972166975e-06,1.540636551716865e-06,1.0915263086278784
-110.22778513580208,5.944394289150892e-05,0.7383166861759048,0.0248773894561945,0.0253759023646866,1.0200387950419767,1.6428802750138972e-06,1.1990406304968328e-06,0.7298405420849612
-68.99509563449116,4.22520246589297e-05,0.8853078384685961,0.010856775456147,0.0261464702171366,2.4083090161299032,1.0917045544704206e-06,9.769352468931728e-07,0.8948714584845515
-121.94645213276218,6.30620732419132e-05,0.7020242669767566,0.0248785478833251,0.0283695881857577,1.140323314640582,1.861037950499808e-06,1.2947151797870088e-06,0.6956952056992147
-89.48519177703743,9.740723778292812e-05,0.8272490049947218,0.0199210760207354,0.0293242943606391,1.472023616099658,2.6762166875715558e-06,2.161680889788425e-06,0.8077376169976623
-60.25727831848466,4.913126348478773e-05,0.9371953036964461,0.0282786968731542,0.0270835954680831,0.9577384555436982,1.2294874425416378e-06,1.1541842825716e-06,0.9387523960274304
-67.90503237552831,4.193131745406439e-05,1.1140481342002062,0.0171815183069234,0.0249269864043643,1.4508023074025922,9.67923020491834e-07,1.068552773871633e-06,1.1039646245097732
-146.23759927756495,9.167201496867132e-05,0.8132787619883619,0.0221255965268848,0.0246838490127257,1.1156241135795986,2.449022773908707e-06,2.0386197875626765e-06,0.8324217354291826
-93.67553045538158,9.680254996676644e-05,0.9020351649757149,0.0365325708180933,0.0244704264749884,0.6698249240885373,2.417564321068661e-06,2.1661575288644244e-06,0.8960082302616442
-84.57005997337748,3.756266470579863e-05,1.4028573820937582,0.0184272217748978,0.0173507579549413,0.941582956285746,7.439472238126929e-07,1.0366659727115678e-06,1.3934670895049592
-146.41904736146782,8.380194777343092e-05,1.1874340198633797,0.0159580798809252,0.0249902507628976,1.5659935875348368,1.7369021615009331e-06,2.07894376059069e-06,1.1969262326176069
-40.47666834472549,5.474232193320749e-05,0.8257042737759295,0.0309840563078068,0.0175110876754154,0.5651644672167484,1.390126740128707e-06,1.172304661438438e-06,0.843307755758945
-53.0011123419518,6.424707416140886e-05,0.7657845881151716,0.0221210002454914,0.0194299175321748,0.8783471505152649,1.628866290453274e-06,1.2474814941666843e-06,0.7658587457289331
-18.15959774525133,4.9869362321130245e-05,0.9091905437132405,0.0159874190084326,0.0261105007529236,1.633190494297519,1.2084571331659674e-06,1.0836230741176808e-06,0.8966996382227965
-69.62293472621256,4.776249807326185e-05,0.870694110816259,0.0209920175931195,0.0275660513696045,1.3131682672865022,1.2163005177059714e-06,1.0459493063393783e-06,0.8599431564101546
-113.60276777459757,7.110080685626655e-05,0.6077952028471824,0.0193407283002879,0.0225405853442356,1.1654465640727711,2.1313355778482967e-06,1.2671794442164052e-06,0.594547126875109
-193.3816371488537,8.355357761849172e-05,0.7813999718137998,0.0291855264724032,0.0306590913106184,1.05048957535882,2.211128199445348e-06,1.7031873671331272e-06,0.7702797909050976
-72.4460508128655,4.294931657116935e-05,0.9108396103958426,0.0162618468830236,0.0393163504310878,2.417705117623004,1.0348576415781216e-06,9.440444330212502e-07,0.9122456994003691
-26.994385742014693,4.342745776451299e-05,0.9102830773459745,0.0233223714553038,0.0322139898014415,1.3812484662281428,1.0230433687392516e-06,9.230326714113428e-07,0.9022419768468302
-55.62828522669589,7.76459090372921e-05,1.3118876536790978,0.024865340881914,0.030072584222122,1.209417733902675,1.53810683040468e-06,2.0408300426369784e-06,1.3268454455143603
-56.359184933744544,4.4973440579297815e-05,0.9616313477483641,0.02411554855933,0.0270318571756168,1.120930635648282,1.058943571501362e-06,1.0165171897288364e-06,0.9599351817090934
-34.4099683243432,3.071934236797688e-05,1.024839278503991,0.0248465370982529,0.0301890641972474,1.215020993785491,6.978809437178184e-07,7.100039684717701e-07,1.01737119327169
-58.772185882670335,6.112138961072304e-05,0.5694767938154783,0.0229183704141762,0.0267306025201794,1.166339579870176,1.69877412140376e-06,9.69084469094247e-07,0.5704610500502896
-46.98495000165365,2.8443434059976024e-05,1.4577666012054453,0.0093270430708961,0.0234055270178823,2.5094262822604967,5.105259042011708e-07,7.378720716163285e-07,1.44531759415987
-158.6355680972658,6.532146764430772e-05,0.7295857694249062,0.03005533684095,0.0313512285893823,1.04311685992042,1.70280030082089e-06,1.2418393481543192e-06,0.7292924176461857
-115.04894897698456,7.936477013378317e-05,1.1468428336432401,0.0283876149883255,0.0311550584538187,1.0974877060517858,1.6339195727580362e-06,1.8768238119806889e-06,1.148663522533507
-48.57391372481392,6.12430528746975e-05,0.798845484144343,0.0318499023018649,0.023001922069409,0.7221975706990529,1.4299240462404155e-06,1.1862657345640212e-06,0.829600521568243
-65.55373009814986,8.021339295952309e-05,1.6892361895971326,0.0267543992671959,0.0205668110390409,0.7687263254779289,1.203051786450395e-06,2.02116662469194e-06,1.6800329357852446
-33.723696170258,4.288460334634845e-05,0.9093898339734772,0.0308140143516742,0.0221437329856901,0.7186253869089574,9.629083442770114e-07,8.653461200327529e-07,0.8986796356848356
-65.39307585536098,4.7596892684103486e-05,1.519185152577364,0.0070374580374579,0.019617546107118,2.787589780670913,7.923189595205611e-07,1.1860520380000843e-06,1.4969375953312722
-71.89229677898268,3.301196567360944e-05,0.941968425075988,0.026698297839842,0.0253607513738039,0.9499014328905226,7.241055267508728e-07,6.816660756481642e-07,0.9413905162509416
92.29373322616227,7.84434583234943e-05,0.5535815546284695,0.0101859925358877,0.0318620216675005,3.1280232687431058,2.171029546223212e-06,1.182984744991945e-06,0.5448957371629974
-144.0036845006726,9.1391458014029e-05,0.4691517246208993,0.020022403388183,0.0244424244533664,1.2207537716372248,2.807785846712977e-06,1.293077067280573e-06,0.4605326537970673
-68.00998671023724,7.208227500882157e-05,0.8755524781107147,0.0359701009958232,0.0285119590172379,0.7926571854927134,1.7377110303197603e-06,1.509502051401872e-06,0.868672653314576
-35.74541202394457,4.585395050660547e-05,0.8135147543474871,0.0326124785840915,0.0296155448210045,0.9081046920319366,1.1553917222732965e-06,9.227068460998364e-07,0.7986095350279644
-116.4946345450145,6.41810352257606e-05,0.7905107866450491,0.0316187265312248,0.0274593908933595,0.8684534105522022,1.635916664735969e-06,1.2842556706559549e-06,0.7850373422678159
177.15326985959337,8.681835556615789e-05,0.535172172930629,0.0195539675575456,0.0210082523135952,1.0743728735239904,2.7011010392792256e-06,1.413488632159301e-06,0.5233009101120049
-64.60363809813259,3.043058161322227e-05,1.1273328622422254,0.0178021642665929,0.0301575315197206,1.694037369170527,6.630585731275287e-07,7.421585704937977e-07,1.1192956407956065
-61.664517070813375,5.6331531613660767e-05,1.0908107044457542,0.0097557137114451,0.0205452474376763,2.1059707208887457,1.2668670140750436e-06,1.3679672418911576e-06,1.0798033469124055
-36.76155260330153,6.483496258713489e-05,1.3423441762025161,0.0156094635422366,0.0245916575104466,1.5754325857455418,1.266872552809672e-06,1.6720287937668962e-06,1.319808208062183
-136.1580412294579,8.500470898002452e-05,0.6068629803954486,0.0337269413650163,0.0159139667899998,0.4718473168903134,2.4242088741023277e-06,1.4397899976201683e-06,0.593921593556296
-68.66178327898325,4.929442474847606e-05,0.9767383778399341,0.0268471594363963,0.0207328781819669,0.7722559338571819,1.147572200694992e-06,1.117683343200162e-06,0.9739547041338846
-74.06835877619655,5.143232667808258e-05,0.6627179375102571,0.0282433056203402,0.0264211168431337,0.935482453728994,1.3806906105463087e-06,9.417595465129426e-07,0.6820931056671047
-75.84079913209709,4.847827546627157e-05,1.1695852372785858,0.0140596175148457,0.0297752064198398,2.1177821081121078,1.0679849623617469e-06,1.1471892360921296e-06,1.074162349210639
-99.03878236038028,3.948075942017403e-05,1.1074865151946085,0.0168822058659139,0.0162473055928806,0.9623923391246418,8.548180993679578e-07,9.635658241182594e-07,1.1272173867524662
24.430452190659032,6.067711201788872e-05,0.9851301344253499,0.0173954736272511,0.0184463326895099,1.060409913795768,1.5280145102222864e-06,1.49044440713943e-06,0.975412469690886
-76.4973082996802,3.086074562651039e-05,1.1554422738156271,0.0129684878561934,0.0316265930119024,2.438726346711141,7.167595096734206e-07,8.20281808492001e-07,1.1444310084783509
-78.52472904270516,2.2093811382837163e-05,0.8940922778594351,0.012235212642323,0.0206475005024236,1.6875473362025113,5.764270877140713e-07,5.132341995235829e-07,0.890371411168251
-52.02288798540975,3.1284311377242675e-05,0.9729382897226673,0.0189879211006933,0.0225740613230595,1.1888642892156955,7.646999239785219e-07,7.480745426817981e-07,0.9782589473656196
-39.03336305380172,3.0428057379097737e-05,1.1970826056050912,0.0160625171458708,0.0141666539950582,0.8819697352790097,6.559987011640393e-07,7.851472139058689e-07,1.196873122633721
-74.10304876414625,4.840091826522349e-05,0.6310077026927916,0.0234657852248817,0.0244671141419469,1.0426718691690526,1.323406295490655e-06,8.722312297420479e-07,0.6590804598059333
-92.82082389242112,6.771608667623387e-05,1.2635233552140772,0.017575781142658,0.0185878621670775,1.05758384314215,1.3715764892708452e-06,1.7006322359169663e-06,1.2399106059488183
-59.57366742840222,4.197111736422807e-05,0.9393908066381188,0.0316395115061411,0.0257342096364742,0.8133567306018402,1.0107490303106903e-06,9.366145539074488e-07,0.9266539228037116
-33.73542860305585,3.395868523806399e-05,0.8637395195026001,0.0207745202615616,0.0214934650030514,1.0346070442271584,8.253726675946719e-07,7.191627213607013e-07,0.8713187988845195
-67.4016867947955,5.052906390932126e-05,0.95853025491264,0.0262142439440326,0.0293830963697676,1.120882846459369,1.174865287372018e-06,1.117394219232701e-06,0.9510828443422048
-61.78246937467138,3.360856326857976e-05,0.9872277218374597,0.0261223715135685,0.0251278367099554,0.9619278516463724,7.696251068467927e-07,7.548910847117015e-07,0.980855585396041
-23.12107616204794,2.829397616801459e-05,0.819123582321826,0.016888931221569,0.0280663712053522,1.6618204454233545,6.979189774287923e-07,5.72492329164241e-07,0.8202848004984241
-31.735171845798803,3.539900708678882e-05,1.3524897920797905,0.0331481299768902,0.0218112319791304,0.6579928338140482,6.742962576284613e-07,8.99588588890715e-07,1.334114758481116
-28.654763116260217,4.535237021361e-05,0.7024348701522681,0.0164928992090095,0.0191855576310462,1.1632616793392996,1.240833533120591e-06,8.6483884495696e-07,0.6969821671259671
-261.32761483560006,8.353235327415404e-05,0.9636380584927242,0.01965915984588,0.0213091138632928,1.0839280025366171,2.0437719207959416e-06,1.951245326655839e-06,0.9547275343209196
-75.37217531326519,7.155976815229379e-05,0.6082964530248417,0.0298458807773389,0.029585648175651,0.9912807866643508,2.1085450000195186e-06,1.268678448508312e-06,0.6016843124033721
-29.706157834410885,4.640700948619357e-05,0.8642775581995517,0.0244218452009709,0.0234069383660925,0.9584426636674416,1.154543304136366e-06,1.004593163911779e-06,0.8701216838836944
-187.3004011972637,4.831505659361568e-05,0.8779770275743056,0.0274333041246286,0.0221204604380436,0.806335989917624,1.2037525298658924e-06,1.0413374007777656e-06,0.8650759811020118
-34.851918400748886,3.795058579474202e-05,1.5568773663287503,0.0194531697491565,0.0265529206670685,1.3649662759057477,6.567475554399576e-07,1.0050785480797691e-06,1.5303879546326795
-41.91145520750254,2.7498897422509725e-05,0.9783470103023542,0.0151615650014373,0.0185672262267186,1.224624649563448,6.471915010821434e-07,6.252364447448711e-07,0.966076414321631
-29.35661485567116,3.0045726465580635e-05,1.0824312122160187,0.0303286390501586,0.0260042396156279,0.8574153153598882,6.580837021881332e-07,7.094440919301395e-07,1.0780453756432995
-73.49934518164915,5.0984284836300696e-05,1.175688987310571,0.0167995097771014,0.0258092843335884,1.536311754094625,1.0383579857829374e-06,1.215483188966166e-06,1.1705820204673183
-37.427826481649625,3.896133269670286e-05,1.0964214414703883,0.0260019390480192,0.0225020540933864,0.865399078577587,8.407578072563516e-07,9.101167346271336e-07,1.0824957279874945
-64.04130944553823,9.433014880982204e-05,0.9490123562959497,0.0349096358899603,0.0216708659094228,0.6207703219171983,2.2347080712245697e-06,2.1040504518054557e-06,0.9415325781915144
-45.46239281927813,7.267419933392041e-05,0.7975496225794776,0.0288001758576775,0.0309226153929973,1.0736953672022098,1.962339941542815e-06,1.55474264670697e-06,0.7922901704200205
-76.80549016842616,5.285926065499099e-05,0.9907611719871233,0.018682434558869,0.0250655275553376,1.341662805045839,1.2777018869242003e-06,1.267797775407659e-06,0.9922484958205832
-105.8478636106959,4.77525325027965e-05,0.7128820199406041,0.0311394412345411,0.0222957422311018,0.7159968627301652,1.3627812114823889e-06,9.593417817985777e-07,0.7039587673468415
-69.942396515721,5.41100955508839e-05,0.8933264690792354,0.0220425745253539,0.0318337297888847,1.4441929073334356,1.4232190255197782e-06,1.2700000963875854e-06,0.8923433945268998
-54.92684411171718,4.930191685083284e-05,1.265390110552834,0.0251702782967971,0.0240348175657513,0.9548888288934682,1.0765407031082092e-06,1.3713795207173094e-06,1.2738761449129008
-79.77708856848783,6.64377695044156e-05,0.8710321814057101,0.0281078862786945,0.036433284389262,1.2961943857328782,1.817109124594396e-06,1.55308033628246e-06,0.8546984412007338
-110.61895622648892,8.9674081964622e-05,0.6906588477853844,0.0343484142127873,0.0244791547060991,0.7126720481024711,2.7556077825361333e-06,1.909448389423944e-06,0.6929318466601864
24.559156573235,7.005510684645762e-05,0.9729611084387674,0.0184723482602835,0.031750024931319,1.7187866146711377,1.880551297427429e-06,1.8129530367406176e-06,0.9640540192765362
-106.50635570430852,4.4821020230369385e-05,1.060155537222007,0.0186954358831052,0.028181952825446,1.5074242184914035,1.1113274561703814e-06,1.1775833069353446e-06,1.059618657306713
-28.06023314607632,5.035603971671746e-05,1.3802229653707765,0.0197865135680931,0.0193658886287384,0.978741836559168,1.02372912737678e-06,1.4472845020067318e-06,1.4137377391178434
-102.2464715065592,4.861589154396442e-05,0.8957741376432361,0.0269968723893239,0.0361708766224969,1.3398172981252792,1.2915548667592888e-06,1.142928524165071e-06,0.8849244841087206
74.65463514606004,6.578011534382517e-05,0.9775783462006393,0.02256538181117,0.0282120112291528,1.2502341624544375,1.7380778297654811e-06,1.7020896936127809e-06,0.9792942896247884
-148.92755705776332,6.786409557654876e-05,0.7956882140596122,0.0236811857122977,0.0265115395776231,1.1195190941750708,1.991425668372415e-06,1.5956866291325142e-06,0.8012785284808863
-99.93520328198804,5.072497959883275e-05,1.0901544576283824,0.0199421994396326,0.0258792987048089,1.2977153690167746,1.2898682950182356e-06,1.3909861075357123e-06,1.078393904949844
-52.34015947938334,5.405565940519447e-05,1.5172520800182436,0.0251766088293969,0.0278016592040271,1.1042654470432536,1.0834971649832477e-06,1.6336688358727252e-06,1.5077739828677668
-228.4684010499741,6.860512912273721e-05,0.9352938668149622,0.0191010345873955,0.0234244177096297,1.2263428770024365,1.8152161267558444e-06,1.6947002699033605e-06,0.9336079847043504
-49.29376920712837,5.66858327969409e-05,0.8774881065345911,0.0206117727945586,0.0207027654200181,1.0044145948224046,1.5541139678497797e-06,1.364034817438557e-06,0.8776929141984292
-99.038201350392,4.647591043388096e-05,0.9465259250167878,0.0206285767819023,0.0208789475649743,1.0121370846723476,1.1790463110168916e-06,1.1517008608374971e-06,0.9768071449578516
-70.81372301528887,4.867384968259642e-05,0.7188831052480423,0.0273381534246779,0.026188473990082,0.9579459732800336,1.4436842608729396e-06,1.0474480482869304e-06,0.7255381780317944
-33.10795092891679,3.077709494887766e-05,1.2544937975330694,0.015498405751978,0.0242370062412173,1.5638386701886438,6.893623407375065e-07,8.61997876183974e-07,1.2504278595517349
-158.2360286980322,3.823031978787122e-05,1.1520942255459214,0.0275992571828814,0.0195684184292141,0.709019750044271,9.133501513047112e-07,1.0514203773515518e-06,1.151168996741949
-82.47156905909533,4.864831132798528e-05,0.7521463772557999,0.0205259226609255,0.017808812142315,0.8676254138001332,1.449781309759908e-06,1.0913914742579525e-06,0.7527973128848604
-21.363142691753048,3.710291758556569e-05,0.7288012151574608,0.0179585683815919,0.0269303247996644,1.499580825566745,1.116714997431782e-06,8.074200304879998e-07,0.7230314201429211
-16.410354688903286,3.538576854745401e-05,1.4946839204265143,0.0186073284758792,0.0265104144582739,1.4247297505732486,7.16587695431495e-07,1.0586605369291974e-06,1.4773635434693342
-20.815700530825943,4.254858829096314e-05,0.9361868525578456,0.0214992973517346,0.0201007390070046,0.9349486487000404,1.128798764873687e-06,1.039851027561647e-06,0.9212014221844108
-27.87657699393019,3.113405199342359e-05,0.9216403675092271,0.0181504822781564,0.0271982797710824,1.4984879935567783,8.146934412638457e-07,7.473124165115433e-07,0.917292786047506
-168.63201461462327,7.003481552791061e-05,0.7425676735612157,0.0215220261906148,0.0258736618669998,1.2021945163454295,1.995420378544467e-06,1.4583318243711136e-06,0.7308393960749637
-39.42578148857403,4.801457378108213e-05,0.8039720561307415,0.0289991933299926,0.0246897631897735,0.8513948270498257,1.37543359372665e-06,1.0964991450258053e-06,0.7972025330971527
-31.738044685273923,4.353226078846853e-05,0.758118601795311,0.0313953199300421,0.0214754612825381,0.6840338410435597,1.2728816694139863e-06,9.599993741896703e-07,0.7541937300673346
-121.92837750719936,4.365722342510972e-05,0.9837733066165063,0.0268995043784738,0.019545827508283,0.7266240757924313,1.1526365133346718e-06,1.1095781174709216e-06,0.9626435607707944
-38.45712468913565,3.463764769725267e-05,1.1010898434304994,0.025189601423495,0.0216763864970922,0.8605291577529326,8.490430470968865e-07,9.24222723076844e-07,1.0885463655076355
-74.21647788726973,5.99926770563184e-05,0.9789774041556247,0.0239079932181215,0.019447578624454,0.8134341701968265,1.5774834171957089e-06,1.5176569833095643e-06,0.9620747620963916
-38.593270686249696,3.697875675530206e-05,1.9056484169244226,0.0151657871650962,0.0151141932740757,0.9965980077091372,6.077465723189315e-07,1.1561316682927557e-06,1.9023252798965091
-87.67476681811327,5.027023800493356e-05,1.0644927104981006,0.0224971913759574,0.0234003739258597,1.0401464580537634,1.2400294124984155e-06,1.30237313521306e-06,1.0502760032030485
-66.93483387896654,4.483360700082014e-05,0.9389760725139332,0.0334439822629029,0.0269413600829061,0.8055667495312111,1.1988177882524156e-06,1.121682922769088e-06,0.9356575567703485
-253.28888745545467,8.758599113273838e-05,0.8827630017321999,0.016243501845073,0.0258000754013654,1.5883321002725252,2.573047200480291e-06,2.2127855292155645e-06,0.8599863728899031
-35.3669349787191,5.400504566647832e-05,0.909706011676513,0.0195555755614165,0.0344302376456787,1.760635351158378,1.4867898902412046e-06,1.3656469729924111e-06,0.9185204862879852
-68.76082278632327,6.106329146644434e-05,1.4193469143006545,0.025740943534333,0.0370567861113167,1.4396048094309664,1.3471263703522886e-06,1.9334198722853185e-06,1.435217894056745
-8.678271754965271,5.925753674606702e-05,1.5270090471127884,0.0274024405885905,0.0243014140391079,0.8868339285525619,1.2509384491974974e-06,1.915477382734706e-06,1.5312323191948602
-40.92915005500007,6.052137793327473e-05,1.8705839300119333,0.025755673830135,0.0541304066707936,2.101688623166955,1.0777683074007529e-06,1.998881431370627e-06,1.8546485526108267
-72.85544555463218,4.457114438881599e-05,0.9013953746965699,0.018472923772072,0.0250184970227542,1.3543333654945318,1.3101572826942591e-06,1.088198954595071e-06,0.8305865020703893
-54.82090388278269,4.423059157479793e-05,0.9255914781781397,0.0264511115294494,0.0216140494290337,0.8171319910306851,1.2489165133911135e-06,1.1441176781033689e-06,0.916088197918698
-50.07814245124961,4.233978231972928e-05,1.0416321058256006,0.0180212536107043,0.0246677126696521,1.3688122481667937,1.1329401837390832e-06,1.1619561114873658e-06,1.0256111736212945
-94.75593579474553,5.015742303719529e-05,0.6120445612131725,0.0265196121775137,0.0208294175699447,0.7854344713082262,1.6783856415855568e-06,1.0119452027527131e-06,0.6029277048609264
-38.4425025359001,4.672539683113509e-05,0.9727089211071921,0.0251459880093173,0.0193002861638323,0.7675294427357968,1.2885878163006091e-06,1.2304292203071803e-06,0.9548664085926284
-51.75426114383939,5.2300788850589015e-05,0.9060693480475581,0.0205564159067482,0.0180818517605711,0.8796208367546823,1.4307414630234953e-06,1.2983839110127609e-06,0.90749023815174
-100.94901015253078,5.019474623760405e-05,0.9435823515927094,0.0209350756845243,0.0212817532644845,1.0165596525746754,1.420857232599496e-06,1.3474148418946e-06,0.948311210289206
-65.81801662334917,6.325729842981991e-05,0.5969043320442081,0.0363848495035448,0.0188400791379856,0.5178001117237041,2.2267777638657125e-06,1.3206158922781169e-06,0.5930613794101806
-49.150728757044256,4.462824310951799e-05,1.1560808793604869,0.0203915260476747,0.0212951546333893,1.0443139264615122,1.162261229489436e-06,1.3630445231469091e-06,1.1727522940308988
-30.720173714888915,6.588964303142272e-05,0.8326458015761309,0.0228054271780017,0.0241596220969427,1.059380379432106,2.0933956748248232e-06,1.7195192314044409e-06,0.821401922285108
27.18515013688521,7.13830394176231e-05,0.718406927541983,0.0422986190277867,0.0225943196687539,0.5341621118625958,2.4218351933497627e-06,1.7255056118673198e-06,0.7124785437941736
-401.6100656181841,8.208041191308051e-05,0.860801911242716,0.0235543675452171,0.0251577813445042,1.0680728869586096,2.6867215251172498e-06,2.3054011377435558e-06,0.8580722327160224
-119.4174606315126,4.9375898466512006e-05,1.2540933960037235,0.0228819810753516,0.023395661400332,1.0224491193873837,1.3021966402055024e-06,1.597459970114695e-06,1.2267425063104114
-193.2846924206271,3.65709736319301e-05,0.8110166566601913,0.0149175599165046,0.0262307828888478,1.7583829416918553,1.1941239546324094e-06,9.74994827307756e-07,0.8164938183556426
-49.5815113899925,4.2639790771098806e-05,0.9942638996571839,0.01303082044488,0.0232422217665858,1.783634565827966,1.2645387215874077e-06,1.2759215570228865e-06,1.0090015712774614
-229.72356869586423,9.913343035689093e-05,0.6632479551847463,0.0228380104103399,0.0336893666784199,1.475144553886668,3.943320702728027e-06,2.58864109843055e-06,0.6564622290648852
-227.42400158400287,6.957375829295225e-05,0.7535009912382278,0.0352548067486268,0.0197239440529571,0.5594682221233688,2.704014732897904e-06,2.002584443218499e-06,0.7405967204447591
-77.01096913128657,4.7226024301394384e-05,0.8515435514195644,0.0237204653041486,0.0216141936507689,0.911204454618714,1.7134994410848513e-06,1.4451683151518725e-06,0.8434016845881823
-204.8510076324555,0.0001162593452577,0.9663676334016496,0.0279563602401168,0.0277477726507469,0.9925388145102438,4.087753134132956e-06,3.921417379230681e-06,0.9593087572942304
-315.17943112638056,6.957430433909586e-05,1.2364660386991495,0.0225140549720692,0.0205075613907899,0.9108781788190272,2.0604506944443934e-06,2.4950074066530143e-06,1.2109037179973872
-54.22561669455487,4.7197059593559846e-05,1.2285732933357687,0.0162301480537528,0.0203422778930713,1.253363667768125,1.3986123453976325e-06,1.7247513023529971e-06,1.2331875290737848
-74.23385225054261,5.022455252703292e-05,1.1894305283396167,0.0123569245603647,0.020293907259974,1.6423105248264909,1.526716458369741e-06,1.853623749801056e-06,1.2141244300073857
-154.10761892943043,6.156778830571872e-05,1.0358866229742143,0.0292275951066695,0.0292576808367787,1.001029360438292,2.2013700454867944e-06,2.2542235626458326e-06,1.0240093741928566
-461.9117407478766,7.740084343126898e-05,1.603279862937396,0.014028695395845,0.024305459560092,1.7325530902389386,1.9170977253719787e-06,3.0771418003471613e-06,1.6051042988693216
-89.12368616736117,5.6659938120512114e-05,1.1836408984812568,0.0176011242905017,0.0205959185949009,1.170147898223484,1.7910139125824054e-06,2.1073653386272683e-06,1.1766325899661638
-236.22233176631224,8.56548830956412e-05,0.6141349389229926,0.0211749983625421,0.0206081134518652,0.9732285735766688,3.654887342925957e-06,2.2756384024570294e-06,0.622628877155826
-145.36793955293538,5.372065740799936e-05,1.0888003206939427,0.0319515519073743,0.0271807870157941,0.8506875376379097,1.8269843170063415e-06,1.961975737847461e-06,1.0738875641047176
-90.11889460427253,3.850238000187089e-05,0.951668589314763,0.03218853701388,0.0172173127870457,0.5348895720119702,1.4121827269611762e-06,1.3225016156474524e-06,0.9364946833001524
-38.9691987181956,8.391812169390412e-05,1.667853176894816,0.0160563992129182,0.0262210821140299,1.6330611718307055,2.137553318197415e-06,3.662846154682212e-06,1.71356949251262
-246.7964810683766,7.370426013504549e-05,0.8613511422964606,0.0299904701999811,0.029779890164655,0.992978435018794,2.7153302349718672e-06,2.4336737976896286e-06,0.8962717559526763
-50.73788359633709,5.287100272733734e-05,1.060823118120569,0.020460274157043,0.0221902897146646,1.0845548571022527,1.835917163631756e-06,1.9371590431800454e-06,1.0551451239488472
-201.3653964955824,5.513046556952692e-05,0.8657005547634274,0.0320486855098528,0.0190033451887742,0.5929524062049915,2.078502905262802e-06,1.808983055483164e-06,0.870329818112253
-158.4444982869654,7.560765351543198e-05,1.5958191797270045,0.019676511905856,0.0307999606051439,1.565316086128935,2.0581399726393345e-06,3.1966375443656013e-06,1.5531681940302005
-145.08959331754576,6.07155865776172e-05,1.0362167671102647,0.0212126119887994,0.0321854779468166,1.5172802841918287,2.103788409291416e-06,2.1800670985755872e-06,1.0362577761847556
-159.3999427886783,8.548360814913669e-05,0.6139973497910227,0.0245424857377728,0.0176734431513863,0.7201162645145412,3.671529494775609e-06,2.273043587298003e-06,0.619099912048214
-375.8009774443888,6.523338385302562e-05,1.2880870646327585,0.0142449445927125,0.0181045875678719,1.2709482616825276,2.0292643243792408e-06,2.5798145546777106e-06,1.2713053315353016
-16.38309552896572,9.69276971577056e-05,1.7100315057323685,0.0165974866450345,0.0297579257964719,1.7929175924581684,2.404893760863675e-06,4.09878944246921e-06,1.7043536430470851
-154.3817566864572,6.961621521984457e-05,0.961084139715663,0.0161150300871464,0.0167889431615751,1.041818915061553,2.461623291415162e-06,2.3526255490019714e-06,0.9557211930869696
-111.5813956985454,7.266666087388634e-05,0.674100841336944,0.0280183727604447,0.0338864117138139,1.209435394537024,2.9723473220610773e-06,2.082416709068848e-06,0.7005966946099907
-147.91751841278622,5.403248709031821e-05,0.7814114828178543,0.0254043717914377,0.0335580133259242,1.3209542672979808,2.1012518743682105e-06,1.6655988075081592e-06,0.7926697545523711
-97.05866242728472,7.353260731680102e-05,0.8778045132966115,0.0321201354983003,0.0219801400394915,0.6843103149628561,2.7426088368980456e-06,2.380898737954111e-06,0.8681145870757723
-126.63568502135928,6.936483539925412e-05,1.1410216165645595,0.0179759509949453,0.0170584170871995,0.9489576986495006,2.2401651959532545e-06,2.5315269605289613e-06,1.1300626244448566
-53.08400504159796,6.421283166453389e-05,0.8450272548699123,0.020781666637035,0.0193132883905582,0.9293426137507168,2.337513809569624e-06,1.984568191235391e-06,0.8490081141384929
-269.51061923075247,6.945813955877358e-05,0.7789092312166986,0.0167078936230917,0.025333465277564,1.516257276294307,2.7054937289594074e-06,2.0840504092635277e-06,0.7703031749643342
-143.51335106166044,7.320387753758898e-05,1.2133041409183076,0.0235384283805436,0.0250370203617625,1.063665762088756,2.1202669175718108e-06,2.600058003424123e-06,1.2262880592419856
-122.3554852845065,5.4839061526490094e-05,0.8309634478755473,0.0159309151298109,0.0271480860115871,1.704113404055858,2.0781682625117173e-06,1.7143725380844356e-06,0.8249440476068137
-45.31710027047388,5.273252267653251e-05,1.502827070741758,0.0244098711212908,0.0204037290666342,0.8358802455469608,1.4773434704136845e-06,2.2093046995678195e-06,1.4954577211142188
-456.6784486099619,0.0001053069213877,1.3878477333713009,0.0230480324912623,0.0193552637152192,0.8397794355139386,2.991919637715287e-06,4.0622849019312935e-06,1.3577520100216889
-121.97969412830398,0.0002096024534007,0.5540841491182481,0.0274652491375623,0.0210870659292265,0.7677726068898884,8.670746206578268e-06,4.917886076557026e-06,0.5671814120018821
-1045.054114499563,0.0002002171159344,1.4772290931321723,0.0194732850007062,0.0169070254943995,0.8682164048739806,4.979898049588839e-06,7.145449235925313e-06,1.4348585382215346
-188.01995946572623,0.000118005940975,1.0467613753366114,0.0140576522359048,0.0243129323642763,1.7295158506040056,3.803272090974216e-06,3.907844131785484e-06,1.0274952825645671
-249.1360231265844,0.000109366754897,0.935027203471563,0.0204946854677406,0.0181061492437527,0.8834558243039373,3.6603641979360207e-06,3.38798725363549e-06,0.925587474477508
-90.85119495613952,0.0001037011156892,0.728999876359058,0.0211283177324193,0.0147627406998741,0.6987182267342604,3.611074248922117e-06,2.6757824809303397e-06,0.7409934818507383
-98.22794938000304,8.464922774711354e-05,1.1796367699420212,0.0154168368542999,0.0163787670964599,1.062394786378745,2.3804274281561087e-06,2.8005128916663816e-06,1.1764748038698551
-149.62679491160074,8.041009783260217e-05,0.8895011953904093,0.0189443746525506,0.0267342901453581,1.411199400121594,2.72447277877418e-06,2.392460803505134e-06,0.8781371655258645
-181.2067809070693,7.099163403349767e-05,0.7716253574836313,0.0356029219474307,0.0251512199517823,0.7064369601157809,2.5518335551801738e-06,1.953358588971993e-06,0.765472569716278
-143.60766384592,9.26654945677238e-05,0.8449111469257219,0.0179391094267913,0.0208979402856029,1.1649374441293434,3.071604320882415e-06,2.578148181318717e-06,0.8393490541054006
-187.05391081364056,0.0001270687567232,0.8265677268690419,0.0297707660261071,0.0188934232290855,0.6346300667076272,4.2435056121263e-06,3.527750823309128e-06,0.8313293643887683
-120.3543508664121,9.016561351774603e-05,1.1299330198420394,0.0297321906264783,0.0283942014042306,0.9549986329949004,2.58957766081717e-06,2.929070735090594e-06,1.131099784883954
-120.67435781941548,0.000110878075211,1.3377325794181754,0.0222649119076175,0.0187893668066498,0.8439003434916511,2.7618958301487933e-06,3.60728419441922e-06,1.3060898803793344
-205.959579239413,9.868115697984168e-05,0.8910388038696911,0.0226896818916732,0.0240034481545407,1.0579014844341907,2.994776270837371e-06,2.6994190344242942e-06,0.9013758592622708
-100.38807091633332,9.110808214517536e-05,0.8630720298934704,0.0234155823308552,0.0231859645144814,0.9901938028647164,2.894565853531358e-06,2.518966134289768e-06,0.8702397049342095
-166.7374149193926,5.8581582188385954e-05,1.1049689676699554,0.0203835249969486,0.0304031289090638,1.491554032661918,1.652814935895383e-06,1.800743411234722e-06,1.089500930882623
-172.37959123928238,0.0001060381397733,1.002607433356909,0.0188481163712847,0.024871034674939,1.319550144163488,2.9342914660871103e-06,2.942744864185952e-06,1.002880899255081
-349.0340608468219,0.000132544534843,0.7895360291393624,0.0215310519864936,0.024201257836432,1.1240165065605412,4.19291882971586e-06,3.2919365481489023e-06,0.7851181198210759
-327.48333031324364,0.0001252075100249,1.1828153995474566,0.0216043776042128,0.0300228388037781,1.3896646019519487,3.076763905063988e-06,3.556194350219739e-06,1.1558229555302133
-100.67546345512532,7.475231596338011e-05,0.9645939714503141,0.0187172203912217,0.0228235675071341,1.2193887249325857,2.0836791537077114e-06,1.984561266979127e-06,0.9524313104768488
-93.20588192264924,9.721267053542946e-05,0.819815229039779,0.0232198329150282,0.0224264336331032,0.9658309650707484,2.893764551411425e-06,2.363409516290336e-06,0.8167248835561242
-104.52588126042474,5.436101231857337e-05,0.9123007080342667,0.0371060444918735,0.0243784574407022,0.6569942383926504,1.5707530717106829e-06,1.4380584197352884e-06,0.9155216345807436
-41.61945609781136,0.0001117063528397,1.0453838924884817,0.0348451949070869,0.0263731664349329,0.7568666642633434,3.19335574704908e-06,3.3027837107828926e-06,1.0342673890420548
-109.51680410256488,4.043157335003244e-05,0.8095345164969694,0.0201961672391376,0.0191843996896229,0.9499029921106033,1.352802946075816e-06,1.0548010202877396e-06,0.7797152004639593
-320.7997705244312,9.038871596271526e-05,0.8521711262434882,0.0208551055286262,0.0193728963781386,0.9289282354168332,3.056208636067363e-06,2.597880906366685e-06,0.8500338869893254
-182.4595733957161,6.250317855356169e-05,1.175346569034718,0.0274802825291967,0.0259183284996944,0.9431609180930784,1.8406004540083415e-06,2.1358657412715718e-06,1.16041791504518
-372.10554678901656,0.000126101582237,0.9607922937305551,0.0252310297725656,0.0269625604515908,1.068627031660356,4.313974101443934e-06,4.076422372531317e-06,0.9449343636919134
-213.47169743372265,7.708575221371971e-05,0.8930776166924405,0.0283861963701003,0.0291066514025014,1.0253804709517176,2.724238882578736e-06,2.3782405864195744e-06,0.8729926738907555
