theta_0,theta_1,r_theta,mu_0,mu_1,r_mu,sigma_0,sigma_1,r_sigma
0.026793092197686937,0.02299145263332397,0.8581112050705679,7.401931864016414e-06,-1.5839270139854968e-06,-0.2139883267077294,5.456504654648962e-06,4.198501192843344e-06,0.7694488429082903
-0.023180892939771085,0.025519198975840623,-1.1008721295657142,4.259173103450047e-08,-6.358284778049891e-06,-149.2844884116005,1.7810237663779298e-06,1.4220444533866902e-05,7.984421545809598
0.017372928550325094,0.033185774697807986,1.910200378806427,-2.93919882800445e-06,-4.297978847271719e-06,1.4622960537139993,2.933830240113135e-06,4.350415912872473e-06,1.4828451399099054
0.026289217266828972,0.02734210537288975,1.040050188462221,-1.7564747829401007e-06,-3.378894640836293e-06,1.9236795618440257,3.6901215961718084e-06,3.5472086104630617e-06,0.9612714697919421
0.025401118829734934,0.013462553715105761,0.5299984542155793,-5.138393617805157e-06,2.36790037443585e-06,-0.46082502637220857,2.5983140249517955e-06,3.1334341383872168e-06,1.2059489762579214
0.021994279693923174,0.037741465591408126,1.715967338627405,-9.752715607586446e-07,-4.759238606736048e-06,4.87991119420516,2.9522713092810405e-06,3.1252062480377954e-06,1.0585769127021287
0.028894648255533076,0.02454390449540222,0.8494273499488707,6.391000232106075e-08,-7.977890662192029e-07,-12.483007936870335,2.904193936807836e-06,2.4984137151039834e-06,0.8602778497121067
0.019864694015268435,0.026672517244899527,1.3427096951203201,-3.291062039332355e-06,2.6975655318374172e-06,-0.8196641386877841,2.942723139520537e-06,4.047256963947935e-06,1.3753441190554412
0.048599486165086844,0.028705294064883792,0.5906501555875554,-6.065082041834688e-06,1.2872529290702677e-06,-0.21223998623452645,6.049300026956987e-06,4.004958360511563e-06,0.6620531867595597
0.03394075988453439,0.03710000594811525,1.0930811824581577,-1.50713296448903e-06,-2.736403636834142e-07,0.18156351836958706,1.863819704717557e-06,2.269964265730325e-06,1.2179097903004064
0.030123587219933207,0.027559522489207795,0.9148818262577727,-4.939812440899169e-07,2.255251170982445e-08,-0.04565459109965586,2.5079411308881086e-06,1.627355317536443e-06,0.6488809874736439
0.025801797594672635,0.03509745133856274,1.3602715551031763,1.3615173123196121e-06,-2.400631241075665e-06,-1.7632028761982603,2.7536939801768768e-06,4.242239016043993e-06,1.5405629843340483
0.03461916761421596,0.0239848692727192,0.6928205074136471,-2.0955848373314616e-06,-3.7308002207417238e-06,1.7803145710352446,2.895247301211222e-06,3.018559272392974e-06,1.0425911704088853
0.026574724062383002,0.027923845462650507,1.050767089701496,-4.626196249595449e-07,-3.140766797542406e-08,0.06789091141166048,2.576722322802769e-06,2.324678767247929e-06,0.9021844327871987
0.024988053529028616,0.027210269208443116,1.0889311237000894,-1.8230717281121664e-07,1.2497592199205891e-06,-6.8552388841811736,2.1173608436550493e-06,1.8038747728624356e-06,0.8519449003073727
0.020712689122545917,0.02702611534985758,1.3048095874928887,-2.7963383015145574e-06,8.212312202483194e-07,-0.2936809254457956,1.897033793045021e-06,2.4197905369934956e-06,1.2755653303937051
0.025559056208743904,0.02797884218925034,1.0946743088142126,1.4711398245967739e-07,7.013335444237935e-07,4.767279987244059,3.2715554301175208e-06,2.2190473035497773e-06,0.6782851004514586
0.028412946092745847,0.023880201574448586,0.8404690417001662,-4.016259265038904e-06,6.054477471825722e-08,-0.015074916912185635,2.6953056000275576e-06,2.708014504857919e-06,1.0047151999499542
0.018313661265801782,0.03958204515988064,2.161339809958952,-1.2250515117185405e-06,-1.8920011451294142e-06,1.5444257870228297,1.7113525791447826e-06,2.4304259266017867e-06,1.4201783759933024
0.02222589622904159,0.02826741901761049,1.2718235848089092,-3.657872271440503e-06,-1.0956468736060775e-06,0.2995312007367064,2.5436589138434384e-06,3.850014345632219e-06,1.5135733508447848
0.01865280591640384,0.060912084575434275,3.2655722065850883,-1.5829686918075252e-06,-3.7136663586025956e-06,2.3460137764077422,2.4997084419922373e-06,4.781019727875109e-06,1.912630948297592
0.018566975875242094,0.05071902367855033,2.7316793008914817,-3.703039298158567e-06,-1.8106410960087315e-06,0.4889608103562714,3.553026675451623e-06,9.832527716617148e-06,2.767366703028578
0.028580275006289155,0.026232466188685247,0.9178521264372975,3.491045024190253e-07,1.4614836770172984e-06,4.1863787687937055,2.3753553584042852e-06,1.8669390340024962e-06,0.7859619940220933
0.03108134828358637,0.0226419013316823,0.7284723019444808,-5.14950061953315e-06,8.224146036491423e-07,-0.1597076424322679,2.665190332741852e-06,1.8832797086117993e-06,0.7066210939893169
0.03745696711355661,0.06445070880334935,1.7206601006418119,-2.793075247280276e-06,-7.994340386245894e-06,2.862200148037647,8.429409076909796e-06,2.2352339459537776e-05,2.6517089460951984
0.01788358197609742,0.02399379983940289,1.3416663323640743,-1.9306835348158148e-07,-7.405973545049208e-07,3.835933446107588,1.971723299086414e-06,2.1185360322840813e-06,1.0744590953840694
0.01756568985051427,0.020526918162646852,1.1685802457707568,-1.44148396773552e-06,1.0983572684187521e-07,-0.0761962875067006,4.429230296621796e-06,3.2095245839671806e-06,0.7246235506009039
0.02121826784672834,0.03301537189077016,1.5559880820271965,2.1484019045125724e-06,-5.140368889112035e-06,-2.392647706332339,4.1125829537281905e-06,3.993506749139341e-06,0.9710458838329563
0.02156158581771128,0.018811859984947072,0.872471076292287,-1.730707740463127e-06,1.455753318560549e-07,-0.08411318008960877,3.476102699368621e-06,2.8802838182589872e-06,0.8285957197933609
0.016978880127163143,0.020973143125649137,1.2352489073820536,-1.8134175252691939e-06,2.8110375488063107e-06,-1.550132558903678,3.1193484594059067e-06,3.118700241397138e-06,0.9997921944222634
0.03212926350426506,0.026638936473601167,0.8291175572718912,9.927885688226768e-07,7.524612536374894e-07,0.7579269919775713,3.6791995430989085e-06,2.5802517919892377e-06,0.7013079235751233
0.028392870433639857,0.035892090675553004,1.2641233565813788,3.5879374335505622e-06,-1.6344429309516568e-06,-0.455538303334972,5.223935324540412e-06,4.274779000044092e-06,0.8183062642377135
0.04068906114422888,0.02308880311851322,0.5674449709387805,-3.733972482076072e-06,3.065553657789582e-06,-0.8209898901250466,3.246708557329007e-06,2.6264840857583435e-06,0.8089682333295392
0.01866781808204185,0.027596557234044694,1.4782958090100604,-5.024272936172518e-06,2.445860582936896e-07,-0.04868088605075162,2.3518663059848807e-06,2.7693784655614073e-06,1.1775237642182586
0.022137362126118942,0.021205496861507484,0.9579053159404214,-2.0244845395615496e-06,1.2571693111617426e-06,-0.6209824212508003,2.124768669568499e-06,2.117176939660882e-06,0.9964270322617479
0.014864759053448407,0.03626351797330914,2.43956311992131,-1.8175880472654933e-06,-8.701552127306426e-08,0.04787417115994821,2.552316637381513e-06,2.489950300696672e-06,0.9755648120725239
0.04009651927339524,0.031030165158148985,0.7738867542734079,-5.944245841405424e-06,5.89044226380975e-07,-0.09909486284667268,4.720125330600514e-06,3.2816356984911188e-06,0.6952433396664947
0.04752049659568865,0.030972316596133368,0.6517675280132357,-5.775338521891663e-06,1.5851042052732886e-06,-0.27446083017729345,8.531678083976222e-06,3.811630292658819e-06,0.44676208538829376
0.023325549613433152,0.03180585669963688,1.36356301252254,-1.6280416176412283e-07,3.354664174713822e-06,-20.605518546719914,2.253345094307353e-06,2.3659348209519106e-06,1.049965594230992
0.01747900365898976,0.021012375667344114,1.2021495090503673,4.158836396762782e-06,3.599732025428477e-06,0.8655623068583537,4.515295449147846e-06,3.066628970905227e-06,0.6791646317372166
0.03984032480364063,0.03715076097935852,0.9324914182417425,-5.123259070920109e-08,1.3053959700321498e-06,-25.47979619929132,4.164395018421556e-06,3.235934136221274e-06,0.7770478357376867
0.02373647069861154,0.020755461675204957,0.8744122889515772,-2.686199273850628e-06,-7.473346075053196e-07,0.2782126459419469,2.7295935456309615e-06,2.7531257277110814e-06,1.0086211304674961
0.0238730038756029,0.03609065768656939,1.511776979329039,-2.908317001395688e-06,-3.083355730745514e-08,0.010601855744287247,1.6698648050348245e-06,1.957735522663123e-06,1.1723916312029194
0.022730310411954106,0.013366257661435815,0.5880367412143374,-2.5471249846220734e-06,2.6672339623923827e-06,-1.04715472483504,2.263087216892733e-06,1.7021570574729014e-06,0.7521393982375983
0.01565837467335748,0.02756430448685458,1.7603554048144525,-3.204859328955679e-06,-4.320684346674078e-06,1.3481666130045078,1.6571677606399452e-06,4.059919628045665e-06,2.449914682432546
0.025918886237229457,0.021646112068515237,0.835148234009497,-3.086636115054926e-07,-3.5184245819174436e-07,1.139889656819762,2.4511043528762317e-06,2.2551657822707145e-06,0.9200611061803247
0.019972231747212892,0.024217353369194176,1.2125511898575725,3.593633323086785e-07,-5.506252779264267e-07,-1.5322244325513485,2.5691029730319393e-06,2.565960329709416e-06,0.9987767546277779
0.034236259907591604,0.03157206571506129,0.9221820899910989,5.050461084353302e-07,-1.0770341596795713e-06,-2.132546200615825,2.072419438171167e-06,2.1244090383947897e-06,1.025086427615011
0.019924373517007057,0.030447961873357708,1.5281766248443356,-4.609776565874475e-06,5.982738338464832e-07,-0.1297836945667649,4.229933186380214e-06,4.2703627558940605e-06,1.0095579688218301
0.0181916723508543,0.019981334975132346,1.0983781254280343,-2.8085129933374155e-06,2.2495164660449093e-06,-0.8009635246058667,1.8631252749490144e-06,2.7921940171876296e-06,1.4986614452235585
0.02832624238053169,0.018542166749897327,0.6545932390468123,1.3770514878881788e-06,1.555965980213272e-07,0.1129925782658623,2.6513396501908352e-06,2.1470883822293436e-06,0.8098126477589557
0.027206504872388272,0.04603274647426766,1.691975749556351,8.887201679649419e-07,-1.4334270283002487e-06,-1.6129115552566085,3.441380197207313e-06,2.53512594458631e-06,0.7366596537759966
0.023337358792959763,0.02660678015153111,1.1400938892689794,1.4047606012004386e-07,-9.703148219873498e-07,-6.907332261156577,1.8023693979188473e-06,1.987202484450846e-06,1.102550058132046
0.02703461323332923,0.029536435357008284,1.0925414431523925,1.2687730995970518e-07,1.8604168717236252e-07,1.4663117245427673,3.849338329778691e-06,3.1886534753560846e-06,0.8283640465397618
0.02477702894017139,0.045261166430735425,1.8267390549539528,-4.406806573181356e-07,1.8352135881387313e-06,-4.164497709764139,4.0682464173358126e-06,3.6909079697268382e-06,0.9072478879349488
0.049244323837329254,0.026790192527921513,0.5440260001623461,3.765749284908643e-06,3.550060862494713e-06,0.9427236371581327,4.242613328539918e-06,3.627855942757271e-06,0.8550993601874592
0.03617278664288757,0.02744656113870536,0.7587626966556089,2.4526490390240996e-07,7.043473020639265e-07,2.8717818605803616,2.226726184236767e-06,1.965429485196249e-06,0.8826543196508554
0.03349442364845091,0.023039308162333155,0.6878550413092032,-2.99629180639861e-06,3.7435766090220332e-06,-1.2494032126736085,3.583219873973784e-06,3.247339064252135e-06,0.9062628525362699
0.022195710540032963,0.048403838912701364,2.1807744710582027,-3.3607068473144053e-06,-3.127961777892121e-06,0.9307452033168931,2.1021544503072037e-06,5.471170674446315e-06,2.60264923619041
0.03083503974527937,0.024828563946810323,0.8052061600021581,9.047684195570054e-08,3.3103662903981076e-06,36.58799554496979,2.959054961908094e-06,2.435728971137104e-06,0.8231442141130314
0.022798872986565702,0.026851418181954807,1.1777519966788306,1.0836640890363123e-06,4.030801313945132e-07,0.3719604031106788,2.8865072229336734e-06,2.5428756938303854e-06,0.8809524790469634
0.02989231222968675,0.03531483434321383,1.1814018959745056,-1.6060934711447375e-06,7.502303711647401e-07,-0.4671150120733733,2.1646716767816708e-06,2.6505522798480823e-06,1.224459260163091
0.016245305137742944,0.027351115841763737,1.6836320161336034,-5.481881967116253e-07,4.6915462073495945e-06,-8.55827658364849,2.4239044571700878e-06,3.0020099132498956e-06,1.2385017504999958
0.013685339284200146,0.02143242739380415,1.5660866675441574,-1.2694140688743143e-06,3.5973591723052006e-06,-2.833873722145881,1.6547113631736433e-06,2.2396446097098183e-06,1.3534956364923403
0.03747131501806426,0.026146320900448626,0.6977689704202786,-4.835302548715676e-07,2.153887178004986e-06,-4.4545034282851415,2.5502473802635014e-06,1.7992263587763967e-06,0.7055105213324417
0.03327383813328656,0.026689269731722535,0.8021097423390738,-4.908639920893053e-07,-1.596926846471404e-07,0.325329800557232,1.888418003072816e-06,1.8553861410709368e-06,0.9825081830674511
0.025123961468087635,0.025482128505352558,1.0142559937341038,-3.113665988661333e-06,-4.360707873218784e-09,0.0014005059916826837,2.2766029981408137e-06,2.2810281617196488e-06,1.001943757248167
0.041808782642817385,0.02955765027159302,0.7069722771914032,-8.760735524939728e-07,-8.497671962045729e-07,0.9699724341472106,4.189678366043996e-06,3.685863476426131e-06,0.8797485521320386
0.0286900113257473,0.031695039621810965,1.1047412725615364,1.1316149962389205e-06,-1.7319529847562534e-07,-0.1530514344995992,2.647676568531964e-06,2.574301455484528e-06,0.972286980245431
0.027470402380104467,0.028452905220621678,1.0357658700051948,-1.013932048502605e-06,1.6628006796842068e-06,-1.6399527780385914,1.7982389148562098e-06,1.8639104729396748e-06,1.0365199293269194
0.02317896682656069,0.024180694942653798,1.0432171167761124,3.4239413390437917e-06,-1.1452778187553502e-06,-0.3344910748602934,2.900915558553669e-06,2.8556190263557585e-06,0.9843854358103087
0.030579182440109737,0.041905170142599486,1.3703822927467744,-1.4294810614438548e-06,1.7335455374309802e-06,-1.2127096917814382,2.6325799788875144e-06,2.138459917921354e-06,0.8123057742105265
0.02044610874788064,0.020451132319659046,1.000245698183471,-6.590875398422331e-07,3.6642647571486564e-07,-0.5559602534779792,1.633682441831746e-06,1.7197013771174363e-06,1.0526534001242265
0.017843354676477963,0.0309386565913359,1.7339035821622064,-6.935489687823469e-06,2.1370551557162412e-06,-0.30813327564573206,2.8815688477027233e-06,2.404703816857691e-06,0.8345120120155366
0.020718769611181735,0.0402941974064662,1.9448161335178793,-2.314347204464037e-06,4.758740294948781e-06,-2.056191173809127,2.3883863742693143e-06,2.5342817055934203e-06,1.0610853138737824
0.02275346222303363,0.026625099027162036,1.170155942255201,-1.3162344515414403e-06,2.191120823514799e-06,-1.6646888561143347,4.114561568518379e-06,3.1951755553362724e-06,0.7765531034420344
0.024493758330859726,0.04139492720011785,1.6900194180475896,-2.440320894284675e-06,-5.568767726276713e-07,0.22819817423679728,2.836756035953427e-06,3.4326137286646377e-06,1.2100489732494548
0.02377026926428622,0.016480941841644614,0.6933426650915773,1.279114020557427e-06,2.3998361789475346e-07,0.18761706465399436,2.2136705632452674e-06,1.066452340057642e-06,0.48175747456035656
0.02018156703692483,0.015030644217881275,0.7447709184515126,-2.8467911183686404e-07,-9.624456990767922e-07,3.3808089847783553,1.0359490718234549e-06,2.016117199410442e-06,1.9461547427825931
0.027277905713706394,0.027064012918180495,0.992158753029987,-3.956151326004208e-06,2.080782759125356e-06,-0.5259613669093361,2.476892937264443e-06,1.8095689408796037e-06,0.7305802013704102
0.02276035446450758,0.027545307993509727,1.2102319424094992,7.883483267727122e-07,1.8167717558198654e-07,0.2304529221565351,2.7360840782517005e-06,2.2932271132669457e-06,0.8381420481538232
0.03960129735085589,0.040034714698734916,1.0109445239644317,2.796803030287769e-06,-2.728001941637158e-06,-0.9754000950708595,5.251839938176214e-06,2.1362538662823414e-06,0.4067629424030371
0.02392365358875976,0.02983599688527776,1.2471337947852517,-1.6538848013713701e-06,-1.7401222883132144e-06,1.0521423782783044,1.7552456192766307e-06,1.637935252292186e-06,0.9331658397570646
0.019754895627511662,0.026427877362622074,1.3377887618812463,-2.194803771967689e-06,1.1355609498648032e-06,-0.5173860936309346,2.210740177812638e-06,1.8237517967681819e-06,0.8249507631297712
0.025496987613108535,0.035249639170164083,1.3825021098587156,5.258085621189376e-07,-2.5651098131460566e-06,-4.878410124797151,1.7317752014222148e-06,1.6465673109749604e-06,0.950797372327957
0.0285824433629982,0.047884873091983915,1.675324690889581,-2.428874974293676e-06,-7.569204997391955e-08,0.031163419597557106,1.9321040665890117e-06,3.039850373255536e-06,1.5733367709443153
0.01968566715109428,0.018444113039295815,0.9369310624695059,-4.950675877615709e-07,6.581888341815148e-07,-1.3294928822900531,2.007598621712249e-06,1.87748907227831e-06,0.9351914530988418
0.016141703134239117,0.0222555363949223,1.378760110369938,-1.9639238335868837e-07,1.1958716528718611e-06,-6.089195682745687,1.3992362615477686e-06,1.3988337005149604e-06,0.9997122994565886
0.02632422836922956,0.02773415537347955,1.053560050629938,-1.4847426587732258e-06,-1.3214366825566553e-06,0.890010585166656,1.5338905754179242e-06,2.103320969342503e-06,1.3712327352747646
0.029608086241703677,0.03545474680351699,1.197468371109314,-6.667743395245328e-07,-5.469480341345177e-09,0.00820289566818871,1.2678605395733067e-06,1.3518005183576335e-06,1.0662060030771021
0.02862868460803822,0.027886050425551343,0.9740597867958501,-2.4883404231552596e-06,8.866037245956227e-08,-0.03563032277839997,1.564296365502383e-06,1.3262869901310486e-06,0.8478489238866855
0.02725102456171052,0.026427929481171467,0.9697958115785651,-1.293881639883816e-06,4.12627055964323e-07,-0.3189063382964263,1.6557619580411929e-06,1.6378380853283904e-06,0.9891748493038173
0.018511475788801187,0.02044216305634807,1.104296777284223,-4.914948937944888e-07,1.0980386223129861e-06,-2.2340794099320074,1.3985641021080632e-06,1.2352299739331642e-06,0.8832129839964399
0.036565801102535725,0.02755761303647769,0.7536444493367508,1.7593750821578968e-06,-1.9205422580066027e-08,-0.0109160478483703,2.1843488821932934e-06,1.5882798931843422e-06,0.7271182301197044
0.03198055172646507,0.022983559070509064,0.7186730006127234,6.280970473821652e-07,-5.904550604110805e-07,-0.9400697915585304,1.6064226510388078e-06,1.4552845972536285e-06,0.9059163827854118
0.02003151471875955,0.019465773817682174,0.9717574577349581,6.264201925115852e-07,8.067347829039941e-08,0.12878492624406807,1.8773757749709636e-06,1.9786483188097056e-06,1.0539436724330313
0.026938380774958727,0.02470346587792706,0.9170360343592295,-8.769321574039308e-08,3.0383500093156322e-06,-34.64749221091813,2.258699378340557e-06,2.4176655373325858e-06,1.0703795115527148
0.01941934025099285,0.02968620036924423,1.5286925294862406,-1.7347808617218066e-07,-3.730665683912717e-07,2.150511206475931,1.70201335934526e-06,1.7086946228061278e-06,1.0039255058864156
0.022800393223163795,0.02183231497225891,0.9575411598637967,3.061756337191904e-07,-1.1689116714726165e-06,-3.8177815042743934,1.3903730307580196e-06,1.8645448446201324e-06,1.3410392774977795
0.02140187294898154,0.020007619441565608,0.934853668613976,-2.930489479493874e-07,7.558130557130612e-07,-2.57913587815916,1.8591819159948705e-06,1.938943061256667e-06,1.0429012054041604
0.01919032233357304,0.02883497016829818,1.5025787304183027,-1.3981527070395358e-06,6.481094832339156e-07,-0.4635469930936442,1.7442516442745036e-06,1.4064457622876979e-06,0.8063319113984203
0.03154120093674375,0.03221901834926862,1.021489905025628,-2.219598151857747e-06,2.7235428333630744e-06,-1.2270432064847137,7.3933524614341286e-06,6.389748513355845e-06,0.8642559037576832
0.028334112546918158,0.029440719974271317,1.0390556586348254,-3.4860536427279792e-06,3.4572368599917766e-06,-0.9917336949773233,1.9998122518859537e-06,2.990735123999072e-06,1.495507951398244
0.028025580747810395,0.02540095358342731,0.9063488750509427,-2.023521513284446e-06,3.9425420051388675e-07,-0.19483568517834013,2.361956206063089e-06,2.2440712463763815e-06,0.950090116241741
0.027472348993378234,0.029653896091339206,1.0794088302564444,-6.056170172196388e-07,-1.6671777706800293e-06,2.7528581979647293,1.8210257145527427e-06,2.2980370751390423e-06,1.2619465264956224
0.030478249666405596,0.046769626450260754,1.5345246843952525,-1.3705781315933943e-06,-1.3065769817458588e-06,0.953303537848565,1.8916811691122196e-06,2.448329558029655e-06,1.2942612095560875
0.02310974059084807,0.0218157870219561,0.9440083040393625,-2.2871323614183966e-06,3.140849540469142e-06,-1.373269686290172,2.2665249995938556e-06,2.826526565638399e-06,1.2470749566604786
0.01775476899218939,0.025980821976249194,1.463315123259479,-1.4189506921127792e-06,9.922119878472068e-07,-0.6992575523324421,1.7273518965896753e-06,2.1906655896309456e-06,1.268221949422115
0.01923261990123733,0.03499654630554967,1.8196452945705108,-2.620492843983762e-06,-1.6399642617054095e-06,0.6258228353763715,1.9051146605979254e-06,2.1359557245271707e-06,1.1211691184281765
0.03206714699537997,0.015605344627210636,0.48664586935217385,-3.5738514904423585e-06,-7.233595940522105e-06,2.0240337238038832,2.3594853356751427e-06,4.2776795503264095e-06,1.8129714500227632
0.032422952022287094,0.022999095392970778,0.7093461254595669,-2.5965511074212253e-06,1.384889789089109e-06,-0.5333574159703398,4.085699581078977e-06,4.212638778125727e-06,1.0310691460612056
0.012844864889490656,0.041305586152955605,3.215727569602604,1.3079237376559285e-07,-7.786915111757069e-06,-59.53646139730472,3.891356987451974e-06,1.3689101708510379e-05,3.5178221254570325
0.047455366760612114,0.037950440029653525,0.7997080756133221,-2.142610168170163e-06,-7.450769129134494e-07,0.3477426383866001,4.150478371526531e-06,3.495937983394978e-06,0.8422976029409315
0.02762479610398268,0.027774887660476196,1.005433218617381,-9.919013631237093e-07,-2.067358400179965e-06,2.084237885982344,2.2615516420025138e-06,2.1704876003590942e-06,0.9597338217035867
0.019748818441440698,0.032387678735474726,1.639980580686933,-3.1123418711106553e-06,-1.7370623393519101e-06,0.5581206728848301,1.8679675292982306e-06,2.6782402339330934e-06,1.4337723712677548
0.05008962711695617,0.022639734307938184,0.4519844848330735,-1.1182583283596724e-06,2.2679204574156473e-07,-0.2028082778281086,5.579815427153419e-06,2.6507106673113445e-06,0.4750534676132867
0.022095859415339206,0.023173177704101693,1.0487565687539901,5.743831032596629e-07,3.5137183292589556e-06,6.117377599233625,2.3713921972267887e-06,3.507544922576109e-06,1.4791078956395267
0.026140426878308375,0.04393509519407417,1.6807336543739464,-7.549130379413959e-08,-2.577269497092247e-06,34.13995212111201,2.8751906464187745e-06,2.924158094189004e-06,1.017031026388188
0.02829339820641138,0.03414417683395886,1.2067895338998789,1.8747629063118734e-06,-3.233203035082191e-06,-1.7245930267751608,3.6888197017648754e-06,2.7190753710046393e-06,0.7371125701003298
0.032934209085449834,0.0362862894007714,1.1017811087135685,-1.7983227621006802e-06,1.3983762799557268e-06,-0.7776002781181712,2.1180671074275262e-06,1.771710719994106e-06,0.836475253206645
0.028608234333039672,0.04189717742727192,1.4645146197954915,-4.773041554147398e-06,1.681791214580616e-06,-0.35235209991399963,2.581154757062145e-06,1.7578958152445915e-06,0.6810501425514749
0.023007154162885606,0.03192639688983191,1.387672576269104,-2.2361948810365866e-06,-1.3664375575174564e-06,0.6110547739399373,2.0199287470084234e-06,2.417374297040809e-06,1.196762163329283
0.025341796866476675,0.020342966085668653,0.8027436330917517,-4.980516240418355e-06,1.0111751727230115e-06,-0.20302617718963095,2.23636588293166e-06,2.0585548259555277e-06,0.9204910706547539
0.026344124858939322,0.024826660579536083,0.9423983796186602,-2.638012149684081e-06,-1.2710950204018603e-06,0.4818381979605674,3.150301780531471e-06,3.7651545239363342e-06,1.195172648920363
0.016287272804193963,0.03125960153113836,1.9192655459844101,-1.5191805268728255e-08,-6.160851174074707e-07,40.55377925858872,2.5807138028494927e-06,2.1295976066095676e-06,0.8251971234695511
0.020770716136525733,0.020471084014872444,0.9855742999093623,-5.870399217675269e-07,6.666166895765712e-08,-0.11355559730408889,2.7119725560267874e-06,2.3602009210337552e-06,0.8702893824602709
0.013323567856522302,0.02490304320983199,1.869097187630652,-1.992774774360994e-06,3.978300732529192e-07,-0.19963624508469,2.0784607203658207e-06,2.0800945173144475e-06,1.0007860610174721
0.02241834367687827,0.02774892569553302,1.2377776920313959,-1.7488978079291605e-06,-7.448810667118968e-07,0.42591457507394187,3.5194727668314548e-06,3.107654885237822e-06,0.8829887574426699
0.03425124796763331,0.0252064709879736,0.7359285422765667,1.4709328553226701e-07,6.566671965291286e-07,4.464290767270129,2.3447590880752875e-06,1.8197891617714186e-06,0.7761092263278978
0.018234373118360018,0.024774006851224974,1.3586431894541118,-1.8042375197939675e-06,3.4927951360275696e-06,-1.9358843265971017,2.1945922642656634e-06,2.294201041889586e-06,1.045388284304945
0.014641554119658484,0.021357111481166667,1.4586642446986922,-7.499868762311225e-07,5.189295040195606e-07,-0.6919181127906068,1.4675045141149057e-06,2.158268020549679e-06,1.470706222564087
-0.018923292302424767,0.039726736707185545,-2.09935650056492,3.2377700599732973e-06,1.101555302046095e-06,0.34022036205226375,1.8651392396384067e-06,2.2761018369282994e-06,1.2203388297002242
0.020815329946743094,0.03233599742336618,1.5534703272107242,-3.551146164455112e-06,4.853670028732742e-07,-0.13667897078737928,1.4272822661198195e-06,2.3367759064986736e-06,1.6372205848611747
0.03560339072809279,0.023285954615467258,0.6540375548302346,-5.642723251220071e-07,1.014203316889245e-06,-1.7973649809424088,2.016199693469979e-06,1.668102138084754e-06,0.8273496635712051
0.025112029450610036,0.013330293517771909,0.5308329836100953,-4.368709204037773e-07,-2.588795329741491e-06,5.925767106102646,3.542630661593807e-06,2.6074599743323955e-06,0.7360236568266239
0.017291614957399892,0.025818529042932782,1.4931242169421441,-1.7634610838873506e-06,-2.638971895238266e-06,1.4964729981003895,1.69166007145962e-06,2.4481306441045752e-06,1.4471764661278832
-0.007879933995606346,0.027414206252429057,-3.4789893250012667,2.8289885485298842e-06,-2.0474335229703558e-07,-0.07237334078408793,1.202481632186507e-06,1.4103739629603258e-06,1.1728860759359812
0.028822967278228563,0.02901802782132438,1.006767538581746,-1.95581029655491e-06,-1.422237828179543e-06,0.7271859805037145,1.2539356013347617e-06,3.23943263074358e-06,2.583412279941123
0.013086945006162722,0.020860268345814923,1.593975395785013,3.004491867893488e-06,-1.0549008533763366e-06,-0.35110790767956035,2.344872823601919e-06,1.8385016886282073e-06,0.7840517703660006
0.020390267847326792,0.025292860362346938,1.240437867306529,-2.2257365649936596e-06,6.224009425206434e-07,-0.2796381891324216,1.600098092306596e-06,1.5560837743385438e-06,0.9724927376767233
0.01784481226652863,0.03259986070694447,1.8268536659302246,-8.318246357707354e-07,4.554104822848729e-07,-0.5474837636455763,1.203046855480462e-06,1.000649635353411e-06,0.8317628118929585
0.02418439856557398,0.025109368147155708,1.0382465405982186,-1.061649262529358e-06,7.880314327506213e-07,-0.7422709745713497,1.812423826546683e-06,1.1546204633257523e-06,0.6370587532639748
0.02575802719762783,0.024532597996848385,0.9524253471984725,-1.1114651153441093e-06,8.772144348357298e-10,-0.0007892415359920176,1.1300457029297355e-06,1.1736279420549267e-06,1.0385667933714546
0.03300135256705779,0.02939663425083469,0.8907705886024394,-1.6504502072153003e-06,-6.264856234048092e-07,0.379584685842682,1.6615803228156752e-06,1.9361127195580245e-06,1.1652236686801474
0.025125641053147307,0.03485839526457912,1.3873634185430133,-7.127480965308447e-07,2.4687881941176993e-07,-0.3463759785727973,2.20181269427423e-06,1.708947082346102e-06,0.7761546142367991
0.022776681200915132,0.03196498999352448,1.4034085875619215,-3.447960581227071e-06,7.77448399157815e-07,-0.22548065177738613,2.419669164548319e-06,2.251964973399523e-06,0.9306912723417289
0.02538692510360731,0.031435471074899225,1.2382543749038932,-1.045233602605387e-06,1.4709482640705739e-06,-1.4072914039541353,2.543672977394219e-06,2.0163740190291694e-06,0.7927017493792684
0.021489537333060103,0.02436934418029389,1.1340097184318347,-6.331330305354563e-07,-8.20813257914821e-07,1.2964309526240303,2.90568937905016e-06,2.265932610621609e-06,0.7798261668844723
0.03228718804246483,0.02467341430190761,0.764185913912868,8.633705640785042e-08,1.4660313752140867e-06,16.980326133527804,3.4837868886735008e-06,2.5322343053306087e-06,0.7268625740464829
0.0100757651077478,0.031379603958775336,3.114364380591392,-1.848885596269091e-06,6.570876824973835e-08,-0.03553966150330426,1.8423737211099821e-06,3.2572716317547655e-06,1.7679755168198688
0.0681372542846263,0.021039506870771975,0.3087812547139735,5.4632574369758845e-06,5.5323966205962415e-06,1.0126553039863024,2.698144767875644e-05,5.675053376536003e-06,0.21033168583478923
0.029061907927587317,0.027905037563501007,0.9601928969368133,-1.5495306065438557e-06,4.671576692849533e-07,-0.3014833442541178,4.078643388759588e-06,4.267994121241732e-06,1.0464249296724444
0.02278699730523548,0.020505138623172856,0.899861370434342,-2.2320004669814988e-06,-5.968390562714159e-06,2.674009549283679,3.837478959567313e-06,5.743909354315915e-06,1.4967924032510027
0.023358819266593764,0.027742515643921176,1.1876677210134796,7.20218457166438e-07,-6.116592372280656e-07,-0.8492690393335962,4.273138606168949e-06,4.239607050495028e-06,0.9921529445299264
0.03704578722534085,0.025991452505858402,0.7016034602735929,3.1298895007752007e-06,-1.5564116139172883e-06,-0.4972736620675591,4.463362472509459e-06,4.413416487555152e-06,0.9888097851648995
0.026133369436546105,0.02195900280871809,0.8402668037903146,-3.7284638371639745e-06,-1.2033286258828764e-06,0.32274112836727376,3.848108726344622e-06,4.8907950384772444e-06,1.2709607202609075
0.029991882144201395,0.02781997688275377,0.9275835624118195,-2.061709698223924e-07,2.208870364105813e-06,-10.713779762537186,3.1579789264922414e-06,3.0900651793036108e-06,0.9784945533933418
0.033252539463082376,0.030455121436937405,0.9158735521763467,2.4057827811375743e-06,1.3472134612839883e-06,0.5599896515374337,6.913804156730147e-06,5.187645615825733e-06,0.7503315827619865
0.028665204620586957,0.029201207984706205,1.018698745437676,-4.0185039044136955e-07,-2.651391642295564e-07,0.659795711379906,3.5112547122361437e-06,3.8197265356600126e-06,1.0878523060001588
0.016800249040855784,0.025774063553368178,1.534147707613701,-1.7309415310779588e-06,5.541712468945004e-06,-3.201559596004294,2.424912788067552e-06,3.635271093731525e-06,1.4991347778030917
0.025075721409891925,0.03224156009009149,1.285767996982642,-3.6170916139811615e-06,1.669520113698536e-06,-0.4615642322260603,3.1051963259308825e-06,2.336255106761874e-06,0.7523695320815202
0.023515959602467315,0.04196815286557609,1.7846668209607213,-3.145599921854801e-06,-4.833122046883188e-06,1.5364706787102602,2.8274422966704934e-06,6.848110992836739e-06,2.422016180807954
0.018835310223606017,0.029972163675329837,1.5912752866563442,-3.6968349111077596e-06,9.482442149377739e-07,-0.2565016393046428,2.3107594079899645e-06,3.0007495763542353e-06,1.2985988787835188
0.021169718254440577,0.03613609649640022,1.7069710641434863,-1.9034726891992736e-06,5.320360731394098e-07,-0.27950812016284793,4.073066435694627e-06,3.0890857863850943e-06,0.758417726583995
0.026231289505080593,0.03516741610522026,1.3406666911441345,8.922855403686647e-07,1.4932995866401434e-06,1.673566945871563,3.0832897418321414e-06,2.259620010657468e-06,0.7328600942040449
0.02578727477791816,0.023305383450834286,0.9037551913314572,2.3309465740840093e-06,2.812151658484609e-08,0.012064419192403407,4.514897292174085e-06,2.294356050831758e-06,0.5081745834636568
0.03846185696437398,0.04314768477641597,1.1218305142256217,-2.526958325085518e-06,1.1185726777421555e-06,-0.4426557678604772,3.200774322676458e-06,3.594353997967123e-06,1.1229638942371785
0.026615560426953493,0.03409878095342072,1.281159607628964,-5.171825565154877e-06,-1.7578284610404663e-06,0.33988548896231496,3.279768198967652e-06,4.645347230563364e-06,1.416364495523051
0.028906143671039115,0.024748258213153754,0.8561591091083132,-2.3275868878873347e-06,2.0327460923268864e-07,-0.0873327695264659,2.309836089521939e-06,2.8540289607091675e-06,1.2355980468293137
0.021516913595839193,0.03868444431794979,1.7978621397369159,-3.100783337092351e-06,1.544825739273305e-06,-0.4982049925235699,2.8781718524182973e-06,2.5354724431068826e-06,0.8809315680634318
-0.01165435083952289,0.06691721086887713,-5.741822242208783,6.991617905441218e-06,3.0337741606879814e-07,0.043391589782487264,2.6646176451577267e-06,2.638702448562809e-06,0.9902743282354179
0.01957100981884284,0.03811125741976072,1.9473321904456586,-5.245809136568763e-06,1.525798741337629e-06,-0.29086051391027934,2.902498475008358e-06,2.1364074402356576e-06,0.7360580750105323
0.026098812470399146,0.01697841768832478,0.6505436869045835,-1.34566895031635e-06,6.4464719855325605e-06,-4.790533350730189,1.6376351441172541e-06,2.3245761245246598e-06,1.4194713229470244
0.028945532302105493,0.024325641129124883,0.8403936357168128,-6.633325945670718e-06,3.167094532888365e-06,-0.47745196886569236,4.469011139552931e-06,6.316692626527566e-06,1.4134430255995005
0.02143817516951395,0.028572103037455953,1.3327674959054712,-4.796905385660922e-06,1.7228444918506963e-06,-0.35915748870108705,2.3443192769550955e-06,2.184450466747064e-06,0.9318058714188129
0.01225223962050939,0.037667005716720124,3.0742955478660567,-1.8674648667726877e-06,-2.6827647123473926e-06,1.4365810891980466,2.397334871245363e-06,3.1376156909641875e-06,1.308793247283916
0.017133408387578535,0.022160736369271072,1.2934225267949182,-2.6863948607039817e-07,-1.5595973070710533e-06,5.8055400934706745,1.1402527736573977e-06,2.669690355607447e-06,2.341314502611845
0.02261862186454706,0.02083731899012786,0.9212461800242898,-7.452119718744403e-07,-1.728417305327328e-06,2.319363309448478,1.943326534605657e-06,2.2632656933645972e-06,1.1646347914576605
0.025857666087019344,0.025985017228235832,1.0049250825959277,-1.9552283274297484e-06,1.5539876695780432e-07,-0.07947857791221973,1.9050598974959489e-06,2.0776495308504208e-06,1.0905953842088258
0.009161621387455472,0.020109257116506764,2.1949452248748584,-6.7701642176905225e-06,-2.703650418646947e-06,0.3993478343674848,2.2596915710109434e-06,3.202881381053633e-06,1.4173975874153144
0.025045340724229644,0.02484913008813104,0.9921657829191047,-3.923339201430058e-06,2.8163122321103086e-06,-0.7178355190608455,3.6407794330373124e-06,2.3698155615439728e-06,0.6509088521099888
0.02427396102846117,0.032853815222166204,1.3534591731298065,-2.27212733336974e-06,1.4660852223030663e-06,-0.6452478260224743,4.271901069558948e-06,2.9292738241765017e-06,0.6857073177677625
0.028777519351452053,0.03065920610838207,1.0653873856863576,-1.4358030169556426e-07,2.8075161749624664e-06,-19.55363055940146,2.8621712583874604e-06,3.3392261701713954e-06,1.1666758795043963
0.01991480748152315,0.012210782410674128,0.6131509140624747,-1.9700501284055788e-06,-1.7366340403139655e-06,0.881517690983567,3.7497932467232615e-06,2.2366084329974914e-06,0.5964618009144746
0.028568256897416405,0.021512280360379225,0.7530134035697749,-2.711556015866805e-06,-2.414031985795343e-06,0.890275536138481,3.5607200945413776e-06,3.5918789592115815e-06,1.0087507200349646
0.05490974370524215,0.026496342701772205,0.4825435508132346,-2.964434116071203e-06,-1.658588582523729e-06,0.5594958489824272,3.6096882113058844e-06,2.740016892863464e-06,0.7590730092093473
0.022760728305522608,0.03154490886253276,1.3859358294294466,1.0573791550611517e-07,-8.427721002965634e-09,-0.07970386935118115,3.4375453897112556e-06,2.5419344415954325e-06,0.7394620734910349
0.021615133277558683,0.02941013554230576,1.3606270738492288,1.5807673357449894e-06,3.978526411175269e-06,2.5168323770431758,4.4300507952954126e-06,4.482140513786201e-06,1.0117582666424743
0.03262278215845769,0.03854041874718433,1.1813958282277421,-1.549489916356295e-06,2.2253881535136731e-07,-0.1436206928501211,3.725605059579256e-06,3.925717840291754e-06,1.0537128271817133
0.021914725599240584,0.02012150167713482,0.9181726499843601,-1.8167055413772784e-06,-4.897770720898376e-06,2.6959628896080123,1.983012986276285e-06,3.137266832508863e-06,1.5820707449828877
0.019039924551916047,0.02185420121192263,1.1478092338198562,1.5922549823049394e-06,3.4114091627968216e-07,0.21425017982097846,1.7879193089465867e-06,2.4041636714288975e-06,1.3446712384606396
0.019883864132174498,0.02627242936156901,1.3212939490497242,2.074427635763718e-06,-2.1662352841954553e-07,-0.10442568575779398,2.080856195163122e-06,1.914806257672876e-06,0.9202011470681044
0.02307029322951003,0.019050007874924432,0.8257375701907808,-9.019184876522461e-08,1.4503949457983113e-06,-16.08121981814328,2.7989586224956666e-06,2.043967934168397e-06,0.7302601466633727
0.018352426852875182,0.023202037657925556,1.2642490197033867,3.939302593559371e-06,-2.4731433978763685e-07,-0.06278124970444961,4.635355224813304e-06,2.5578015320819245e-06,0.551802700770348
0.02346103561152175,0.021074052470906008,0.8982575543492423,-2.471110409747791e-06,-3.2435731182124607e-06,1.3125974077959186,1.742000861580057e-06,4.927127593106068e-06,2.8284300552164985
0.01896679212595246,0.018123514179820183,0.9555392424542677,-2.1278690994232018e-07,9.022375654613441e-07,-4.240099006587916,2.7067620486031193e-06,2.1505916504348326e-06,0.7945255666432481
0.0184237049267047,0.020462325091437812,1.1106520199299426,-2.9911838375467966e-06,-2.189548781593775e-07,0.07320007396768771,2.1753293561704378e-06,2.1053727529946048e-06,0.9678409143068853
0.024623560905973136,0.020100532636601384,0.816312990365477,-1.319586097676976e-06,-1.2658318055691543e-07,0.0959264278244177,2.60044427087917e-06,2.3528042631058995e-06,0.9047701154197213
0.018294912509625772,0.01930638596406246,1.0552871435654314,-2.9357099202210266e-06,2.5064200301781724e-06,-0.8537696496898667,2.185397476660113e-06,2.0578740713265684e-06,0.9416475004224698
0.023200456549513918,0.024753617762955732,1.0669452866208513,-1.8309211542443776e-07,1.7989236582136678e-06,-9.825238263501767,1.7087099255856593e-06,1.5387998170144822e-06,0.9005623447098895
0.029004235217656216,0.027948901805075407,0.9636145064794407,-2.2373051221394562e-06,-7.46807898518006e-07,0.33379796574365317,2.6281300039356703e-06,2.6265227077858882e-06,0.999388425935028
0.01336724584121602,0.027556492700975953,2.0614936710454885,3.3691074678438732e-06,6.762186114952296e-07,0.20071149939541377,3.221004389424622e-06,2.209416089299694e-06,0.6859401050659135
0.027852326798241483,0.02961098371220407,1.0631421901194131,-3.483002291593163e-06,1.9831722936941313e-06,-0.5693858710575257,2.467277702882283e-06,2.2097097197575786e-06,0.8956064074895937
0.021305451534489504,0.016135096198135836,0.7573224238883725,2.5542358174292356e-07,-2.863132849498955e-06,-11.209352049493283,2.2396485841422822e-06,2.845095952420109e-06,1.2703314138497737
0.016069941876133774,0.019239779833453537,1.1972526087370259,-4.633379178013177e-06,1.2746850560527723e-06,-0.2751091605240401,1.721050611840833e-06,2.0710962225198123e-06,1.2033906546795685
0.016694582594969434,0.018801081628020647,1.1261785984206614,-1.8405409611217115e-06,-2.2731191803994008e-07,0.12350277599983735,1.5484528288963886e-06,1.2768812480464182e-06,0.824617466039618
0.023446300552761846,0.025400867726575082,1.0833635638771593,-3.3162245373240313e-06,2.0291878803093183e-06,-0.6118970104318495,1.6621325018913923e-06,1.2774800098103607e-06,0.7685789239766845
0.02645268346372709,0.019225097702637972,0.7267730598674477,-1.4980917311360946e-06,2.0694610651298133e-06,-1.3813980960701349,2.382906332293886e-06,1.7831571949635439e-06,0.7483119125572182
0.016922157921955134,0.0194490022561355,1.1493216376914903,-2.2719407296967236e-06,3.05143256599735e-08,-0.013430951459744635,9.663682528640867e-07,1.2386976405315877e-06,1.281807051152996
0.01720158547203803,0.021194972401199122,1.2321522592003236,-1.8816579347959835e-06,-8.068336463642417e-07,0.4287886929096502,1.3198742705421664e-06,2.107163870641077e-06,1.59648833049493
0.013131538365764552,0.019466313767515557,1.482409236854267,3.020784001262581e-07,-1.9556718379524542e-06,-6.474053878513169,1.6761333753338148e-06,2.0395756012903415e-06,1.2168337146106554
0.019583746615136968,0.03056433383684689,1.5606990040007278,-1.0889542742202553e-06,6.2116279037683e-07,-0.5704213712936781,1.322427333879061e-06,1.034744767095573e-06,0.7824586959045742
0.020419516108761172,0.02026989601418519,0.9926726914693249,-4.217004501816236e-07,-1.667857593318153e-07,0.3955076625125294,1.5843699328181248e-06,1.8238091031483397e-06,1.151125797940588
0.013302769173082466,0.04203791366954199,3.160087431615648,-1.7368465743325002e-06,-6.255217168547515e-07,0.36014794058315147,1.294625667657221e-06,1.0619061073100748e-06,0.8202418149423224
0.02148391801193052,0.019848809315922252,0.9238915036307505,-2.439216944965323e-06,2.9807259717095747e-06,-1.2220011745416723,1.2396771924099409e-06,1.5350611139926184e-06,1.2382748697735169
0.02753927921890806,0.024349252164861567,0.8841644681878141,-8.957411830914661e-07,-2.783356972797496e-06,3.107322768381948,1.662753754522869e-06,2.0295764913715395e-06,1.2206115823529933
0.017148921571542526,0.016727134126762026,0.9754044332746598,-6.362677146736795e-07,6.875051276064385e-07,-1.0805280729339488,2.0733978350521012e-06,1.880444591423035e-06,0.9069386297375884
0.022085921832854325,0.022484159706001858,1.0180312995835712,-1.8576667742788066e-06,4.0146292433479725e-07,-0.21611137685910076,1.590426013554636e-06,1.6829328884366265e-06,1.0581648401708645
0.027098979603427227,0.029050751083182915,1.072023799726719,1.603622352441478e-07,-8.092405555084589e-07,-5.046328733672294,1.457242711086228e-06,1.2119157125063243e-06,0.8316498708735781
0.01978772932002271,0.025285010189396783,1.2778126171258828,-2.8917583297188667e-08,-1.1889609027760579e-07,4.111550023240176,1.408288486888714e-06,2.503299841292432e-06,1.777547615135938
0.017104535138713867,0.03913936221729946,2.2882447198879237,-3.2867901198946704e-06,1.6699333778951342e-06,-0.508074235646251,2.4110505105367596e-06,1.6715085868080178e-06,0.6932698338351686
0.020040455770608912,0.045063513567601965,2.248627181108903,-3.5380535305730075e-06,-1.8269401659492778e-06,0.5163687180429389,1.5397295731166429e-06,2.598308572422949e-06,1.6875096885770557
0.02390309384188668,0.02891343528244859,1.209610583203335,-4.461985617456708e-06,1.7052012184444102e-06,-0.38216197106801963,2.733900552016944e-06,4.168078795629169e-06,1.5245904949081468
0.021654626431634884,0.02207231747886963,1.0192887671626858,-2.937063328310357e-06,9.199535996178841e-07,-0.3132222552882841,3.368736726012181e-06,3.5240663646258682e-06,1.0461091653183483
0.02188934909068726,0.028765011927330518,1.3141099723046805,-1.5407386882591553e-06,-2.982042740741014e-06,1.9354630109991946,4.393731898711872e-06,2.7939594428960104e-06,0.6358966608124466
0.026633638844550278,0.029559630654467033,1.1098607601835626,1.4279285114085633e-07,4.622922080725741e-07,3.2375024686393536,2.3635996876647967e-06,1.6298713535963171e-06,0.6895716572067274
0.029358949111301068,0.018129191195434234,0.6175013665068757,-1.7580656031913653e-06,8.598708602477282e-07,-0.48910055386262585,1.4674244570836187e-06,1.3729494716412183e-06,0.9356185015273895
0.008182034515463643,0.03769006469962925,4.6064416653824765,-8.893050938466164e-06,7.564365296581208e-07,-0.08505928222970326,2.112383956958629e-06,1.6501017068553465e-06,0.7811561441846644
0.02004525299535506,0.024368587901331,1.2156787398481703,-2.3891684443971333e-06,1.0341361070726985e-06,-0.4328435316052592,2.0006549227738687e-06,2.1895778678432556e-06,1.0944305501757638
0.021123445931921243,0.02823137516194646,1.3364947770800921,1.3701941945084946e-07,1.0768716686380902e-06,7.859263109959222,1.5426652726461698e-06,1.567173938661959e-06,1.0158872222317865
0.023833218442571958,0.02253241026306429,0.9454203727187719,-2.665595690787406e-06,1.3572350016156559e-06,-0.5091676154438614,1.8385676506062946e-06,3.952324982949007e-06,2.1496761251323386
0.018914915341486645,0.022048812956976582,1.165683935609073,-3.821984624783584e-06,-1.4300674784147394e-06,0.37416882034048354,3.327290000472927e-06,2.787584663117222e-06,0.8377943199183139
0.018413575287553777,0.028413194226645264,1.5430568905241608,-6.636067319343809e-07,-9.401895023002405e-07,1.4167871678450796,2.9836375644445466e-06,2.937247233746629e-06,0.9844517540432047
0.022596265153421065,0.032692626750406684,1.4468155037319093,-1.7987527446225785e-06,-6.063989291775565e-07,0.3371218923725915,1.9229840270696556e-06,2.382497713679173e-06,1.238958660155773
0.019843219692462333,0.022527136980717153,1.135256139369073,2.089987752316169e-06,-1.4608217943678125e-06,-0.698961892359847,2.5205349738698787e-06,2.629105547792627e-06,1.0430744167600483
0.01882514359290397,0.02801743769354213,1.4882987508314751,-1.5162097710077194e-06,-3.1728402386453683e-09,0.0020926129743489264,2.1937026667002773e-06,1.77406501112275e-06,0.8087080523958438
0.03317122270560193,0.03293112970476522,0.992762009318512,-6.158763687342743e-06,5.358433659478928e-06,-0.8700502132418845,4.045777161160879e-06,3.251438842449553e-06,0.803662365209605
0.02286100937552403,0.029857574860586295,1.3060479688422282,-1.7524525321119914e-06,4.828881090636498e-07,-0.27554989377183914,1.4088600046869028e-06,1.5917797159122068e-06,1.1298352644100753
0.018351465060363368,0.028914879262959763,1.5756169421814672,-2.9570905383938176e-06,-2.7633253099295468e-06,0.9344743673051292,1.4921508915517926e-06,2.943023583318202e-06,1.9723364439755453
0.02496655931155528,0.02415764714015313,0.9676001742447642,-1.2040407023914312e-06,7.263963720445907e-07,-0.6032988507795817,3.724454331401499e-06,3.9462439946292605e-06,1.0595495724992023
0.02793573292005703,0.029246299269086586,1.0469136196562292,-1.8293269586387477e-06,1.090309409119927e-06,-0.5960166956328332,2.4693733515690346e-06,2.5805634902178203e-06,1.045027674157954
0.01912827532314108,0.03185529020247675,1.6653508831472503,-9.268961943018104e-07,-4.909940352929967e-07,0.5297184715089274,1.3174281145203254e-06,1.5914156572338765e-06,1.207971531572567
0.03598834574760265,0.02615897596624328,0.7268735314955634,3.9847923125246073e-07,-4.4601139869016075e-07,-1.1192839267640162,1.6490138527702059e-06,1.2172914027980896e-06,0.7381935577758437
0.019494795350403323,0.024269939588336308,1.2449445686453022,-3.4251924507274577e-07,5.403170787333685e-07,-1.5774794745288356,1.1031637161673053e-06,9.722399024825226e-07,0.8813196883055145
0.010106175576426069,0.04288624417284648,4.243568088494728,1.9254257723231805e-06,1.2856847734578653e-06,0.6677405028741168,2.935510872147251e-06,2.0352222984550238e-06,0.6933111090698536
0.019613311499773918,0.028208780004877247,1.4382466726846412,-4.522767897962712e-06,-2.1861537308993423e-06,0.483366332347963,2.8593389387108532e-06,3.508929112096547e-06,1.2271819421584784
0.031694667243451984,0.033089551916599444,1.0440100747054109,-1.676799192419023e-06,-2.597821745061914e-06,1.5492742105357196,2.941083448669306e-06,2.941263536260296e-06,1.00006123171754
0.04699271216676037,0.027753783379880232,0.5905976075905548,-3.534252192262474e-06,2.8867919929933505e-06,-0.8168041882561166,3.4068809640450252e-06,4.043830461786637e-06,1.186959716075714
0.024263221760409126,0.027350604402162235,1.127245370472229,-6.506576024039231e-07,1.0494728804806297e-06,-1.6129418554447708,2.7781486271602053e-06,2.318743107558477e-06,0.8346360899807841
0.021505419894230555,0.02196063841199549,1.0211676182099128,-1.9274742815944193e-06,1.2543811971358845e-06,-0.6507901086484289,1.781368673684489e-06,1.2563412235742086e-06,0.705267383520144
0.019506697249309674,0.016977954294045552,0.8703653969226589,-8.147967437024314e-07,1.2496798210565505e-06,-1.5337319775948208,2.248894987989925e-06,3.8132456178616692e-06,1.6956085714211002
0.027532554037215485,0.024420823579646332,0.8869799564049504,-2.2397185859155904e-06,5.164781009573688e-06,-2.3059955130310894,1.0284293280865276e-05,5.475008178268956e-06,0.5323660098701806
0.047329122555193004,0.03728854227171085,0.7878561920987802,-4.2588223795709084e-06,1.7442384046862432e-06,-0.4095588520087521,3.6302630289060118e-06,3.4668725443942436e-06,0.9549921085026706
0.034631231099472706,0.0321343508981868,0.927900911344618,-3.1450752114796952e-06,5.022192795472344e-07,-0.1596843464073949,2.9158476914429626e-06,2.5325219804589356e-06,0.8685371282906992
0.04361726509693832,0.032189590259990096,0.7380011146606626,-3.128007939429023e-06,-6.771635867972278e-06,2.164839731579566,3.970710453421496e-06,9.493410631516258e-06,2.3908594552231683
0.0289337207817481,0.030333042386308552,1.0483630022946502,-1.938108491589986e-06,1.536410756002141e-06,-0.7927372294528774,2.8228964486721824e-06,2.89053495175744e-06,1.0239606745465542
0.052774791905005676,0.02183458736537197,0.4137313777508418,-4.682418912062465e-06,-9.977496327377194e-07,0.21308423092333714,3.690658324312458e-06,4.50398377014595e-06,1.2203740835274988
0.028931059766993797,0.02933221075153827,1.013865754928277,-6.241741258694697e-06,4.059607101606803e-06,-0.6503965693790658,4.560396397867702e-06,5.062575372038046e-06,1.1101173955854247
0.020850043381246533,0.0322627123630951,1.5473690760813301,-9.783994884900379e-07,5.2776070182363145e-06,-5.39412283052318,4.595298217106501e-06,4.499482288046916e-06,0.9791491379813175
0.027626043407725974,0.01941259471423477,0.7026918197343378,-5.276412587305954e-07,5.7355074671237825e-06,-10.870089046717695,3.134864867385512e-06,2.752055713946782e-06,0.8778865534456054
0.017428862075252734,0.02491162315008249,1.4293315904688084,-3.110256563700363e-07,5.554749853684819e-06,-17.85945866496676,3.8648365068913005e-06,3.413700006862003e-06,0.8832715176373214
0.023046070555700227,0.028313190164904675,1.2285474044902494,2.270687349925243e-06,-5.318986822015286e-07,-0.2342456711264279,2.807556002347301e-06,2.503531463626206e-06,0.8917120305109103
0.022237406432502493,0.020209918487609543,0.9088253411634575,-1.6475068536452355e-06,5.085260623376097e-07,-0.3086640041663297,2.1049990473181572e-06,2.488652860766393e-06,1.1822584261674722
0.03457060059285027,0.042242650538119056,1.2219241151065072,-4.860714602366903e-06,7.512210260895199e-07,-0.1545495030141692,3.388071938354781e-06,2.7623696453391625e-06,0.8153220166513188
0.018115136023021988,0.036227900961606524,1.9998691103155706,4.826102856888384e-07,-2.1924152619556994e-06,-4.542827467563036,3.1177245282662435e-06,2.9357355160165593e-06,0.9416276163593941
0.016518673611258368,0.03287120609574421,1.9899422235294189,-3.043166836894281e-06,7.479692143706693e-07,-0.24578646339811358,1.3266071863061933e-06,1.3132580091338583e-06,0.9899373549984269
0.024703929311612763,0.03894399809273809,1.5764293040796302,-3.3898534501164622e-06,8.550255992325434e-07,-0.25223084472963514,1.8415204019610714e-06,1.4380647396188924e-06,0.7809116521801599
0.02262293029825956,0.02464902554854756,1.0895593640424146,-1.536776848807405e-06,9.181808046215603e-07,-0.5974717834499538,1.6405832326885427e-06,1.3666002772233457e-06,0.8329966136395279
0.025517361463660345,0.021173474146060516,0.829767379210189,-2.50185076073497e-06,2.2448858447951712e-07,-0.08972900702261273,1.591394603276487e-06,1.677698080080983e-06,1.0542313494257225
0.029947329267702626,0.02177238333802491,0.7270225382503751,-7.237803523513081e-07,-1.1124959164768357e-06,1.5370628849798522,1.523517201427568e-06,1.7896267158617097e-06,1.1746678765325338
0.019703906903155162,0.021233665898634145,1.0776373438525546,-2.4713469341283993e-06,9.494401866816344e-07,-0.3841792398995915,3.242232267975485e-06,2.7135273372220246e-06,0.8369318151646198
0.02102724688993737,0.021153929869213106,1.006024705941716,-1.7086730560883571e-06,-8.233854386691034e-08,0.04818858913559911,1.137435247124077e-06,1.3816386688317907e-06,1.2146965485069716
0.014982407384211572,0.024195281067300525,1.6149127738174747,1.3671151181799242e-06,1.4425291445435395e-07,0.10551628940099908,1.9785761510067703e-06,1.7407723590671362e-06,0.8798106447312473
0.019913441029331694,0.021293102469598493,1.069282924946754,-1.6459699576659273e-06,-5.720176016809028e-07,0.3475261495611099,1.034665038853459e-06,1.816699286280617e-06,1.7558332581660938
0.01298529573338376,0.03125703059016169,2.4071096440109034,8.561315229628991e-07,4.1025147171645225e-09,0.00479192110923161,2.048329130049159e-06,1.5400975292160513e-06,0.751879913546457
0.018630153894058282,0.023277966796521103,1.2494779661452582,6.601814788531162e-07,-1.1654991542622397e-07,-0.17654223749005712,1.9986365572108826e-06,1.7327351186017558e-06,0.8669585835154567
0.015336792761298063,0.024209550624689335,1.5785275970984893,-1.1481715521837642e-06,3.5854755345723326e-07,-0.3122769875070445,1.092284273687472e-06,1.181950038441734e-06,1.082090136161676
0.016394239641572383,0.026616045806956312,1.6234998626873522,-1.9238448921382187e-06,2.936985256211579e-07,-0.15266226857547366,1.1208884150497896e-06,1.0477016563007761e-06,0.9347064723246671
0.02602754163261413,0.021207431505673134,0.8148073223749608,-4.082353921495478e-06,2.5264116862154507e-07,-0.0618861503632188,2.921484585288973e-06,2.745008373962552e-06,0.9395936530984759
0.03320482856331153,0.03798450188489149,1.143945128717246,-1.4365135523916403e-06,5.012136375958056e-07,-0.3489097870057257,1.4027587128406708e-06,1.4720945768642157e-06,1.0494282184019628
0.01839068770162895,0.017905204745082032,0.9736016964442328,-1.5467314358763955e-06,3.8127976527283077e-07,-0.24650676673988547,1.466730033116548e-06,1.2634156367082676e-06,0.8613825367874466
0.02568027400989058,0.025288762854840004,0.9847544011835782,6.035586008104607e-07,-2.772676669451781e-07,-0.4593881465244006,1.5426430676579776e-06,1.2714693597247508e-06,0.8242148727606059
0.012206179907233593,0.020577714259479837,1.6858439262627227,-2.3136773347195817e-06,-1.032134662025524e-06,0.4461013843793474,1.0234320351863092e-06,1.19680119751266e-06,1.169399780704334
0.02379270662463951,0.022089529523304997,0.9284160004070021,-1.4244014467339712e-06,8.460788541405736e-07,-0.593989044367063,2.0804100768330617e-06,1.7529325312482225e-06,0.8425899060807535
0.026686485969724817,0.030933129601945285,1.1591308663507884,6.39875143812275e-07,-3.804028979138317e-07,-0.5944955068069238,1.9016189078288613e-06,1.5686553635669296e-06,0.8249052200253484
0.01727266513969415,0.025584246945736515,1.4811985723582166,-1.8468097002420474e-06,1.046417494584938e-07,-0.05666081862401914,1.025103311740038e-06,9.999532837177124e-07,0.9754658601388817
0.01395581231864692,0.01983032353144195,1.4209365301470744,2.0940774485597616e-06,6.85997136441924e-07,0.32758919060693314,2.272821792944691e-06,2.3236390932281427e-06,1.0223586822518154
0.024929369593613488,0.0083093207699334,0.3333145163872141,-9.474768323625629e-08,-5.401016061985934e-06,57.004201870755324,1.7321017694327854e-06,1.8096245443960899e-06,1.044756478130434
0.017558509801284372,0.017517817061491525,0.9976824491227684,-3.074249127759154e-06,2.5149837234452996e-06,-0.8180806495921469,1.4712303731581912e-06,2.169944338646529e-06,1.4749181217544167
0.016234208093358637,0.022276651367032448,1.3722043747945891,1.446281334106972e-07,-2.850193124402978e-07,-1.9707044937856937,6.873628342083681e-07,6.111849845262269e-07,0.8891737436315205
0.03863924025245184,0.019236841972503922,0.49785766611400323,-1.0128883551117085e-06,1.7280137790969267e-06,-1.7060259113220324,1.1756794294451307e-06,1.145086634705993e-06,0.9739786254884325
0.020691678437466124,0.022328567982674165,1.0791085918986711,-1.9982581052628452e-07,-9.193198520517869e-08,0.46006061460757197,9.63440495637278e-07,8.742699170736482e-07,0.9074456814225492
0.02659934023945085,0.0322524742914489,1.212529107906729,-1.1462417201864263e-06,-2.9346459059716226e-07,0.25602330244045973,8.643693379897509e-07,9.36682256483235e-07,1.0836597451057912
0.01580512360337548,0.015678693833266612,0.9920007098152738,-1.5791905083545141e-06,-4.665052525096685e-08,0.0295407837142941,1.282299431275079e-06,1.4534540394662715e-06,1.1334747594959171
0.013398934299093342,0.027364260845595872,2.04227144000904,-1.6743136101952329e-06,1.4336208669025951e-06,-0.8562439307504812,1.5415652008656039e-06,1.1219913185861772e-06,0.7278260549447847
0.023293350088477778,0.014689079960386415,0.6306125956374335,1.3466338664654924e-07,5.226605701576312e-06,38.812373813934855,9.357751730030272e-07,2.470179589841623e-06,2.63971481730434
0.0187938823222722,0.018580360476350415,0.9886387579606825,-8.627321599925582e-07,4.004273835903907e-07,-0.46413870046741357,1.0764754447764546e-06,1.0429817710356053e-06,0.968885798646522
0.024477694863863347,0.02003663955083324,0.8185672573447069,9.90930360317518e-07,1.551322965678841e-06,1.565521683261132,2.3140063224345542e-06,1.5838994862467608e-06,0.6844836467777444
0.02226316220558191,0.028577177604264394,1.2836082017629737,-1.4533063035191086e-06,-1.3220557086955766e-08,0.00909688278028028,1.1833066702259e-06,1.1771101179830132e-06,0.9947633589847812
0.03127914615200348,0.03542250978031152,1.1324640899138692,4.445994574099712e-07,3.541536328371084e-07,0.7965678476088164,2.0261797292107704e-06,1.883691697588754e-06,0.929676509162631
-0.02555293395187059,0.03545516398191282,-1.3875183197629384,1.783646202406721e-06,2.6627129763578214e-07,0.1492848174018453,1.3869019684345243e-06,1.7918189326969436e-06,1.2919578841750958
0.016439251357762162,0.026362022738508066,1.6036023882596482,-6.29050112504412e-07,1.6019554875599918e-06,-2.546626184012893,1.467616101195546e-06,1.1583760723665059e-06,0.7892909265732859
0.01968454179884279,0.02412327062183229,1.2254931239115985,-1.928539291383641e-06,1.486874028095249e-07,-0.07709845657479361,8.41982112413956e-07,1.0662589681268706e-06,1.266367720176281
0.027275885567427487,0.025571815404603664,0.9375246622658221,9.576684730403489e-07,4.6370555035653223e-07,0.4842025851434656,1.352263796968472e-06,1.0650175742346275e-06,0.7875812224080849
0.01869842669110534,0.026960123828767626,1.4418391597402307,-1.2896290580918724e-06,1.6425407256632356e-07,-0.1273653625712753,1.490687387700977e-06,1.2741644629035585e-06,0.8547496097546297
0.017780650640806903,0.02975475049711169,1.6734342909153177,-2.325453806262081e-06,8.622571186550932e-07,-0.3707909038369933,1.0922351332003302e-06,1.3492226473824805e-06,1.2352858888810487
0.03080183561927073,0.020560108584758634,0.6674962115535573,-1.345761683924693e-06,2.0979800463080362e-07,-0.15589536181395963,1.231886382291561e-06,8.73505494246667e-07,0.7090795927314075
0.02382712343730415,0.026184449068517565,1.0989345456414914,-1.075051533204138e-06,4.7190689310687216e-07,-0.4389621134722509,2.1523615802789605e-06,1.3350194413674105e-06,0.620257977841429
0.026847897133818417,0.023228685778717246,0.8651957232604894,2.8069156446108723e-06,-7.758336184833329e-07,-0.2764007603765692,2.264950119290296e-06,1.8361062918196271e-06,0.810660807132899
0.021451799560902957,0.02993254521532334,1.39533959052447,-1.2699778217654874e-06,-8.742405942049204e-08,0.0688390442117781,3.7003198559281055e-06,2.428161514097537e-06,0.6562031415223458
0.023131035736380333,0.015357798050973214,0.6639477032504245,-1.3265190593079015e-06,2.6168632930085915e-07,-0.19727295093475058,1.4476675317777977e-06,1.1992797115153428e-06,0.8284220549193198
0.018353318155178926,0.020536528878185054,1.1189545511360337,-9.134355388406903e-07,-8.160524344684572e-07,0.8933880933778542,1.1744333672327267e-06,1.2643920298816227e-06,1.0765975023860759
0.024401381389886862,0.01599974274924104,0.655690040395505,-1.9020691873593365e-06,-3.2233022326060034e-08,0.016946293300092567,1.4451190212673073e-06,1.095611104257045e-06,0.7581459299430169
0.01824337155439969,0.01820480036708392,0.997885742380417,4.949439139103821e-07,1.4723591648412316e-06,2.974800019680264,1.4814421750280394e-06,1.695515844349818e-06,1.1445035607398761
0.030771546729121833,0.020109866489124262,0.653521471187294,-6.167218510911109e-07,1.9605765555178278e-06,-3.1790288475252737,1.2256458343992388e-06,1.355083325476258e-06,1.1056075804642733
0.017006926636536586,0.019375651727792893,1.1392800205398363,-1.7325788624495313e-06,9.429402298870673e-07,-0.5442408714105701,2.1598073751528948e-06,1.8058494329927646e-06,0.8361159674551657
0.01574171134923112,0.022491652002079005,1.4287933187885302,-6.609758010031097e-07,-9.039504758744328e-07,1.367599955251887,1.4133103674630967e-06,2.0198320122647137e-06,1.4291496466486184
0.026880778384575327,0.02481384524933575,0.9231073927373464,-1.1665177698791871e-06,9.618525445382353e-07,-0.8245502720784541,1.5856232417173264e-06,1.4189076507429206e-06,0.8948580049862017
0.026098260128189377,0.02275294930790446,0.871818626841275,-1.0157815569080148e-06,6.73183691075663e-07,-0.6627248609679413,1.1435899730570338e-06,1.2021611841993265e-06,1.051216968076172
0.021926285524569693,0.025230485231064012,1.1506958259205267,3.270322214254204e-07,1.7860947149835498e-07,0.5461525189165094,1.4120138573311263e-06,1.071235951642552e-06,0.7586582426799373
0.014084717307996661,0.019395602544715132,1.3770672226203071,-1.752939801537747e-07,1.7105361652421023e-06,-9.758099871664466,9.667327147623266e-07,1.687989330922658e-06,1.7460765578184183
0.018530854905715002,0.01830142383463259,0.9876189699692887,-1.4774137381774e-06,5.142157613826075e-07,-0.3480512926710468,1.4587749603880086e-06,1.5487128360201355e-06,1.0616530157661912
0.0164842032833717,0.029490003362956655,1.7889856643969226,-2.1568426999451653e-06,-3.529640722588871e-07,0.16364849985020266,9.843976398635015e-07,1.2195551370568219e-06,1.238884661716507
0.012103529855457235,0.029055754853021365,2.40060174180681,-2.599635659175556e-06,3.381542848753609e-06,-1.3007756824762229,1.4938689307995677e-06,2.2059081721892775e-06,1.4766410403947574
0.01841416918357308,0.02169254257374938,1.1780353681718572,-1.2132694736144854e-06,1.6226378456241012e-06,-1.3374092737947614,1.7414680735574755e-06,1.947059387589265e-06,1.1180563210738668
0.023913003563527383,0.020116113118554296,0.8412206800000572,-1.0860340450136665e-06,5.384884008750576e-07,-0.49583012921872205,1.2497967054773864e-06,1.4730931552286148e-06,1.178666217291664
0.03245511794686463,0.016280519760778503,0.5016318162033149,-3.8044505031740266e-06,-1.0096468404019795e-06,0.26538572115989895,2.3931492384214757e-06,2.2045535440816447e-06,0.9211935088242851
0.01248227950157569,0.015207365064027003,1.2183163389433247,-5.567395686024e-07,-2.8135340147578483e-07,0.5053590894968625,1.0282335783836572e-06,9.454741111454813e-07,0.9195129696422961
0.01596668969564688,0.020036453833469026,1.2548909144850304,-6.090651468674227e-07,4.810278702710156e-07,-0.7897806544095727,9.94935453351056e-07,1.0292767255828933e-06,1.0345160805318296
0.019100852208696985,0.027773981703812005,1.4540702896578603,-2.0056698686535445e-06,-1.0479487556655832e-07,0.05224931440831272,1.6623396936871763e-06,1.7942716108686876e-06,1.0793651969465266
0.025786781201210533,0.04022069203358694,1.5597406950386978,-7.305232645199259e-07,1.3658666096904865e-06,-1.8697099408436852,1.6952709038386112e-06,1.468160480822302e-06,0.86603296116151
0.024201025378392714,0.022690238487549426,0.9375734347110699,-1.320035742509534e-06,3.7129547239020223e-07,-0.28127683246237595,1.4119838319224933e-06,1.4137901211121954e-06,1.0012792562838646
0.013291135357665724,0.0236241708076952,1.7774381324067885,-2.265589504337209e-06,3.1219386819273244e-07,-0.13779807312625408,8.680334554148609e-07,9.391459078402256e-07,1.0819236309174025
0.017726824093249608,0.025179449640771474,1.4204151577472828,-5.479589677616733e-06,-4.884664197684732e-07,0.0891428826803916,5.553637803572341e-06,5.236881444883297e-06,0.9429641669312153
0.030139941617920503,0.02841461668033282,0.9427561951028517,-1.2831622366925279e-06,-1.0112713597663657e-06,0.7881087292383334,1.2157792087788566e-06,1.813781910681478e-06,1.4918678470437594
0.02870642882597717,0.028863539749850595,1.005473022256647,1.6395958332129561e-06,-3.559642103177623e-07,-0.2171048517610672,1.6379285376048094e-06,1.385607260897157e-06,0.8459509857025697
0.027143639280288,0.020610677696029894,0.7593188770010508,-2.8268021932326723e-06,1.9408636396219666e-07,-0.06865933683893301,2.3032796321484424e-06,1.5572017503430745e-06,0.6760801982564988
0.01668708385931941,0.022283909254039322,1.335398649752347,-2.0810988833359476e-07,-5.27816680715092e-07,2.5362402764303806,1.974568733987622e-06,1.444040235425633e-06,0.7313193056133367
0.018425594105780135,0.01549519708827727,0.8409605139090959,-1.7360511091024721e-06,-1.0330688979316145e-06,0.59506825145586,1.6488014013672444e-06,1.6907746494565281e-06,1.02545682460876
0.01682130892185565,0.0202263847282693,1.2024263285474466,-3.5132035729136114e-06,2.809913178808613e-06,-0.7998150748999332,1.4114515972166977e-06,1.540636551716865e-06,1.0915263086278784
0.024877389456194533,0.025375902364686648,1.0200387950419767,-2.2723956570111036e-06,1.7245162082989763e-06,-0.7588978631332377,1.6428802750138972e-06,1.1990406304968328e-06,0.7298405420849612
0.010856775456147005,0.026146470217136675,2.4083090161299032,-2.422337448757247e-06,8.993510270575621e-07,-0.3712740466936033,1.0917045544704206e-06,9.769352468931728e-07,0.8948714584845515
0.024878547883325164,0.02836958818575779,1.140323314640582,-2.3116621611830685e-06,1.1802861234841146e-06,-0.5105789865419023,1.8610379504998077e-06,1.2947151797870088e-06,0.6956952056992147
0.019921076020735458,0.029324294360639196,1.472023616099658,-4.090816814518813e-06,-1.229630068823993e-06,0.3005830191319945,2.6762166875715554e-06,2.1616808897884255e-06,0.8077376169976623
0.028278696873154263,0.02708359546808317,0.9577384555436982,9.260363882708315e-07,-1.14884121715108e-07,-0.12406005117102227,1.2294874425416378e-06,1.1541842825716001e-06,0.9387523960274304
0.017181518306923427,0.024926986404364387,1.4508023074025922,-9.523957148390877e-07,7.21034628963658e-07,-0.7570746253152563,9.67923020491834e-07,1.068552773871633e-06,1.1039646245097732
0.02212559652688482,0.024683849012725724,1.1156241135795986,3.2026893606549744e-06,-2.0014834496703205e-06,-0.62493836406944,2.449022773908707e-06,2.0386197875626765e-06,0.8324217354291826
0.03653257081809331,0.024470426474988465,0.6698249240885373,-2.549572485249437e-06,9.926734964288022e-07,-0.3893489995565606,2.417564321068661e-06,2.1661575288644244e-06,0.8960082302616442
0.018427221774897844,0.017350757954941384,0.9415829562857461,-1.1491255003790406e-06,-1.4934025665230197e-07,0.12995991874085283,7.439472238126929e-07,1.0366659727115678e-06,1.3934670895049592
0.015958079880925267,0.02499025076289766,1.5659935875348368,-2.7894473703001025e-06,1.0370857060981387e-06,-0.3717889490012367,1.7369021615009331e-06,2.07894376059069e-06,1.1969262326176069
0.030984056307806897,0.017511087675415416,0.5651644672167484,1.1190682383736435e-07,3.56272373922578e-07,3.1836519142063517,1.390126740128707e-06,1.172304661438438e-06,0.843307755758945
0.022121000245491417,0.01942991753217486,0.8783471505152649,-1.4703263493608628e-06,1.2868314428751333e-06,-0.8752012391225301,1.628866290453274e-06,1.2474814941666843e-06,0.7658587457289331
0.01598741900843262,0.02611050075292362,1.633190494297519,9.84122633413258e-07,-4.855357065313627e-07,-0.4933691087332954,1.2084571331659674e-06,1.0836230741176808e-06,0.8966996382227965
0.02099201759311952,0.02756605136960453,1.3131682672865022,-1.8987290743557432e-06,1.2666203439139253e-07,-0.06670885072656833,1.2163005177059714e-06,1.0459493063393783e-06,0.8599431564101546
0.019340728300287987,0.022540585344235642,1.1654465640727711,1.6054982190862448e-06,3.023073594500237e-07,0.18829504502476452,2.1313355778482967e-06,1.2671794442164052e-06,0.594547126875109
0.029185526472403245,0.03065909131061849,1.0504895753588201,-2.6139345848663705e-06,-1.0329046239463404e-06,0.3951532031162687,2.2111281994453477e-06,1.7031873671331272e-06,0.7702797909050976
0.016261846883023606,0.03931635043108787,2.417705117623004,-4.028434191426484e-07,7.897215065459927e-07,-1.9603683938208987,1.0348576415781216e-06,9.440444330212502e-07,0.9122456994003693
0.023322371455303893,0.03221398980144152,1.3812484662281428,-4.4446050017820494e-07,1.4205597233322363e-06,-3.1961439155170543,1.0230433687392516e-06,9.230326714113429e-07,0.9022419768468302
0.024865340881914073,0.030072584222122063,1.209417733902675,-1.5757726713786948e-06,4.094232163635953e-06,-2.598237828337114,1.53810683040468e-06,2.0408300426369784e-06,1.3268454455143603
0.024115548559330062,0.027031857175616857,1.120930635648282,-1.1247662691522365e-06,-8.396146905377636e-07,0.7464792584601613,1.058943571501362e-06,1.0165171897288364e-06,0.9599351817090934
0.02484653709825299,0.03018906419724742,1.215020993785491,-7.929509522997251e-07,-1.5579843277734173e-08,0.019647928074932427,6.978809437178184e-07,7.100039684717701e-07,1.01737119327169
0.022918370414176294,0.026730602520179447,1.166339579870176,-4.0789897040930973e-07,5.366865079959254e-07,-1.3157339118982887,1.69877412140376e-06,9.69084469094247e-07,0.5704610500502896
0.009327043070896105,0.02340552701788234,2.5094262822604967,-9.760904781810427e-07,1.7836192129800938e-07,-0.18273093046700867,5.105259042011708e-07,7.378720716163285e-07,1.44531759415987
0.03005533684095009,0.03135122858938238,1.0431168599204201,5.392325233773769e-07,4.862519833743097e-07,0.9017482482858526,1.70280030082089e-06,1.2418393481543192e-06,0.7292924176461857
0.02838761498832558,0.031155058453818732,1.0974877060517858,-1.3759878674856084e-06,1.3899033922036964e-06,-1.010113115854369,1.6339195727580362e-06,1.8768238119806887e-06,1.148663522533507
0.03184990230186496,0.02300192206940905,0.7221975706990529,3.1693372576308264e-08,1.1738545657929424e-06,37.03785587875345,1.4299240462404155e-06,1.1862657345640212e-06,0.829600521568243
0.026754399267195913,0.020566811039040907,0.7687263254779289,-1.181531124457008e-06,1.6846464902340444e-07,-0.14258164303612833,1.203051786450395e-06,2.0211666246919402e-06,1.6800329357852446
0.03081401435167429,0.022143732985690102,0.7186253869089574,-1.7819714966731109e-07,-1.3614916671444076e-06,7.640367254393649,9.629083442770114e-07,8.653461200327529e-07,0.8986796356848356
0.007037458037457907,0.01961754610711804,2.787589780670913,-2.442562824179404e-06,5.248860987763431e-07,-0.21489154488899675,7.923189595205611e-07,1.1860520380000843e-06,1.4969375953312722
0.026698297839842098,0.025360751373803954,0.9499014328905226,-8.307272402054118e-08,7.56196586361293e-07,-9.102826412365028,7.241055267508728e-07,6.816660756481642e-07,0.9413905162509416
0.010185992535887785,0.03186202166750059,3.1280232687431058,1.0394270332940485e-08,5.404424392874497e-07,51.994264337606594,2.171029546223212e-06,1.182984744991945e-06,0.5448957371629974
0.02002240338818306,0.024442424453366418,1.2207537716372248,2.753342482461686e-06,-7.463710201802728e-07,-0.2710781622462613,2.8077858467129766e-06,1.293077067280573e-06,0.46053265379706737
0.03597010099582329,0.028511959017237933,0.7926571854927134,8.579411179653411e-08,-7.885818515157759e-07,-9.191561460370906,1.7377110303197603e-06,1.5095020514018719e-06,0.868672653314576
0.03261247858409155,0.029615544821004588,0.9081046920319366,-5.397692637381793e-08,3.23495312340102e-07,-5.993214769209548,1.1553917222732965e-06,9.227068460998363e-07,0.7986095350279644
0.03161872653122482,0.027459390893359595,0.8684534105522022,-9.734164388011934e-07,1.5430990928081895e-07,-0.15852404287609795,1.635916664735969e-06,1.2842556706559547e-06,0.7850373422678159
0.019553967557545668,0.02100825231359522,1.0743728735239904,2.1152850112752703e-06,-7.998057969723474e-07,-0.3781078165396528,2.7011010392792256e-06,1.413488632159301e-06,0.5233009101120049
0.017802164266592927,0.030157531519720646,1.694037369170527,-1.2042329694393938e-06,9.082130208076324e-07,-0.7541838197889836,6.630585731275287e-07,7.421585704937977e-07,1.1192956407956065
0.009755713711445166,0.020545247437676398,2.1059707208887457,-1.0235375584809511e-06,4.1969532740392944e-07,-0.4100438952399618,1.2668670140750436e-06,1.3679672418911576e-06,1.0798033469124055
0.015609463542236622,0.024591657510446605,1.5754325857455418,-1.0199071644309711e-06,1.1036482533142943e-07,-0.10821065797003634,1.266872552809672e-06,1.6720287937668962e-06,1.3198082080621827
0.03372694136501631,0.015913966789999873,0.47184731689031345,-8.105840726283513e-07,1.9138468643790603e-06,-2.361071391611897,2.4242088741023273e-06,1.4397899976201685e-06,0.593921593556296
0.02684715943639636,0.020732878181966924,0.7722559338571819,-1.1108949904511393e-06,7.250396273473271e-07,-0.6526626130998082,1.147572200694992e-06,1.1176833432001619e-06,0.9739547041338846
0.028243305620340227,0.026421116843133762,0.935482453728994,-1.3621957833301717e-06,3.2968233484988334e-07,-0.24202272454838036,1.3806906105463087e-06,9.417595465129426e-07,0.6820931056671047
0.014059617514845704,0.029775206419839842,2.1177821081121073,-2.267330712012827e-06,-2.9709606772396854e-07,0.13103340688232507,1.0679849623617467e-06,1.1471892360921296e-06,1.074162349210639
0.016882205865913956,0.016247305592880682,0.9623923391246418,-2.820100034988674e-08,8.825130848740198e-07,-31.293680150518636,8.548180993679578e-07,9.635658241182594e-07,1.1272173867524662
0.017395473627251117,0.018446332689509914,1.060409913795768,1.6370969246736765e-06,-3.0574649616667045e-07,-0.18676138935855316,1.5280145102222864e-06,1.4904444071394299e-06,0.975412469690886
0.012968487856193443,0.03162659301190243,2.438726346711141,-1.6982613206838417e-06,-5.969888401586042e-07,0.3515294335963641,7.167595096734206e-07,8.20281808492001e-07,1.1444310084783509
0.012235212642323079,0.020647500502423602,1.6875473362025113,7.123817806522178e-07,2.7422017708365984e-07,0.3849342930031125,5.764270877140713e-07,5.132341995235829e-07,0.890371411168251
0.018987921100693382,0.022574061323059544,1.1888642892156955,-1.5691196781814622e-06,3.6025161688234167e-07,-0.22958836211897923,7.646999239785219e-07,7.480745426817981e-07,0.9782589473656195
0.01606251714587081,0.014166653995058233,0.8819697352790097,-5.08274262606048e-07,-9.211702686489372e-07,1.812348836877691,6.559987011640393e-07,7.851472139058689e-07,1.196873122633721
0.023465785224881724,0.024467114141946963,1.0426718691690526,3.191519009619382e-07,-3.862331122916044e-08,-0.12101858429402439,1.323406295490655e-06,8.722312297420479e-07,0.6590804598059333
0.017575781142658006,0.01858786216707758,1.05758384314215,-2.6849954159743243e-06,2.1912145624480423e-07,-0.081609620240372,1.3715764892708452e-06,1.7006322359169665e-06,1.2399106059488183
0.031639511506141166,0.025734209636474284,0.8133567306018402,7.753640191862761e-07,4.6889570196924894e-07,0.6047426632736227,1.0107490303106903e-06,9.366145539074487e-07,0.9266539228037115
0.020774520261561614,0.021493465003051476,1.0346070442271584,-7.149431258028036e-07,4.28636877274711e-07,-0.5995398260433629,8.253726675946719e-07,7.191627213607013e-07,0.8713187988845195
0.026214243944032697,0.029383096369767644,1.120882846459369,2.51544351666678e-07,-9.428118533073019e-07,-3.748093912904171,1.174865287372018e-06,1.117394219232701e-06,0.9510828443422049
0.02612237151356857,0.02512783670995541,0.9619278516463723,-1.4979057011500698e-06,-4.976657350277498e-07,0.33224103135841554,7.696251068467927e-07,7.548910847117015e-07,0.980855585396041
0.016888931221569013,0.028066371205352214,1.6618204454233545,-6.231192709627984e-07,5.792654048808677e-07,-0.9296220352579195,6.979189774287923e-07,5.72492329164241e-07,0.8202848004984241
0.03314812997689026,0.021811231979130423,0.6579928338140482,-1.252049384756313e-06,-5.273490344850333e-07,0.4211886854508311,6.742962576284613e-07,8.99588588890715e-07,1.334114758481116
0.016492899209009537,0.01918555763104624,1.1632616793392996,6.150703088234201e-07,-1.1781374033092065e-07,-0.1915451593758262,1.240833533120591e-06,8.6483884495696e-07,0.6969821671259671
0.01965915984588009,0.021309113863292876,1.0839280025366171,2.3402927298894774e-06,1.8101991135108806e-06,0.7734926021824496,2.0437719207959416e-06,1.951245326655839e-06,0.9547275343209195
0.029845880777338983,0.02958564817565101,0.9912807866643507,-6.754728831184417e-07,-6.089062118259364e-07,0.9014517489063538,2.1085450000195186e-06,1.268678448508312e-06,0.6016843124033721
0.02442184520097099,0.02340693836609256,0.9584426636674416,-2.1087916023604237e-08,4.4687471047763886e-08,-2.119103234181323,1.154543304136366e-06,1.004593163911779e-06,0.8701216838836944
0.027433304124628653,0.022120460438043683,0.806335989917624,-1.6853109087013794e-06,1.1520015555074625e-06,-0.6835543219708583,1.2037525298658924e-06,1.0413374007777656e-06,0.8650759811020118
0.019453169749156514,0.026552920667068516,1.3649662759057477,-1.2824267165568201e-06,-4.5118898769546364e-07,0.3518243825322497,6.567475554399576e-07,1.0050785480797691e-06,1.5303879546326797
0.015161565001437345,0.018567226226718643,1.2246246495634479,-1.643231098703952e-06,9.362140068865457e-07,-0.5697397083252354,6.471915010821434e-07,6.252364447448711e-07,0.966076414321631
0.030328639050158625,0.026004239615627978,0.8574153153598882,-8.838833119802325e-07,-5.374144219137392e-07,0.6080151244282775,6.580837021881332e-07,7.094440919301395e-07,1.0780453756432997
0.0167995097771014,0.025809284333588457,1.536311754094625,-7.624913696210549e-07,2.271788287024688e-07,-0.297942819753321,1.0383579857829374e-06,1.2154831889661659e-06,1.1705820204673183
0.026001939048019278,0.022502054093386462,0.865399078577587,-8.635847700498961e-07,1.0320687359108431e-06,-1.195098352476981,8.407578072563516e-07,9.101167346271337e-07,1.0824957279874943
0.03490963588996031,0.02167086590942284,0.6207703219171983,-1.3594710842917594e-06,3.8843436098096387e-07,-0.2857246214863964,2.2347080712245697e-06,2.1040504518054553e-06,0.9415325781915143
0.02880017585767756,0.030922615392997326,1.0736953672022098,1.3537621461284877e-06,-2.905351932373694e-07,-0.21461317563668547,1.962339941542815e-06,1.55474264670697e-06,0.7922901704200205
0.018682434558869098,0.025065527555337634,1.341662805045839,-5.585457546027177e-07,1.3118133110367877e-06,-2.348622830317373,1.2777018869242005e-06,1.267797775407659e-06,0.9922484958205833
0.031139441234541158,0.02229574223110181,0.7159968627301652,-1.3939428005398621e-06,1.2265824542819998e-06,-0.879937436318732,1.3627812114823887e-06,9.593417817985777e-07,0.7039587673468415
0.022042574525353905,0.03183372978888478,1.4441929073334356,-1.4519926449874825e-06,-2.2609457670406616e-07,0.15571330714696238,1.4232190255197782e-06,1.2700000963875854e-06,0.8923433945268998
0.02517027829679719,0.024034817565751345,0.9548888288934682,-8.217417534425444e-07,2.6761447780345057e-06,-3.2566737260498955,1.0765407031082092e-06,1.3713795207173094e-06,1.2738761449129008
0.028107886278694556,0.036433284389262084,1.2961943857328782,-6.416965732741032e-07,-9.413959615957496e-07,1.4670422140366153,1.8171091245943958e-06,1.5530803362824601e-06,0.8546984412007338
0.03434841421278735,0.02447915470609919,0.7126720481024711,7.082367772650515e-08,1.033959699311962e-06,14.599068171872293,2.7556077825361333e-06,1.909448389423944e-06,0.6929318466601864
0.018472348260283558,0.03175002493131905,1.7187866146711375,6.782857122590497e-07,-7.206747111066219e-08,-0.10624943118828119,1.880551297427429e-06,1.8129530367406178e-06,0.9640540192765362
0.018695435883105235,0.028181952825446055,1.5074242184914037,-1.3737609054660122e-06,5.27342056951168e-07,-0.38386742180021577,1.1113274561703814e-06,1.1775833069353446e-06,1.059618657306713
0.019786513568093193,0.01936588862873843,0.9787418365591681,-6.770617422647125e-07,1.01333103976749e-06,-1.496659723200407,1.02372912737678e-06,1.4472845020067318e-06,1.4137377391178434
0.02699687238932397,0.03617087662249699,1.3398172981252792,-2.185012525795189e-06,-2.3291673130463087e-07,0.10659743528008644,1.2915548667592888e-06,1.142928524165071e-06,0.8849244841087206
0.022565381811170074,0.028212011229152817,1.2502341624544375,6.002434148848646e-07,9.038845670031031e-07,1.5058633624102002,1.7380778297654813e-06,1.7020896936127807e-06,0.9792942896247883
0.023681185712297728,0.02651153957762318,1.1195190941750708,1.9707646639750002e-06,-1.5252438265367366e-06,-0.7739350387277315,1.991425668372415e-06,1.5956866291325142e-06,0.8012785284808863
0.01994219943963262,0.025879298704808963,1.2977153690167746,4.1925320089975086e-07,-1.2471901443844828e-06,-2.9747897969721238,1.2898682950182356e-06,1.3909861075357123e-06,1.0783939049498439
0.02517660882939695,0.02780165920402715,1.1042654470432536,-1.1456399513270452e-06,-1.7511807620444853e-06,1.5285611854021113,1.0834971649832477e-06,1.6336688358727252e-06,1.5077739828677668
0.019101034587395555,0.02342441770962971,1.2263428770024363,-7.93229388120602e-07,1.017438709466864e-06,-1.2826538258718339,1.8152161267558444e-06,1.6947002699033605e-06,0.9336079847043504
0.020611772794558697,0.020702765420018136,1.0044145948224046,-9.746180191084598e-07,1.3076732024862094e-06,-1.3417289408238262,1.5541139678497797e-06,1.364034817438557e-06,0.8776929141984292
0.020628576781902337,0.020878947564974312,1.0121370846723476,-1.7820902842339805e-06,9.644424572947232e-07,-0.5411860812143321,1.1790463110168916e-06,1.1517008608374971e-06,0.9768071449578517
0.02733815342467798,0.026188473990082034,0.9579459732800337,-6.653079844227876e-07,-4.607881062859737e-07,0.6925936815349472,1.4436842608729396e-06,1.0474480482869304e-06,0.7255381780317944
0.01549840575197803,0.02423700624121735,1.5638386701886438,-4.2027114735640724e-07,-3.3944194386373345e-07,0.8076736792399234,6.893623407375065e-07,8.61997876183974e-07,1.2504278595517349
0.027599257182881476,0.019568418429214175,0.709019750044271,-6.576412803719576e-07,-3.669757416194312e-07,0.5580181058766143,9.133501513047113e-07,1.0514203773515518e-06,1.151168996741949
0.020525922660925545,0.01780881214231506,0.8676254138001332,-2.108654465024899e-06,1.3065511674589819e-06,-0.6196136868937198,1.4497813097599081e-06,1.0913914742579523e-06,0.7527973128848604
0.017958568381591912,0.026930324799664448,1.4995808255667453,-6.550896793052961e-07,-3.690432916277451e-07,0.563347741974969,1.116714997431782e-06,8.074200304879998e-07,0.7230314201429211
0.018607328475879228,0.02651041445827392,1.4247297505732486,-9.123049082572388e-07,-5.571310146359986e-07,0.6106851005551169,7.16587695431495e-07,1.0586605369291974e-06,1.4773635434693342
0.02149929735173462,0.02010073900700464,0.9349486487000404,-4.06211427371822e-07,-7.192985366538525e-07,1.770749142405216,1.128798764873687e-06,1.039851027561647e-06,0.9212014221844109
0.018150482278156424,0.02719827977108248,1.4984879935567783,-8.180072499701397e-07,-1.4870218398197956e-08,0.018178589980395374,8.146934412638457e-07,7.473124165115433e-07,0.9172927860475061
0.021522026190614843,0.025873661866999877,1.2021945163454295,-4.502304771063734e-06,2.9740750875648e-06,-0.6605672513951409,1.995420378544467e-06,1.4583318243711136e-06,0.7308393960749637
0.02899919332999264,0.024689763189773544,0.8513948270498257,-1.8744796610205895e-08,2.146914813330366e-08,-1.1453390815462061,1.3754335937266499e-06,1.0964991450258053e-06,0.7972025330971527
0.03139531993004216,0.02147546128253816,0.6840338410435597,-1.365890809420825e-06,-1.6866612742694e-07,0.12348434169379838,1.2728816694139865e-06,9.599993741896703e-07,0.7541937300673346
0.026899504378473854,0.01954582750828302,0.7266240757924313,-1.5098890830242042e-06,-8.172025015084537e-08,0.054123346588588694,1.1526365133346718e-06,1.1095781174709216e-06,0.9626435607707943
0.025189601423495047,0.021676386497092266,0.8605291577529326,-1.1088277021566011e-06,8.015460781018326e-07,-0.7228770317903089,8.490430470968865e-07,9.242227230768441e-07,1.0885463655076357
0.023907993218121544,0.019447578624454055,0.8134341701968265,-4.1513667874251127e-07,-9.56321809292571e-08,0.23036312093389613,1.5774834171957089e-06,1.5176569833095643e-06,0.9620747620963915
0.015165787165096235,0.015114193274075712,0.9965980077091372,-9.889841899899474e-07,1.7717920250618064e-06,-1.7915271477492636,6.077465723189315e-07,1.1561316682927555e-06,1.9023252798965093
0.022497191375957425,0.023400373925859787,1.0401464580537634,-1.997933011441671e-06,7.60059067674448e-07,-0.38042269851980853,1.2400294124984155e-06,1.30237313521306e-06,1.0502760032030483
0.03344398226290293,0.026941360082906193,0.8055667495312111,-1.3143231416829223e-06,-2.6447693631234107e-07,0.20122672113472198,1.1988177882524156e-06,1.121682922769088e-06,0.9356575567703483
0.016243501845073036,0.025800075401365495,1.5883321002725252,-4.329339323488242e-06,-2.0973113145958307e-07,0.04844414257891852,2.573047200480291e-06,2.2127855292155645e-06,0.8599863728899031
0.01955557556141652,0.03443023764567877,1.760635351158378,1.8743345604459774e-07,1.5723497704699835e-06,8.388842651953556,1.4867898902412046e-06,1.3656469729924111e-06,0.9185204862879851
0.02574094353433302,0.037056786111316756,1.4396048094309664,-9.164796569642396e-08,2.8150965948669358e-06,-30.7164111442659,1.3471263703522886e-06,1.9334198722853185e-06,1.435217894056745
0.02740244058859058,0.02430141403910796,0.8868339285525619,8.252916549869785e-07,4.145892376590896e-06,5.023548162081331,1.2509384491974974e-06,1.915477382734706e-06,1.5312323191948602
0.025755673830135037,0.05413040667079368,2.101688623166955,-3.9754556847789363e-07,-1.742246575986058e-06,4.3825078535190345,1.0777683074007529e-06,1.998881431370627e-06,1.8546485526108267
0.01847292377207206,0.025018497022754296,1.3543333654945318,-1.572618511852577e-06,6.28044875044287e-07,-0.39936250928678,1.3101572826942591e-06,1.088198954595071e-06,0.8305865020703893
0.02645111152944945,0.02161404942903374,0.8171319910306851,-4.903693940532792e-07,8.31369438539367e-07,-1.6953942244793478,1.2489165133911135e-06,1.1441176781033687e-06,0.916088197918698
0.018021253610704314,0.024667712669652116,1.3688122481667935,-9.727434402627048e-07,-7.73250794197667e-07,0.7949175108174859,1.1329401837390832e-06,1.1619561114873658e-06,1.0256111736212943
0.026519612177513786,0.020829417569944737,0.7854344713082262,4.848229426820201e-07,-8.872300738382027e-08,-0.18300084334501235,1.6783856415855568e-06,1.0119452027527131e-06,0.6029277048609264
0.025145988009317336,0.019300286163832364,0.7675294427357968,-2.2599130193924376e-06,4.457498569640797e-09,-0.001972420412374617,1.2885878163006093e-06,1.2304292203071803e-06,0.9548664085926283
0.020556415906748254,0.01808185176057116,0.8796208367546823,-2.3457178718702198e-07,-1.1454036626971778e-06,4.882955774148397,1.4307414630234953e-06,1.2983839110127607e-06,0.90749023815174
0.02093507568452432,0.021281753264484577,1.0165596525746754,8.689910659381938e-07,6.349982860833643e-07,0.7307305114786163,1.420857232599496e-06,1.3474148418946e-06,0.9483112102892061
0.03638484950354482,0.018840079137985667,0.5178001117237041,2.2708999243332912e-06,-1.2030083442040417e-06,-0.5297496077715668,2.2267777638657125e-06,1.3206158922781167e-06,0.5930613794101806
0.02039152604767472,0.021295154633389386,1.0443139264615122,-4.852680856191276e-07,1.9520150754002664e-07,-0.4022549871396951,1.1622612294894361e-06,1.3630445231469091e-06,1.1727522940308988
0.022805427178001707,0.02415962209694271,1.059380379432106,-1.5894242547175528e-06,1.9336361105571185e-06,-1.2165638625545787,2.0933956748248232e-06,1.7195192314044407e-06,0.821401922285108
0.04229861902778678,0.022594319668753964,0.5341621118625958,1.2164867757766984e-06,4.296762912000479e-07,0.3532108196784216,2.4218351933497627e-06,1.7255056118673198e-06,0.7124785437941736
0.023554367545217135,0.025157781344504245,1.0680728869586096,-3.0937946191814116e-06,-1.760425055519843e-06,0.5690180739876116,2.6867215251172498e-06,2.3054011377435554e-06,0.8580722327160224
0.022881981075351613,0.023395661400332037,1.0224491193873837,-2.364194478127824e-06,6.426512659817e-07,-0.27182673503687715,1.3021966402055024e-06,1.597459970114695e-06,1.2267425063104114
0.014917559916504603,0.02623078288884787,1.7583829416918553,-9.619509378216159e-07,4.4393290372880306e-07,-0.46149225108518577,1.1941239546324094e-06,9.74994827307756e-07,0.8164938183556426
0.013030820444880057,0.023242221766585823,1.783634565827966,-1.6845571521086105e-07,2.5704507908044503e-07,-1.525891114817292,1.2645387215874075e-06,1.2759215570228863e-06,1.0090015712774614
0.022838010410339935,0.033689366678419985,1.475144553886668,3.3251661173872353e-06,-2.0265419701341463e-06,-0.609455858321602,3.943320702728027e-06,2.58864109843055e-06,0.6564622290648852
0.03525480674862681,0.019723944052957187,0.5594682221233688,5.216251919670867e-07,1.329552935948831e-07,0.25488664206093836,2.704014732897904e-06,2.002584443218499e-06,0.7405967204447591
0.023720465304148654,0.021614193650768904,0.9112044546187141,3.4250096997492113e-07,6.251366245445656e-07,1.8252112529501443,1.7134994410848513e-06,1.4451683151518725e-06,0.8434016845881823
0.027956360240116888,0.027747772650746932,0.9925388145102438,3.803709803611179e-06,9.022877795701495e-07,0.23721257039996385,4.087753134132956e-06,3.921417379230681e-06,0.9593087572942303
0.022514054972069267,0.020507561390789922,0.9108781788190273,-1.1920495014845406e-06,-1.4423663759045148e-06,1.2099886574410186,2.0604506944443934e-06,2.4950074066530143e-06,1.2109037179973872
0.01623014805375286,0.02034227789307138,1.253363667768125,-1.3813392327618928e-06,-3.271855058105666e-07,0.23686108238334885,1.3986123453976325e-06,1.7247513023529973e-06,1.2331875290737848
0.012356924560364784,0.020293907259974042,1.6423105248264909,-1.3365474869278716e-06,2.784969701891883e-06,-2.0837042672485135,1.526716458369741e-06,1.853623749801056e-06,1.2141244300073855
0.029227595106669564,0.029257680836778786,1.001029360438292,-6.637320071127629e-07,-1.1768447395926388e-06,1.7730721540941177,2.2013700454867944e-06,2.2542235626458326e-06,1.0240093741928566
0.014028695395845035,0.024305459560092085,1.7325530902389386,-4.218350756628278e-06,-7.154526006860463e-07,0.16960481523776996,1.9170977253719787e-06,3.0771418003471613e-06,1.6051042988693216
0.017601124290501757,0.020595918594900946,1.170147898223484,-1.792875676151362e-07,-1.4310777857814206e-06,7.982024659140967,1.7910139125824054e-06,2.1073653386272683e-06,1.1766325899661638
0.021174998362542198,0.020608113451865244,0.9732285735766689,2.542213219982686e-06,6.701935481855679e-07,0.2636260180372016,3.6548873429259573e-06,2.2756384024570294e-06,0.622628877155826
0.03195155190737431,0.02718078701579411,0.8506875376379097,-1.886122156154639e-06,3.0000050556188404e-07,-0.15905677401802795,1.8269843170063417e-06,1.9619757378474615e-06,1.0738875641047176
0.032188537013880025,0.017217312787045747,0.5348895720119702,-2.394267020489965e-06,-6.669739158656766e-08,0.027857123293173313,1.4121827269611762e-06,1.3225016156474524e-06,0.9364946833001525
0.01605639921291828,0.02622108211402994,1.6330611718307055,1.2030713178510083e-06,7.732233384432177e-06,6.427078153807137,2.137553318197415e-06,3.6628461546822116e-06,1.7135694925126201
0.029990470199981155,0.029779890164655067,0.992978435018794,-1.7696225130793407e-06,5.778438354457178e-07,-0.32653508371127415,2.7153302349718672e-06,2.4336737976896286e-06,0.8962717559526763
0.02046027415704301,0.022190289714664697,1.0845548571022527,-1.0267140633945527e-06,1.3893459906728228e-07,-0.13531966106311288,1.8359171636317561e-06,1.9371590431800454e-06,1.0551451239488472
0.03204868550985281,0.01900334518877427,0.5929524062049915,4.736725330804453e-07,1.5500192177266619e-06,3.272343464051814,2.078502905262802e-06,1.808983055483164e-06,0.870329818112253
0.019676511905856,0.030799960605143905,1.565316086128935,-3.179487286905471e-06,-6.487405301452996e-07,0.2040393533942088,2.0581399726393345e-06,3.1966375443656013e-06,1.5531681940302005
0.021212611988799483,0.03218547794681667,1.5172802841918287,-3.914699671298056e-08,1.3537403671643524e-06,-34.58095079655171,2.103788409291416e-06,2.1800670985755872e-06,1.0362577761847556
0.024542485737772818,0.017673443151386366,0.7201162645145412,-3.330483874947959e-06,-1.3740200692227912e-07,0.04125586914136497,3.6715294947756086e-06,2.273043587298003e-06,0.619099912048214
0.014244944592712527,0.018104587567871908,1.2709482616825276,-1.6890304132526324e-06,3.0641669540927704e-07,-0.18141573591869098,2.0292643243792408e-06,2.5798145546777106e-06,1.2713053315353016
0.016597486645034524,0.0297579257964719,1.7929175924581684,-2.2009997812209046e-06,-7.339458802211108e-06,3.3346022406871283,2.404893760863675e-06,4.09878944246921e-06,1.7043536430470851
0.016115030087146428,0.016788943161575177,1.041818915061553,-3.847220240629068e-07,7.445352775993494e-07,-1.935255147954848,2.461623291415162e-06,2.3526255490019714e-06,0.9557211930869696
0.02801837276044475,0.0338864117138139,1.209435394537024,-1.5785179190335036e-06,1.5705804340341649e-06,-0.9949715585083768,2.9723473220610773e-06,2.0824167090688482e-06,0.7005966946099907
0.025404371791437792,0.0335580133259242,1.3209542672979808,-2.1345181937182e-06,8.533229646593941e-07,-0.39977310438050556,2.1012518743682105e-06,1.6655988075081592e-06,0.7926697545523711
0.03212013549830036,0.021980140039491534,0.6843103149628561,3.1475714216162776e-06,2.1915504860712004e-06,0.6962671191574866,2.7426088368980456e-06,2.380898737954111e-06,0.8681145870757723
0.01797595099494539,0.01705841708719958,0.9489576986495006,-3.1370438905574976e-06,2.4861088800715347e-06,-0.7925005090157402,2.2401651959532545e-06,2.5315269605289613e-06,1.1300626244448566
0.020781666637035078,0.01931328839055825,0.9293426137507169,-3.9777561463072204e-07,-1.1327219881330383e-06,2.8476405955267245,2.3375138095696242e-06,1.984568191235391e-06,0.8490081141384929
0.016707893623091708,0.025333465277564055,1.516257276294307,1.082328540691945e-06,2.3780164586166016e-06,2.197129955656818,2.7054937289594074e-06,2.0840504092635273e-06,0.7703031749643342
0.023538428380543618,0.02503702036176253,1.063665762088756,-2.3590462578383396e-06,8.985778636203272e-07,-0.38090726734783037,2.1202669175718108e-06,2.600058003424123e-06,1.2262880592419856
0.015930915129810982,0.027148086011587164,1.704113404055858,-2.4135975212925638e-06,-5.029874216509996e-07,0.20839738904837482,2.0781682625117173e-06,1.7143725380844356e-06,0.8249440476068137
0.024409871121290873,0.020403729066634284,0.8358802455469608,-5.655489714288319e-07,9.788268067770237e-07,-1.7307551710403883,1.4773434704136843e-06,2.2093046995678195e-06,1.4954577211142188
0.02304803249126236,0.01935526371521922,0.8397794355139386,-3.0627114914593326e-06,1.400871753038676e-06,-0.45739592414928487,2.991919637715287e-06,4.0622849019312935e-06,1.3577520100216887
0.027465249137562354,0.021087065929226507,0.7677726068898884,-1.0257757127533829e-07,6.7787512258931435e-06,-66.0841462866931,8.670746206578268e-06,4.917886076557026e-06,0.5671814120018821
0.019473285000706234,0.016907025494399576,0.8682164048739806,-3.3457215522409744e-06,8.147794338168068e-07,-0.24352876385396302,4.979898049588839e-06,7.145449235925313e-06,1.4348585382215346
0.014057652235904893,0.02431293236427635,1.7295158506040056,-5.572058200415028e-06,-7.853785522685774e-07,0.14094945243215146,3.8032720909742156e-06,3.907844131785484e-06,1.0274952825645673
0.020494685467740654,0.018106149243752746,0.8834558243039373,-4.765463628914741e-06,8.831972945504955e-07,-0.18533292105969337,3.6603641979360207e-06,3.38798725363549e-06,0.9255874744775079
0.02112831773241939,0.014762740699874106,0.6987182267342604,-3.847618986369296e-06,2.7819174287281e-06,-0.7230231056098366,3.611074248922117e-06,2.6757824809303393e-06,0.7409934818507383
0.015416836854299978,0.016378767096459988,1.062394786378745,-3.4155491009725717e-06,1.4859747615275337e-06,-0.43506174778878304,2.3804274281561087e-06,2.8005128916663816e-06,1.1764748038698551
0.018944374652550628,0.026734290145358178,1.411199400121594,8.988264850389486e-07,8.056391972099154e-07,0.8963233845684964,2.72447277877418e-06,2.392460803505134e-06,0.8781371655258645
0.03560292194743071,0.025151219951782374,0.7064369601157809,-3.4483053305778346e-06,1.7172177841784158e-06,-0.49798890166453463,2.5518335551801738e-06,1.953358588971993e-06,0.765472569716278
0.01793910942679134,0.020897940285602913,1.1649374441293434,-1.5305483325328087e-06,1.1811328836926385e-06,-0.7717057074166718,3.071604320882415e-06,2.5781481813187166e-06,0.8393490541054006
0.02977076602610717,0.018893423229085556,0.6346300667076272,1.3818852840439047e-06,-2.8975150138255036e-07,-0.20967840437133167,4.2435056121263e-06,3.527750823309128e-06,0.8313293643887683
0.029732190626478344,0.028394201404230605,0.9549986329949003,-3.182237240567027e-06,-1.8437638416473312e-06,0.579392327555943,2.58957766081717e-06,2.929070735090594e-06,1.1310997848839541
0.022264911907617597,0.018789366806649842,0.8439003434916511,-3.515991760668394e-06,-5.230894280552506e-06,1.4877436116511566,2.7618958301487933e-06,3.60728419441922e-06,1.3060898803793344
0.02268968189167326,0.024003448154540717,1.0579014844341907,-3.5446174789278594e-06,1.9005816956688577e-06,-0.5361880956034011,2.994776270837371e-06,2.6994190344242942e-06,0.9013758592622707
0.023415582330855292,0.02318596451448146,0.9901938028647164,-1.4944385152284142e-06,1.956606208163603e-06,-1.3092584192830106,2.894565853531358e-06,2.5189661342897676e-06,0.8702397049342095
0.02038352499694869,0.03040312890906383,1.491554032661918,-2.278576812519344e-06,-8.715882353024157e-07,0.38251430915718415,1.652814935895383e-06,1.8007434112347221e-06,1.0895009308826227
0.018848116371284772,0.02487103467493902,1.319550144163488,-1.8926201798321588e-06,3.418686675077095e-06,-1.8063247510022167,2.9342914660871103e-06,2.9427448641859516e-06,1.002880899255081
0.021531051986493667,0.024201257836432014,1.1240165065605412,1.5578969130218286e-08,-4.210373797805731e-07,-27.026010274575444,4.19291882971586e-06,3.2919365481489023e-06,0.7851181198210759
0.02160437760421289,0.030022838803778103,1.3896646019519487,-1.4130933603237355e-06,-2.8091105316265034e-06,1.987915738973499,3.0767639050639876e-06,3.556194350219739e-06,1.1558229555302133
0.018717220391221787,0.022823567507134126,1.2193887249325857,-1.833112487584184e-07,9.46287869672957e-07,-5.162192042671902,2.0836791537077114e-06,1.984561266979127e-06,0.9524313104768488
0.023219832915028233,0.022426433633103246,0.9658309650707484,-2.1626462819091246e-06,-2.3234720287625364e-06,1.0743652571383238,2.893764551411425e-06,2.363409516290336e-06,0.8167248835561242
0.03710604449187356,0.02437845744070227,0.6569942383926504,-2.253736806498332e-06,2.4468512536927805e-06,-1.0856863350847492,1.5707530717106829e-06,1.4380584197352884e-06,0.9155216345807436
0.03484519490708694,0.026373166434932937,0.7568666642633434,-7.136243337665817e-07,-9.059891872488287e-07,1.2695603896617789,3.19335574704908e-06,3.3027837107828926e-06,1.0342673890420548
0.020196167239137627,0.01918439968962297,0.9499029921106031,-1.968681871668997e-06,5.982790557211728e-08,-0.030389829069435555,1.352802946075816e-06,1.0548010202877396e-06,0.7797152004639593
0.020855105528626253,0.019372896378138625,0.9289282354168331,1.7855737475027262e-06,7.67530266839278e-07,0.42985077928746046,3.056208636067363e-06,2.597880906366685e-06,0.8500338869893254
0.02748028252919677,0.025918328499694412,0.9431609180930784,-3.281761488583894e-06,1.5102881479678557e-06,-0.4602065546876647,1.8406004540083417e-06,2.1358657412715713e-06,1.1604179150451799
0.025231029772565645,0.026962560451590897,1.068627031660356,2.3934278360527824e-06,1.7093793351858358e-06,0.7141971483063084,4.313974101443934e-06,4.076422372531317e-06,0.9449343636919134
0.028386196370100352,0.029106651402501432,1.0253804709517176,-3.9088120226347855e-06,1.0902876969744804e-07,-0.027893070596921615,2.7242388825787356e-06,2.3782405864195744e-06,0.8729926738907555
