id,no vol score,log vol score,score,mean volume,volatility,short mom,long mom,short unweighted mom,long unweighted mom
4970,-209.23772080048076,-698.1997977832698,-1045.054114499563,494639.02139614616,0.0002002171159344,-726.4641775062007,-420.4895565727559,-580.174806196186,-423.15441371342473
1610,-98.99801711176406,-367.4253032528395,-669.0767409723035,234070.74098323,0.0001479621260902,-413.65109177339934,-187.5193361817697,-213.47048418960088,-181.4083651393318
1370,-50.656021783678334,-225.27486011271267,-534.6415292475085,116549.25311107148,9.47476374590188e-05,-246.3205496822627,-85.28279732117954,-83.98175404137623,-71.0778175686928
540,-51.19419247927984,-226.00764376217512,-531.468080062354,117429.66413183884,9.632599661163756e-05,-180.91635683061168,-51.33947897490677,-222.18234349067225,-59.08987324026773
4710,-35.75235832469131,-174.70747880445276,-461.9117407478766,160623.1133976676,7.740084343126898e-05,-126.58964432980522,-67.3678475291961,-94.69233358289692,-77.29130182504763
4950,-48.09140148722605,-204.2710060036091,-456.6784486099619,266925.2359803233,0.0001053069213877,-148.71554825871536,-96.86896730923752,-144.1310387141873,-103.93007269918652
1730,-64.64157448047128,-239.47666879646783,-434.73780588354543,240559.71417390063,0.0001486909433816,-125.49124047851714,-126.1987589525001,-204.66843744907217,-174.55331449228626
1700,-29.518027624893705,-152.35540418598606,-425.2707281689348,48300.585340946986,6.940996797966294e-05,-141.86774834824251,-35.87534377004127,-86.12186554374054,-24.997880387463827
4590,-32.96431961437984,-156.59158985863144,-401.6100656181841,168151.16023411945,8.208041191308051e-05,-91.89495360349214,-67.11953485115822,-101.74203716495104,-75.20997504809323
2570,-93.62804321138428,-292.7652182851359,-382.3900506539511,398793.9388863646,0.0002448495797714,-322.78967118519444,-163.7570598937713,-322.40026533314136,-164.03616198955703
2750,-26.97722964908372,-137.7466169044858,-380.5797223240049,136709.9769031632,7.088456916292764e-05,-118.828378690845,-43.68416450800212,-80.86697298893408,-29.35549133642818
4830,-24.514769413972044,-130.71850766382192,-375.8009774443888,71757.7532546107,6.523338385302562e-05,-125.67315603949224,-35.02592669927294,-50.59328023022167,-20.3470865661634
5210,-46.92309820925902,-185.13729836560623,-372.10554678901656,200752.19929612047,0.000126101582237,-127.96776466269118,-77.01828922209602,-186.22142426041825,-90.40513216716136
1010,-83.01790397879886,-264.0766159673716,-357.99579736640936,381505.8661038639,0.0002318963088101,-256.8300150756276,-75.0541268403054,-378.0267058090412,-118.27703677619851
5120,-46.262557239305366,-179.0115529064068,-349.0340608468219,195579.2975170292,0.000132544534843,-100.55961466125234,-85.47374857440342,-167.7507557085686,-109.96362069170564
1520,-45.72341028755314,-177.23216474804622,-346.5132321615494,210950.6486417222,0.0001319528550247,-155.40670232438436,-91.17251281720144,-126.39644177200633,-96.2042907903572
1340,-34.05698208027005,-146.8756624527174,-335.10451279109515,167144.15373950975,0.0001016309264134,-89.18147300901411,-68.0747997962966,-113.3498543305307,-76.43862794287331
5130,-41.0033723631831,-162.23620172052364,-327.48333031324364,206973.9914588949,0.0001252075100249,-127.98837973905944,-83.69253552827705,-120.52102680633016,-88.34798064652662
5190,-28.996679338837048,-131.711228709695,-320.7997705244312,209512.9885866731,9.038871596271526e-05,-121.88396146271042,-43.369075585244886,-101.85003527484854,-25.28026577082883
750,-31.267674692413493,-136.8692529600097,-318.38544747154464,115311.67001873828,9.820698446089628e-05,-79.55452220850682,-30.39748357188246,-147.84842751148437,-50.79338425274126
1190,-21.22010158253825,-111.73429963122906,-317.6536890915735,71688.27400400066,6.680262912489236e-05,-53.82566782273456,-25.891884859101378,-97.98843388646507,-34.429801822239
1690,-22.30560697902016,-114.33566117496736,-317.0692686535019,70704.48060901443,7.034931853769804e-05,-101.43075910663327,-38.78125849888561,-56.54208641358144,-26.62954418335877
4670,-21.928389662609906,-113.0439951584597,-315.17943112638056,108598.7064997858,6.957430433909586e-05,-74.50814522199745,-47.00066968245839,-55.24734746307796,-46.30817869287128
3090,-32.80828898340869,-139.6932073100745,-313.3295499194429,175958.04835996637,0.0001047085695934,-61.90180580362309,-68.11343160440278,-111.96238940960532,-80.94296882013977
80,-42.19103016499123,-162.1128029649422,-312.5628159926973,137849.35390861263,0.0001349841632025,-143.21963041914924,-77.44478921647537,-138.59504400792756,-78.63570892190701
1670,-33.73886592821047,-139.03126440126005,-298.0049013137278,153561.10637249536,0.0001132158087987,-77.18723455832956,-62.98363599713008,-99.83159925564206,-92.52325240956928
2660,-19.25542766541291,-102.47222953899347,-294.08703212218467,122964.41088098015,6.547526943456941e-05,-65.86752951992025,-36.14380718675997,-60.88087788818727,-36.67431983967023
360,-30.69828720065131,-128.10916007930948,-279.53204076543,166109.20180697984,0.0001098202807685,-105.70087029802352,-62.36878460346173,-80.10810417655343,-65.40696144759828
1150,-43.32111466011994,-156.5571299523936,-272.2438368867822,163956.25593102648,0.0001591261538021,-180.33202963856385,-104.64525452487578,-72.67143696982521,-62.68909737847486
4910,-18.719706203101094,-96.58597533465866,-269.51061923075247,113893.40386287418,6.945813955877358e-05,-42.13515147797955,-37.19916212306601,-73.27262221055224,-36.766716816274766
2840,-19.310605993517694,-96.96554639464792,-263.57374073050494,126459.4107135646,7.326452908395804e-05,-77.43367825581274,-25.43137682706996,-70.59248719008323,-23.99581742283513
3980,-21.8293106427394,-102.83994848581472,-261.32761483560006,193197.2480339404,8.353235327415404e-05,-84.88781196214602,-23.44050474382037,-90.50112225489605,-18.157211219420933
4430,-22.18455825069462,-102.23129257187288,-253.28888745545467,182090.4879369473,8.758599113273838e-05,-43.477260039622585,-44.61847183151316,-73.37287649183217,-56.84232265498558
2310,-23.01058552590488,-103.74637687739936,-250.42496124169307,104613.04384527948,9.188614989420577e-05,-46.74482034489136,-53.40930657062808,-66.03583538403824,-58.35501616898395
3050,-12.335608335498428,-77.3531710198255,-250.3719378482606,71565.81865544117,4.926913312055961e-05,-53.69569873664134,-20.81122332716889,-33.73188494450824,-17.186306042503343
4990,-27.24719837729848,-113.90388915994642,-249.1360231265844,159657.94174068217,0.000109366754897,-88.2000085000891,-54.27294901884848,-85.0163559075586,-53.98437383735273
1830,-18.6971957523718,-92.46623157775092,-247.5189386767045,102168.78526067612,7.553844506740164e-05,-37.058880238360274,-43.25869044718715,-59.19829201041962,-44.52323923642125
4770,-18.189952041077454,-91.06470625464002,-246.7964810683766,125793.28687934756,7.370426013504549e-05,-54.37390302018481,-30.97509810485375,-63.27969597281388,-38.93406048674015
2630,-29.449452874133705,-117.97691602992973,-242.6550403719473,166180.7803940036,0.0001213634500606,-84.7948371979014,-64.71360620843771,-80.04148000133206,-68.00450460033467
2200,-14.6869495693048,-80.3788526659695,-236.25550644142936,53129.3572112383,6.216553336904287e-05,-61.0176429097434,-20.40769489840042,-49.87777742567182,-18.993947800926968
4730,-20.233596212023247,-94.20872847738543,-236.22233176631224,128405.291641924,8.56548830956412e-05,-74.42602761672316,-42.63712487614825,-69.11295459750723,-19.83254961864968
1220,-18.275751078326135,-89.0924514305924,-234.96133930619004,111201.52818546344,7.778194971262944e-05,-47.436860083442745,-38.78188653875476,-52.16698085996168,-44.96883229271346
1480,-21.221844095050866,-96.21447360896198,-233.81265414189548,106663.45925032244,9.07643094550897e-05,-67.21716221375996,-23.006331761424104,-94.88459090119434,-28.57783158162871
1270,-26.919932201281263,-110.05506444011456,-233.2229965193271,138734.75410861627,0.0001154257196033,-76.7578736751499,-55.61787766060588,-79.33330068202615,-62.11416340428395
1200,-17.461877433854088,-86.45062986090369,-231.6721576892048,84755.28623932326,7.537322399042756e-05,-69.59606374243668,-31.8831978321052,-47.7389080242669,-30.17719213864086
2380,-19.23230971200141,-90.82791030602196,-231.439136546836,100292.51633060856,8.309877922530788e-05,-82.93812011797135,-33.210274457580574,-44.638471371441504,-33.45573921409207
4630,-22.773285398647907,-99.278380758966,-229.72356869586423,181347.56404171028,9.913343035689093e-05,-103.90144554636122,-38.18604880406237,-69.70475835980545,-7.063944768432151
1230,-32.57318887674184,-122.6497061330036,-228.8048596969472,212633.8845899252,0.0001423623122336,-81.89297125890704,-67.50991895057466,-100.6225981648673,-78.26209329280228
4230,-15.674104154498783,-81.3908452030035,-228.4684010499741,117510.36803732868,6.860512912273721e-05,-42.94985802891188,-15.031968206949868,-72.96933885844557,-24.731120305870647
4640,-15.82274251622141,-81.56883806064965,-227.42400158400287,123771.68376779083,6.957375829295225e-05,-63.0775414648064,-35.97017260886416,-44.6408472770438,-15.060584128236664
2610,-22.97588599916066,-99.14404970368616,-226.3745242129632,129532.88798667928,0.0001014950161863,-82.25439671313164,-39.04348346780159,-84.87325636843902,-31.51226364654784
1260,-16.725521299998345,-83.61897426687284,-226.3085864131291,77333.27008575473,7.390581844502224e-05,-53.14776350609001,-23.10419920659869,-68.6729084319089,-27.04153378682626
1640,-16.584216726634377,-83.23831688467689,-226.16027252710225,72409.3216234226,7.332948683393093e-05,-43.79274929344607,-19.47210509616435,-76.60158814505623,-26.05159159168285
2590,-28.866455720970137,-113.27481172842312,-225.7649259658506,120915.58024282104,0.0001278606745378,-68.92751243259117,-35.422772765266544,-131.97087127475498,-51.57975899588215
2510,-85.3652138830189,-234.88206701326436,-225.36531096880964,522091.04460882745,0.0003787859520884,-105.48040843152006,-154.73764117943247,-279.5974313755054,-250.15154936197632
530,-20.41416692066931,-92.23420761064224,-223.2076674701904,119721.1561327349,9.145817951525184e-05,-48.84970135355262,-48.92437609346846,-61.44491305540112,-45.0200832037813
1250,-19.584090365275355,-89.83650222853962,-221.38813778320247,104599.34484007242,8.846043225881125e-05,-59.05230808313202,-33.41299788944102,-72.54009961549562,-37.58470059465028
2360,-28.304855613912583,-110.97730079479317,-220.8966594616534,169488.62056397868,0.0001281361867712,-70.23723572233115,-57.13185939443648,-92.25976209485307,-66.5909263648408
2520,-35.3055787920237,-127.3720178405368,-220.82352301205648,173043.1979431236,0.0001598814216459,-130.4087322509928,-60.59505959947224,-117.44129712908872,-58.01293805639416
2780,-24.35056525882487,-101.21495756846328,-219.6199379164244,220750.68386733887,0.0001108759318022,-60.79558927798698,-41.46916354825596,-93.36774672350217,-52.40791051271483
1540,-25.293368267824302,-103.29328845828624,-218.5507301667046,177822.63760827045,0.000115732252409,-73.37676438598615,-43.80512918622922,-98.48625645681544,-45.330399685445954
1180,-23.65255987670298,-98.84051317798028,-216.0779016312793,129660.76267906975,0.0001094631135259,-72.11044203549378,-47.14114516105087,-81.47473400450464,-43.9166592998446
5220,-16.45562637301809,-80.5726752548145,-213.47169743372265,155611.3640113798,7.708575221371971e-05,-42.15882049835309,-36.01406233403133,-47.37561062558846,-39.57597134791864
1740,-12.17397673297656,-69.54551009435136,-211.4451749350686,43767.15354624637,5.757509830486788e-05,-54.794512643563365,-19.66889349628416,-32.09758157009028,-16.26317067166492
430,-12.0598077633193,-69.1969152036239,-211.07720329163925,50656.08407950211,5.7134581921935984e-05,-45.64107733388398,-21.060462464551225,-36.92214856836528,-21.24103957945835
1120,-31.932888264533137,-117.26192113863873,-209.68287058321948,176268.38437868023,0.0001522913539657,-121.8532247708546,-66.76058186778886,-76.76440164371108,-59.39109518912098
5080,-20.324329570426656,-88.77932272400929,-205.959579239413,103238.9759292988,9.868115697984168e-05,-52.652563837647534,-28.087339964179613,-88.2997403654652,-36.90452174009695
1400,-8.250539867822106,-59.34207466875655,-205.43161975295544,30845.406076201543,4.016197641698928e-05,-39.68108712963917,-13.550044942867215,-18.718282333337463,-8.899451858704582
580,-22.809048047571736,-94.66944112690676,-204.99623550126395,109975.11754016508,0.0001112656922299,-88.16010778320647,-43.075525656871015,-55.525311303902114,-45.62252514466816
4660,-23.81584402272938,-97.07921019388726,-204.8510076324555,282828.26291283587,0.0001162593452577,-101.0213485067352,-45.5832254977058,-74.44601829296519,-16.059513803686272
480,-25.50889352663453,-100.91534439351176,-203.6587143663368,122812.84666831806,0.0001252531403137,-89.44879712793637,-44.782066258518526,-88.60312189453295,-42.207013211441165
2270,-11.702080683610555,-66.68219302382049,-202.35699802673133,32884.54726010516,5.782889051390609e-05,80.21360298083017,11.545269746680257,-36.75368278793641,-14.494524621575
4790,-11.101368058393842,-65.02990455790966,-201.3653964955824,72648.74074074074,5.513046556952692e-05,-37.679219857491496,-12.55372087283392,-47.534635601183744,-14.869371428086936
1510,-21.16667619762906,-88.60612814067599,-194.1727272148244,106164.8321386776,0.0001090095220953,-64.37524996594935,-42.268590419339965,-68.66690871503664,-42.990870498646586
2600,-29.14439116942205,-107.52252769059156,-193.81314646979115,201599.6863753732,0.0001503736547302,-75.18550624659623,-63.60434200713451,-88.7884900374425,-66.89902227214655
3550,-16.15772762950775,-76.11147458194293,-193.3816371488537,170076.50361484714,8.355357761849172e-05,-37.58429019148366,-31.055073395453263,-58.08617292490225,-36.62772389818686
4610,-7.068609389970473,-54.51356693775247,-193.2846924206271,36867.79523849233,3.65709736319301e-05,-30.1579705069655,-8.708888181428478,-24.76162054943468,-7.887271056607576
1100,-29.58775358246365,-107.8141735502024,-190.2239351553512,179708.88274509803,0.0001555416964658,-63.35798990982664,-68.37098994273819,-82.5376031273826,-75.29870678551961
510,-15.165471685530015,-72.9360281513526,-189.59826205426333,85586.65794818653,7.998739820299427e-05,-58.35316514394387,-17.46125039858976,-61.75571019018179,-15.017406194670375
1320,-13.13271162387233,-67.82157101848038,-189.41006578779184,81845.33324148573,6.933481369773529e-05,-55.20040157651291,-25.271184144021586,-28.21254335931033,-23.329752381424267
400,-19.44736757755347,-83.4394195833647,-189.0789927647804,115555.466157338,0.0001028531371634,-58.16394286125165,-32.21312019599078,-75.2762603783301,-35.28649850753028
1500,-91.35120660803013,-235.3166753115372,-188.26067457552293,463323.6255578513,0.0004852378586978,-113.13432644821472,-189.1597026338172,-399.0111336907858,-168.5964105841579
4980,-22.18747223883438,-89.89515767072311,-188.01995946572623,209815.68325683492,0.000118005940975,-56.65150990052549,-53.359811707192186,-49.74073938761742,-56.32116625613128
4010,-9.049429483852718,-57.450926340209946,-187.3004011972637,67823.77197768388,4.831505659361568e-05,-45.35843216748671,-14.578729138304588,-16.70878128562994,-9.655797120808106
5050,-23.76870788730164,-93.49869640490692,-187.05391081364056,191858.9801378192,0.0001270687567232,-77.88756888628492,-34.63023304629333,-91.57098336391287,-41.76139738931586
2450,-22.477718539142685,-89.57325154307648,-182.7778773225694,179286.66714848884,0.0001229783323256,-54.94151945979723,-50.70108532610325,-59.038491350127046,-57.19968434431216
5200,-11.40430329475914,-62.22908531395803,-182.4595733957161,91522.2388245355,6.250317855356169e-05,-40.064074599275706,-21.9174396606298,-31.75365268237176,-23.53635439352314
5030,-12.864165474542856,-65.6342693056684,-181.2067809070693,87527.6447027893,7.099163403349767e-05,-23.679581168258395,-22.359942892134622,-51.79984648177227,-29.27150806426601
1710,-11.829585725831272,-63.0275123535364,-181.0695969500585,64232.345166666666,6.533170628912394e-05,-33.58612734062007,-21.027729718978428,-41.1649537949617,-25.7962723960457
730,-12.20609918685586,-63.800882660505394,-180.1789860085304,73606.27002879715,6.774429947273637e-05,-29.87236826608728,-27.207326396007232,-33.303629918381105,-30.672719916353262
1790,-13.066021922165037,-65.64523232566371,-178.53525346943988,62062.92280606717,7.318454853176414e-05,-49.10759597025611,-19.555609617809043,-47.15683938113765,-19.310440464853283
2030,-12.530934743034166,-64.28578683769861,-178.4157028682433,61018.28615147604,7.023448352126287e-05,-46.95923019251377,-14.719403369625883,-49.58326889716341,-16.67159550422651
160,-12.994166424089784,-65.42010316354283,-178.28896979956147,72977.03660706895,7.288261544557842e-05,-25.15741170254992,-21.82641304646848,-52.2747421346316,-29.66658352663817
1210,-14.238293470964177,-68.28511523158559,-176.97017464619503,102577.60123312782,8.045589320025179e-05,-52.64341485715213,-21.90040237231102,-50.65376862851592,-22.38141396917469
1860,-13.100627479587356,-65.28261472920876,-176.10393766473973,90725.86112475906,7.439145116975097e-05,-46.45214426976197,-26.59226291905973,-40.09042263306233,-22.35185970397052
1630,-16.60715065731889,-74.0007941533695,-176.05881000105887,105911.90861695848,9.432729130237225e-05,-39.1906032752936,-35.92276073891201,-53.56127195331428,-38.36082369962458
550,-16.866947851257795,-74.48943358615497,-175.24502628212656,127099.03159385776,9.624779777831604e-05,-66.34674026012593,-29.53537478951823,-62.49594566209876,-9.733231173525288
2530,-21.42044667125136,-85.43693781015634,-174.57448445206364,151453.32105131831,0.0001227009017869,-59.09203111994139,-44.35293078767238,-63.54250765787601,-50.270249259474994
410,-13.35235929037893,-65.48542566993227,-173.7958707019065,79014.56739338305,7.682782816676241e-05,-37.75061458289803,-30.57214854150672,-35.54868407875614,-30.49711114426775
5110,-18.278811189895343,-77.4127764759905,-172.37959123928238,207387.76648033125,0.0001060381397733,-60.9637303372514,-26.75983140955716,-66.26301075704711,-35.27461992151321
390,-18.73849808141456,-78.21092394218111,-170.6914646108625,147148.01959723723,0.0001097799361212,-46.08653400144895,-12.514649443227745,-96.7787994188048,-20.46203359793747
2650,-8.558048856823149,-53.02365380963364,-170.3809038557303,61685.28019879245,5.022892039632364e-05,-31.18769463426753,-14.453584312666775,-28.71417501539556,-14.519966702888334
1090,-21.934477228559874,-85.83088373123678,-170.32082757794836,217669.9137272636,0.0001287832940955,-46.59957304268631,-44.1615921357218,-69.47279721298983,-56.66517575269928
10,-50.1193267391868,-148.00638305212607,-169.5727322595235,208390.256,0.0002955624177977,185.68386406212687,22.58788603140368,-220.43122055174217,-196.6457327661988
120,-14.37609330206893,-67.23644726259951,-169.4566073084057,89867.95995256721,8.48364282184931e-05,-46.70988706017006,-28.799970607007715,-46.66378740156669,-26.6645353692035
4340,-11.810112035635068,-60.67646524430352,-168.63201461462327,130176.82364696088,7.003481552791061e-05,-25.82754360235368,-25.56920773721811,-28.74627723325009,-33.31858066209229
570,-14.037714924162184,-66.21675320745554,-168.50300295429813,85693.74570133915,8.3308396159382e-05,-25.6757188415624,-27.009051068386835,-54.2513539387218,-31.87976026469429
420,-8.279397221026299,-51.85287631165971,-167.70911269234196,50785.80896528898,4.936760494472735e-05,-36.77192204289399,-13.802520079280573,-21.13375268920577,-11.998212071644168
5100,-9.767741575979407,-55.252555558936784,-166.7374149193926,58536.90460704608,5.8581582188385954e-05,-46.12162655370751,-15.111189249522145,-24.28401870945616,-11.425888064250843
1450,-12.593205969901868,-61.59773392769293,-163.0245526455918,114296.5149788403,7.724729659144621e-05,-30.075203490687635,-24.35040070630248,-41.79403497819773,-30.594565397577693
1310,-12.226408006393005,-60.67252874909958,-162.97896266924155,66108.05036073497,7.501832019391329e-05,-43.80186094833868,-23.580819298542085,-33.68700090130907,-24.656994633907555
1850,-13.645881759796278,-63.79759938661167,-160.72173845262498,85558.24440788102,8.490377151948613e-05,-37.36453886373562,-21.27657387706216,-55.07095733181399,-26.16542476484964
40,-10.852774719798289,-56.706083785393,-160.08848694505494,54519.412504312495,6.779234988661703e-05,-40.73532196990403,-20.907106335183947,-26.96896689042089,-22.12772092334861
1800,-12.89914871187445,-61.71179984612315,-159.5101364294771,72360.15165054883,8.086726649862433e-05,-29.000334568589743,-21.06194529474377,-53.3229199118194,-26.630856890718675
4820,-13.626082248342184,-63.50296459465763,-159.3999427886783,148948.39762926544,8.548360814913669e-05,-12.341036857563736,-31.606267250062217,-39.16326348643173,-38.73079892796533
670,-15.874659374380387,-68.93143198315732,-158.68648390607413,111581.505487959,0.0001000378796204,-35.180014432373994,-32.85517558024636,-52.48051189714708,-38.21917385180434
3630,-10.362308128701924,-55.21453255938292,-158.6355680972658,103353.93227365526,6.532146764430772e-05,-32.697611493153445,-13.882415300178309,-43.295158933688256,-16.378949562869646
4800,-11.979616727907334,-59.21789440808868,-158.4444982869654,142659.16391230328,7.560765351543198e-05,-38.99384560986341,-19.35061115558293,-44.3631619863508,-21.55111794141841
4280,-6.049413979088538,-45.10974131518326,-158.2360286980322,60136.36928730132,3.823031978787122e-05,-23.594616918540154,-13.078518154787773,-14.242102798350476,-10.387396876803052
1810,-15.469872907077086,-67.84618294881214,-158.21037196158585,102474.14864583767,9.778039653957224e-05,-35.33439604207454,-16.13026691255652,-75.26049256042667,-24.31438395233772
3390,-9.541764037619131,-52.473565700137314,-154.8495683690096,56388.27067449902,6.161957142096074e-05,-39.16025059079685,-14.863364811875396,-30.81114404172252,-13.28416997087312
2060,-5.865979486370435,-43.99882914678986,-154.64420493783896,39249.01316552124,3.793210026026086e-05,-20.418507156281485,-9.82497052225218,-20.27464977890752,-10.433427106371935
4850,-10.747473599502085,-55.387573609396114,-154.3817566864572,95313.53628749432,6.961621521984457e-05,-24.03368579750844,-12.974762006134842,-50.299888370103645,-18.89324051746904
4700,-9.488065258545545,-52.20239234211423,-154.10761892943043,91954.83745654165,6.156778830571872e-05,-28.6733907673138,-19.93888788343397,-29.897229161978103,-19.101251462926065
2230,-16.493687177019122,-69.16202144080029,-151.92063780093056,129053.36103263315,0.0001085677852316,-53.973948814706375,-24.73874800323824,-63.67202506333075,-28.303503043935688
2640,-16.88626143355783,-70.10916016422016,-151.88193512064373,157367.321326563,0.0001111801836087,-64.26616188494947,-31.19002897551677,-60.057857776722834,-17.066459037660156
5020,-12.031505217220516,-57.71738870178238,-149.62679491160074,89056.34543580131,8.041009783260217e-05,-43.30614924000552,-25.389505451310896,-37.75595432781629,-17.62196948678112
4200,-10.10683396614997,-52.77935013468876,-148.92755705776332,138170.5440179195,6.786409557654876e-05,-38.2751782357798,-3.4246842853237185,-46.63327144411368,-2.666752896898533
4870,-7.992351404070777,-47.37610893848981,-147.91751841278622,64975.05118864233,5.403248709031821e-05,-23.20430284462393,-14.097560073443455,-29.100125119555923,-16.07571401608574
2040,-7.525256192824125,-46.2406537774626,-147.82420348533233,45772.63426478784,5.090679344381388e-05,-29.044989964144406,-15.408334786468302,-17.81544842551503,-14.192006574684006
1600,-10.172774479745806,-52.673574461979456,-147.46620334341696,60059.96294220229,6.898376881688347e-05,-30.95999805759961,-20.08076510073389,-32.40456484773899,-21.335659181380294
590,-9.970250333270746,-52.011025086033904,-146.6174008157747,59153.81197298563,6.800182159686765e-05,-22.801731100213264,-19.83745552626968,-37.69833145519608,-20.62134431002696
3490,-12.270201360021234,-57.71846199444048,-146.41904736146782,135598.42574101116,8.380194777343092e-05,-25.618365094599906,-25.64658290481731,-38.23049614342001,-31.5175855363098
3460,-13.405895389955491,-60.5059641242688,-146.23759927756495,145268.8262861409,9.167201496867132e-05,-32.70412327005644,-14.673856699764702,-60.34442543029158,-25.77009529635028
4740,-7.809261278830002,-46.4501733319753,-145.36793955293538,49438.66075152223,5.372065740799936e-05,-27.831093027052745,-11.49011897547329,-29.39502932768387,-12.098782285013002
1390,-8.424917777801609,-47.92037582608465,-145.2209368632832,69083.42643673961,5.8014484410971415e-05,-28.448971703002524,-16.31026384781455,-24.386988000872964,-17.594516702288537
4810,-8.80919976458272,-48.841898311290365,-145.08959331754576,75969.68313989768,6.07155865776172e-05,-27.67743486070161,-12.49752814300333,-36.574886861432525,-13.739229399030773
3230,-9.58136400329366,-50.75069508359757,-145.04767876497996,107029.37236326108,6.605665174978979e-05,31.991243468575,-4.888304602849531,-55.82374402945147,-24.127261752107927
2870,-11.554155615921362,-55.6597825012144,-144.94608108614833,146002.92964290178,7.971347365406989e-05,-36.02293199878629,-12.149862143661364,-51.68993923786336,-16.45002558457342
3170,-7.662433225101042,-45.95128583976723,-144.60234375555848,73357.4438475008,5.298968900569082e-05,-26.87860768265056,-14.672045386710126,-23.12500142969513,-14.592818639799482
3710,-13.160706685908696,-59.48162084327627,-144.0036845006726,143986.0837897802,9.1391458014029e-05,-39.88022966776097,-19.137313872718128,-61.35820210293855,-8.591157338406605
5040,-13.307475193997606,-59.77097083833672,-143.60766384592,146964.85060111035,9.26654945677238e-05,-33.75147303535655,-14.922589480086671,-60.03703111020779,-24.353910027264355
4920,-10.505733776126805,-52.775041286971465,-143.51335106166044,116831.1913593716,7.320387753758898e-05,-19.79990397849741,-22.68891296141538,-29.735590833443784,-28.87490966030534
1770,-7.943432819022608,-46.180875533511305,-142.23006715429162,50521.70393972103,5.584918138585668e-05,-24.770970046452945,-10.653598357318527,-32.354154286505484,-13.858966874488289
1680,-10.252168499478056,-51.67233544310668,-140.9755458750356,79079.0063801839,7.272302749986046e-05,-32.761304283608474,-18.995020813082423,-32.67884492826408,-21.45948422391908
320,-11.117680087948838,-53.65156715672755,-139.98095692461948,62842.116756447926,7.942280387421391e-05,-36.36325691935845,-24.36519855746369,-27.39446973505516,-24.388849419659834
350,-9.290499577611488,-48.83952630319608,-138.64439873251126,68054.44763390326,6.700955583164805e-05,-25.249705052764075,-13.711079597981731,-38.266845740758605,-17.73971914623505
20,-13.379887264811403,-58.74373366117338,-137.17428308412428,96346.3523049136,9.753932708076176e-05,-44.23439504120644,-21.816096839713182,-48.886876018731314,-23.94031413447247
2820,-6.128155780422377,-40.93077822465453,-137.12105120401506,67430.69337198307,4.469157526589132e-05,-25.96675864502629,-9.724261845014214,-18.22849072817063,-8.839728278392432
3790,-11.574074670000249,-54.08138900606056,-136.1580412294579,141166.3785171176,8.500470898002452e-05,-17.65273514639617,-25.71716589525719,-40.22046551615447,-28.022144929941973
1750,-10.021044316628393,-50.17936030237384,-136.0214301819302,68415.16828122402,7.367254044620126e-05,-28.55868443915273,-10.42770382403045,-45.8846424302659,-15.43850655209284
2560,-28.710162275941343,-93.70202234095864,-134.07991363196464,392872.2273180873,0.0002141272432107,-87.33179504958882,-65.6589121882497,-68.23783411744205,-66.21334123007527
1530,-15.356447696729427,-62.82017685161965,-133.24596590998397,133137.6024493641,0.000115248875205,-40.01985998449528,-26.72396556378392,-59.52301722245525,-30.956566732346424
370,-24.48741293068912,-84.08279288632238,-133.0908069708711,184550.8759436235,0.0001839902656541,-35.71734690055567,-25.98873331686978,-106.82750444584885,-61.4334152510135
1360,-6.162804428733079,-40.11141521863198,-132.5925027535848,58651.832129897055,4.647928277050687e-05,-19.51446559309867,-12.482032401080753,-16.56306059457971,-14.151574011360426
170,-9.15544922391026,-47.22453166295593,-131.73775388597062,48758.73120006589,6.949753547365792e-05,-27.41911616857561,-19.98540697075176,-25.22584156112073,-20.37911946321292
3000,-8.402930319170965,-45.03613828674442,-130.05159016076098,81880.77037050636,6.461228431566144e-05,-29.215325301943945,-14.372545103903535,-24.32894169576362,-18.48458579596228
2670,-7.850228330092767,-43.6544709287572,-129.9888075066926,61570.41411194214,6.039157124884455e-05,-18.844316626115827,-14.697574929594538,-28.890428526742745,-17.273339382688146
1780,-6.810730016926437,-41.07588991146465,-129.7468061182731,53279.43329658214,5.249246760431228e-05,-22.786578205201305,-12.625002709264516,-22.032404274283262,-13.16170942278352
270,-15.682240084030903,-62.67032024948151,-128.42689403587045,137267.1474521895,0.0001221102495841,-50.32459285288151,-8.536820223895464,-75.7578597668533,-14.764873595527694
290,-12.337343905347923,-54.37325346856522,-127.58607662271729,70504.6074538561,9.669819961491946e-05,-25.45420410260941,-11.718055954655505,-60.463525058357575,-21.22712801234442
1660,-11.451179616116905,-52.053250302190605,-126.89573941518478,81690.69993755204,9.024085181181912e-05,-43.36028940839368,-18.829459484810684,-38.33856048480346,-18.18798393189472
4890,-8.784063447178376,-45.353605656891965,-126.63568502135928,105662.97439451696,6.936483539925412e-05,-22.305941573225727,-18.00812501847326,-27.33641685374279,-21.027742317642087
1060,-11.060589657318763,-50.82726987427641,-125.51750396458723,91896.69474915307,8.811989808560353e-05,-37.60093369975149,-17.082701775960295,-41.0947452779888,-18.945625668534174
1330,-7.956823502730882,-43.03550158676966,-125.24883794380904,53860.76915066439,6.352812236310399e-05,-21.83833164469729,-11.307659663118256,-33.31436468355372,-14.77686522445741
2580,-25.60708101247975,-84.3692674396633,-123.09046657756262,374286.17289981584,0.0002080346408984,-33.86697185572349,-62.00961132833154,-71.9057695819479,-69.27560267243413
1940,-13.057876960230992,-55.28618249774567,-123.06243759062586,135179.4732754515,0.0001061077386072,106.24081514625894,17.28279737705545,-44.61223928690209,-43.33564152976943
1170,-12.462968979945614,-53.78641772910445,-122.83106910428636,137523.3851903192,0.0001014643043558,-33.27562273443986,-24.891789651828443,-44.12413452950828,-25.47854733048262
450,-8.59964328524037,-44.111352590071,-122.4080680549948,70013.49811952311,7.025389275302319e-05,-20.582985383414226,-15.811030883200363,-30.00939791174025,-20.4711807341887
4930,-6.709859985620605,-39.427608422548005,-122.3554852845065,76126.89707938791,5.4839061526490094e-05,-4.679100633298397,-13.93989005514794,-23.44127133135302,-18.176519236268817
2540,-45.294022147286775,-125.41328132936373,-122.33513275725532,507247.51183970855,0.0003702454162302,-126.19679764469647,-98.80442972769134,-131.99673749319328,-102.4264194673282
4960,-25.567243154359478,-84.03014372290397,-121.97969412830398,507480.494672547,0.0002096024534007,-51.52981067959368,17.795981249834306,-134.16403123993163,-41.89693569093515
3420,-7.69019609598771,-41.75971916589313,-121.94645213276218,76294.96448064665,6.30620732419132e-05,-17.617249290240192,-11.15981689900834,-32.84149147229858,-15.668345711856322
4370,-5.323054418692925,-36.11828900397913,-121.92837750719936,59807.16883536887,4.365722342510972e-05,-21.071319492411373,-11.539803675590784,-10.717008801441496,-9.870860647719088
1430,-7.554411114481865,-41.39150534121776,-121.77686108435648,75672.32198431471,6.203486481104832e-05,-29.971792309088723,-14.578670511647612,-19.93309470883104,-12.918527695776929
2070,-6.858892234933215,-39.54169554614103,-121.03971698636462,86444.43021955261,5.666645961924947e-05,-16.246789685604067,-11.201377784738654,-26.939253235161264,-15.049505446128576
5070,-13.380140522340277,-55.61511443476182,-120.67435781941548,215311.7431357312,0.000110878075211,-35.86067693929439,-28.904628211077828,-39.59183900481717,-30.98835945919964
1840,-10.952628720492465,-49.64355174995277,-120.60197097300622,92118.30462018732,9.081633270275442e-05,-36.73676215134014,-22.65275362367644,-34.39309646090616,-19.490939702835348
5060,-10.851823885400115,-49.34748893109456,-120.3543508664121,122490.5315661909,9.016561351774603e-05,-21.444670764717863,-23.820918041909792,-32.30809020315356,-28.29201362160035
1620,-8.46107448189621,-43.271092099863786,-119.7351414537786,65755.55314533622,7.0664922420979e-05,-32.7868659284129,-14.991751614586232,-26.03860575750561,-13.68830394580723
4600,-5.8963444112702605,-36.92421648251937,-119.4174606315126,66441.23473247062,4.9375898466512006e-05,-20.06091165761742,-11.93881179056723,-15.62634182498378,-12.647418663116746
2620,-11.363481310897216,-50.42688882180169,-119.35691065485553,128160.40786844296,9.520589338774866e-05,-36.72704751167655,-21.14285549238276,-37.91527842284575,-22.00168671444937
2020,-7.195389926770019,-39.877125137704994,-118.4179578456087,74480.22368368765,6.0762658448740056e-05,1.171272284034376,-11.451475367348614,-28.219660443458547,-20.082342619559466
3160,-7.196892208100551,-39.733883951010654,-117.63024724465022,78214.21044829434,6.118232662669051e-05,-21.87000017361912,-14.812654937013342,-19.515516227484813,-16.832223480504418
900,-4.682800996572534,-33.81304376994769,-117.23224761163772,36203.64527224214,3.994464912150733e-05,-18.17955684604983,-9.768866969160278,-11.53002925619906,-8.219827271791095
1420,-4.800054905565124,-33.96592141448608,-116.81602066572891,41889.12723612746,4.109072435621279e-05,-18.370787575102018,-9.365278048985404,-12.382575128117823,-9.034049664165364
3740,-7.4767462433456835,-40.21652983722733,-116.4946345450145,109599.95145833334,6.41810352257606e-05,-14.195211710472936,-14.192929026885793,-28.74977771090117,-17.051835902476952
2470,-17.66732195604678,-64.97274396310017,-116.47738683903648,228006.11926587223,0.0001516802740472,55.461167003115925,-19.76686595262234,-82.54404788485465,-57.95600386718787
3640,-9.130833389691729,-44.07901490591691,-115.04894897698456,111694.59388962436,7.936477013378317e-05,-35.44822939117785,-14.5512382482453,-30.485912514525147,-13.999131475271875
3540,-8.077248449878965,-41.17865144074601,-113.60276777459757,108440.5501987074,7.110080685626655e-05,-25.05216903765328,-13.174140551898883,-34.386264495562145,-9.786920167915731
3360,-9.163987010392187,-43.88286944631953,-113.54146275448414,98510.13240555098,8.071048926160034e-05,-19.03450051602784,-18.388769041444107,-32.818956726951576,-21.30190016289149
280,-10.921160531997964,-48.239054727258505,-113.51169791318588,75148.54550900595,9.621176260045464e-05,-28.300487674461973,-27.10974305824393,-25.489972227974537,-26.20353297745194
1920,-7.436982828703127,-39.384081259627656,-112.54052606564838,54711.03156957727,6.608270894668561e-05,-12.081556792429712,-5.724974426072015,-38.00669942875488,-12.943913802334434
1970,-7.749652394525425,-40.042824800937865,-111.8856191999302,53977.44617569327,6.9264061368579e-05,-8.567209727012932,-11.923642013757956,-33.46512133142236,-18.498623388202425
4860,-8.108247441061119,-40.88265641675563,-111.5813956985454,90544.7563023518,7.266666087388634e-05,-14.061934794448764,-17.844412814129278,-24.98577559979948,-21.30609333627453
1580,-10.400611249397482,-46.53956244933287,-111.30181258989457,83782.30232794344,9.344512014121308e-05,-34.77049547779575,-15.169612907082454,-42.56407548286356,-14.375248311170113
2220,-12.53594558641397,-51.68661995319317,-110.87406011249324,177882.19829201102,0.0001130647292405,16.264038737506777,-22.130654731814644,-36.4113485220782,-42.524101636492325
2940,-6.483548174643453,-36.67882792817618,-110.6955867596942,109986.5508240675,5.85709725602557e-05,-9.415092154130546,-15.650175525896833,-16.33822666797907,-18.27392528546365
4140,-9.9196533474951,-45.22095323676413,-110.61895622648892,196814.0603558278,8.9674081964622e-05,-27.98244521734326,-19.580394747936605,-36.08883214270557,-18.57657191874897
3400,-6.552374164670135,-36.76052156904726,-110.22778513580208,64767.476091734745,5.944394289150892e-05,-14.841625259852313,-10.538109702911456,-26.94038212150336,-13.737691173381751
2550,-15.055500411322416,-57.47013709904817,-109.64031346488518,145469.0141292694,0.0001373171959796,-37.45152150677451,-30.302344216172028,-49.072066615428966,-35.44645976543688
5180,-4.427936698133986,-31.6954516111593,-109.51680410256488,42558.12213043298,4.043157335003244e-05,-15.878045459237144,-7.317539861082042,-14.78622393276386,-8.00002867070026
110,-10.79008413443175,-47.06681760278702,-108.99416197925687,106840.1914643384,9.899689982005875e-05,-38.086990736017306,-21.774178576461857,-35.7322602085066,-16.057552340238143
2770,-4.564532255416856,-31.7832684795418,-108.5643522435682,56511.891242761325,4.204448477872513e-05,-11.011155995232016,-7.921646425374116,-18.067334285228387,-9.404235239610518
830,-5.803436079826561,-34.60763472268697,-108.4942000151048,39968.56128095975,5.349074954254324e-05,-13.301182561085676,-13.063496114459053,-17.619698189201454,-13.852621569723263
620,-7.451588023973544,-38.6044866459575,-108.13262626122444,60153.17307463397,6.891156056796549e-05,-18.708732918667213,-16.33848398892746,-27.172715440923604,-13.72364085941895
460,-8.17724978482712,-40.32202869164869,-107.61288195517648,71805.25020864946,7.598764791220028e-05,-26.649553506439567,-18.491997949206745,-23.44872650315725,-15.219682200115102
1980,-6.226653836171456,-35.39344863664303,-107.20489672585369,43505.48397332255,5.808180434233679e-05,-15.56065510031334,-12.663687929218812,-21.462514349867373,-13.642806795741455
1550,-12.8233529946257,-51.6480598579096,-107.0830509840722,169884.61616014634,0.0001197514721217,-35.63450529763631,-28.14939660743384,-38.92816012853849,-27.836891667070923
640,-5.871161001262185,-34.47993828700072,-106.95911150621464,43933.85265403232,5.48916396049256e-05,-15.39790559435136,-13.266104395220635,-20.03814787630469,-11.187877713036452
1290,-8.32385302373734,-40.54253366205535,-106.8236449793858,57458.7504120603,7.79214473101309e-05,-28.00859033590921,-14.771182557371212,-26.481421150663675,-16.91438119970911
4160,-4.77372352368573,-31.822868761829103,-106.50635570430852,65217.765811392674,4.4821020230369385e-05,-15.040766639268764,-9.945347061165036,-13.620357295430024,-10.267060334270369
2490,-6.212874842922901,-35.18510503550432,-106.27450974201106,47489.11757477297,5.846063047484385e-05,-16.769464853337233,-9.371579484859629,-25.58166624088502,-11.796264113867586
4100,-5.054503547421327,-32.32922841367995,-105.8478636106959,53318.08460896768,4.77525325027965e-05,-14.421366710654986,-8.887074750889056,-19.22539191109579,-9.596262626617124
1240,-9.468603931766545,-43.10119159303654,-105.24811207541516,75906.83758301221,8.996459646688816e-05,-30.04856399271922,-13.427274171363663,-42.10677795924755,-9.774462735109262
5160,-5.6821327188076864,-33.56127726421968,-104.52588126042474,60602.82773800708,5.436101231857337e-05,-21.433533780316857,-11.840894686405344,-14.038543469089536,-10.616687652809343
600,-6.994715520292263,-36.5797671726076,-103.3523054486724,55000.49873027767,6.767836953347917e-05,-22.02263127879548,-11.642995008471136,-27.90853841016206,-10.638048631811886
1350,-7.484927887860191,-37.78008964129444,-103.2216244088697,105770.84323351333,7.251317667906243e-05,-22.43287423202465,-14.300144183707728,-23.635473143355416,-16.52288644794017
4180,-4.970803369515931,-31.43361718159837,-102.2464715065592,67668.10889292195,4.861589154396442e-05,-13.381139181484413,-11.09532381436142,-13.476469518261004,-11.887753434104509
1410,-5.387055566080409,-32.31471591059487,-101.70836970808156,51879.42729902873,5.2965705590818885e-05,-15.031852325359692,-10.695523598269263,-18.45673409663259,-11.16550868222926
500,-6.728838583814274,-35.56982617274299,-101.4784190369636,56155.498458847054,6.630807463962647e-05,-22.317305350539765,-8.501471418937005,-29.86058738581189,-6.917905861749348
2400,-9.429493778038458,-42.235434056955256,-101.13032676149167,90969.6824631101,9.324100969511564e-05,-19.619058697756262,-19.62441493967674,-32.44782678792565,-22.28170161666217
4540,-5.067109947543598,-31.4078632295993,-100.94901015253078,95656.53553116336,5.019474623760405e-05,-10.936094523831112,-9.351651814852495,-21.240715947805064,-9.4511574739778
340,-5.984691286371719,-33.588312555375,-100.74545083272616,36397.74034334764,5.940408462024224e-05,-16.817489378710857,-10.236839132627791,-23.093333922177425,-11.48214485746036
5140,-7.525724053957256,-37.41172390024919,-100.67546345512532,91360.07504845744,7.475231596338011e-05,-16.186246803133116,-18.333181601287123,-22.17811410267372,-17.504861972213504
3150,-6.741506289927728,-35.402030484909886,-100.40203630930574,121270.4854870615,6.71451151564233e-05,-20.2737490342356,-11.145947272258496,-25.16479804303778,-13.102831991880308
5090,-9.146164611440984,-41.39544827302713,-100.38807091633332,78721.0101846485,9.110808214517536e-05,-19.143082952208072,-15.147780710747828,-37.24404311693237,-19.9874570925352
4210,-5.069211147684047,-31.21755703053641,-99.93520328198804,65422.31186791981,5.072497959883275e-05,-17.573052224745645,-9.950014908827624,-15.867387784961824,-9.12405356103236
230,-6.399995195558457,-34.41311027875341,-99.65482673346236,40301.85603587222,6.422162784624511e-05,-18.899153050532647,-12.717293573665948,-18.76685131815485,-14.861459888102692
1280,-7.010791832956008,-35.90109787353611,-99.46578862120684,64846.05327663832,7.048445430473626e-05,-23.2869905318448,-13.098079011406378,-23.344525068210785,-13.02062114940944
3830,-3.9101263396371495,-28.473970260221723,-99.03878236038028,59833.31616090331,3.948075942017403e-05,-11.105506717886492,-8.236144990187375,-12.332119570767103,-8.346422782898536
4250,-4.602890575493487,-29.95992762766493,-99.038201350392,48056.84333775824,4.647591043388096e-05,-15.741694090740925,-8.258083268221297,-15.36800620278586,-8.43650500425734
1070,-6.547371452587001,-34.64939061719464,-98.95125223617804,59574.58946221203,6.616764623614521e-05,-23.40321246964894,-14.233520265750286,-16.390149264158044,-12.683002023603953
150,-5.807430451918437,-32.71573825205458,-98.41469488481194,39478.264482903855,5.900978973430401e-05,-22.7215147080632,-11.18577772492374,-14.746344872107576,-10.727995618955102
2150,-5.077343905011271,-30.92105573427247,-98.29016759310169,37781.556508515816,5.1656681734741645e-05,-21.631011463012,-8.334685721046883,-14.692761753359802,-7.257660906931004
5010,-8.314920058199817,-38.92878784987994,-98.22794938000304,65923.47230782044,8.464922774711354e-05,-45.69474127763349,-11.932612967069764,-9.136064358854922,-4.044297456318373
1080,-6.62769360783611,-34.617046601953334,-97.69515230694344,61303.43780518083,6.784055760528318e-05,-16.960249848298012,-11.457239119881436,-25.42835216944193,-13.866502563128904
1300,-6.416668743091226,-34.076805150342445,-97.61853889937984,61449.74505734984,6.57320711356395e-05,-25.976570849561988,-12.27946793857532,-17.60675312566388,-9.89697693411768
4880,-7.136976510959476,-35.771738987561854,-97.05866242728472,132505.87909309627,7.353260731680102e-05,-21.55268793757899,-5.277522154606775,-35.34219820885003,-5.675288631184648
1880,-9.353696050861116,-41.17965218754805,-96.49636706877544,119275.24236823524,9.693314199273944e-05,-16.94845054622683,-16.34322426809125,-36.90403962090011,-21.98111232416481
2130,-3.0979022861802736,-26.360505201926884,-95.64940019507208,36465.14067175344,3.238809945344414e-05,-9.927451150650032,-7.0800160218094295,-8.240027109460918,-6.276398722141735
60,-6.444932961319284,-33.778358253711964,-95.62725241011552,48721.76770297194,6.739640425596433e-05,-21.522461690374364,-13.30167249073461,-19.77854388027385,-11.98043517976934
770,-4.60509057255735,-29.27347970526968,-95.50755677721033,39416.27809756502,4.821702834781551e-05,-6.612127775349624,-3.459103116373844,-22.692778702113163,-9.508777598944876
2240,-11.062646730430922,-45.13567281548074,-95.37038444435152,143437.927699589,0.0001159966670459,-27.445072631996585,17.323903262260284,-65.20344028418198,-0.7975300564877166
1470,-7.538507065905866,-36.41172134483381,-95.09178718887614,97764.4657963345,7.927611088991839e-05,-16.951542030653137,-20.1754669138178,-16.377959825656298,-18.386896428281894
4510,-4.752713556942367,-29.472704304484743,-94.75593579474553,91266.03767876788,5.015742303719529e-05,-8.178173441562842,-11.381370360907855,-15.96855740984845,-10.77566175184063
3060,-3.899713027528074,-27.549195519161,-94.68238718290796,49752.8975926235,4.1187312060421405e-05,-12.777919977363034,-6.9877494180730535,-12.802678760398514,-7.830654980433803
2920,-3.556292406293597,-26.69080817544895,-93.83006344504072,50174.88142991977,3.7901417474545685e-05,-14.592608345997924,-6.705621438809014,-8.644759564152919,-6.232694458389656
2680,-6.005543595438716,-32.33418731159202,-93.73930698021246,96083.85254922362,6.40664390308159e-05,-13.947771547179167,-13.493553845839802,-17.903877530810263,-14.476788093531487
3470,-9.068030217570426,-39.945716838285485,-93.67553045538158,129547.8527431012,9.680254996676644e-05,-20.1596267300945,-21.45005969316934,-23.03523953859302,-23.48411442641149
90,-5.144078218584731,-30.179295849770668,-93.5513670583668,40548.70629924542,5.498667074929366e-05,-19.29261841983745,-8.052753365786588,-17.808825377072083,-8.171976674470224
3370,-6.457459141864758,-33.38486107964827,-93.3315665904188,71482.57079296026,6.918837192782818e-05,-20.036871061774324,-12.651904544072975,-20.999766258090684,-13.010539313445388
5150,-9.06079269131064,-39.83963894918489,-93.20588192264924,86180.55042270532,9.721267053542946e-05,-30.01930017210628,-17.8474630019104,-28.083043262656204,-17.729172824646103
3900,-6.285462956058628,-32.86106479499586,-92.82082389242112,134930.98217260913,6.771608667623387e-05,-20.042906961880423,-12.215583295434003,-19.300980301452004,-13.22056530592516
2120,-4.488983790714821,-28.353775825536196,-92.16602742596376,42965.26286134248,4.870540605995833e-05,-14.079093934991556,-6.548442637755291,-17.682328029008342,-8.024503240796326
2720,-6.458948881149194,-33.003156642378244,-91.2466926699472,67499.25356752964,7.078556703980679e-05,-21.08664683375132,-12.735277770117078,-24.36118702338972,-8.347455771992495
5000,-9.421370278648688,-40.28072330913582,-90.85119495613952,141956.45835326953,0.0001037011156892,-28.43240115065849,-16.25242775513591,-34.90665315977787,-17.89247271213296
3290,-5.882382484749501,-31.414458805659173,-90.43434057069062,105513.6284859316,6.504589349165836e-05,-13.816632190640368,-8.195239481510772,-24.81243759531623,-12.345180603304875
4750,-3.469791925402253,-25.737719267460243,-90.11889460427253,55998.1291124791,3.850238000187089e-05,-11.641575628209822,-7.535833098860984,-8.755773226575755,-7.33665480007043
3320,-3.0684061887531064,-24.96945365117841,-89.78918091153696,30080.82878914405,3.417345116196342e-05,-8.752815652101575,-4.715060096440006,-12.55035091731367,-5.493519909718594
990,-5.3709391396432205,-29.9751263658265,-89.51214378811494,63785.84893013664,6.000235177426677e-05,-11.254717313089694,-10.31217316694034,-20.39748603963218,-11.897134346525917
3430,-8.716505353476808,-38.29216838136357,-89.48519177703743,160806.15977094317,9.740723778292812e-05,-8.317564975351866,-17.545495574981086,-28.95346704096266,-24.61721745063973
710,-5.564832104891659,-30.40549707295912,-89.2490762426704,44085.76865640941,6.235170535278982e-05,-15.19742919906142,-8.406147674712756,-22.51204966648,-10.85688622253364
1460,-6.633949205122415,-33.05663814839867,-89.1684423826579,94443.72795605668,7.439794873452483e-05,-8.007959051896535,-18.80673782866231,-14.21319896497108,-17.47576815928864
4720,-5.0497425433146255,-29.113831350558492,-89.12368616736117,85780.57197449784,5.6659938120512114e-05,-16.75201486809122,-10.586375298381263,-18.046137742032176,-6.616669013707674
2700,-10.140197421724576,-41.63566539508574,-88.78504433820837,169471.58997086974,0.0001142106477201,-18.570761467239663,-21.581971259921268,-13.77458804196334,-33.432576261298586
4410,-4.407431394973606,-27.29350165806692,-87.67476681811327,50522.83883808923,5.027023800493356e-05,-15.765440562798872,-8.834462823941953,-11.08808772776025,-9.266228512115564
3190,-3.8037836175177846,-25.838835673161103,-87.27356671970277,45779.00112000664,4.358460139178713e-05,-11.839147330535903,-6.189003823610117,-14.126595397509854,-7.229871002441092
2480,-8.284785795198557,-36.69369437263365,-86.64057432752065,96459.86144817984,9.562247087467614e-05,-26.99487288879488,-12.876584196430835,-32.59778381878783,-13.190997136105628
3220,-3.330018856694961,-24.6867321779596,-86.42161357519952,39131.93251764313,3.853224579980047e-05,-12.881628302902127,-5.23137577705142,-11.37585170359386,-4.956005767564003
3180,-3.5648775883771093,-25.04192967056008,-85.86157862973081,41240.82764652617,4.151889174726539e-05,-13.722733069187925,-6.288455552666443,-10.80782112690896,-6.0534673142305735
1160,-9.490626489897132,-39.455372078644494,-85.63267107117282,158375.13722430295,0.0001108295043373,-32.68337363908292,-14.917375479779531,-35.581286431500615,-15.220128829782906
140,-4.430234889803426,-26.84616431650844,-85.06304381680691,24739.19239420193,5.208178182930355e-05,-15.075784672338132,-6.445982133259306,-17.26568812473799,-7.003095073105764
3480,-3.17667680692926,-24.003442558692328,-84.57005997337748,52646.98413853318,3.756266470579863e-05,-5.186100744496856,-4.895256016589065,-13.153074440412809,-7.598021064117538
70,-7.861756937701267,-35.2480928438081,-84.50189558339024,86035.51133239207,9.303645656023106e-05,-11.062656456211093,-14.199501598461916,-26.46249324513855,-22.351313042002555
240,-45.658784041192085,-114.40149451164244,-84.37455577130528,397853.1089788227,0.0005411439932786,-125.9153350743142,-54.68357909000174,-195.666980109805,-86.39808391387359
2790,-4.7864989904899655,-27.50682921042777,-84.00333276698042,60418.83861963444,5.6979870117384405e-05,-17.0925092598611,-8.240035187293518,-15.975596548500825,-8.414591357874523
2930,-4.989166505200417,-27.928422466251973,-83.59863493098437,94551.83372988668,5.967999967127775e-05,-14.741748674963585,-10.343544761505283,-14.150363004250003,-11.50161735113218
2260,-3.569377350441457,-24.53579792047578,-83.32913537749806,39553.34236432996,4.2834686022739176e-05,-8.751670728666992,-6.483510719145424,-13.07991647868892,-7.965820422008311
660,-4.91272085577955,-27.68321897746973,-83.29408984819193,46773.84160984287,5.8980425438746665e-05,-11.886060295295646,-10.51144387939874,-13.920137987013042,-12.506481672813162
4290,-4.012102567294308,-25.360438702343803,-82.47156905909533,56969.24693505968,4.864831132798528e-05,-6.135634382839136,-9.690805794731798,-11.312684602431144,-10.631193166367767
2880,-7.030481393991462,-32.80063212360744,-82.43641137038514,175114.97229799823,8.528369050908402e-05,-17.683418206421116,-15.755379388167093,-18.672964766281574,-17.62880056568264
3030,-4.023476635884899,-25.379207103118485,-82.43192812780345,67283.32379346766,4.880968730522538e-05,-10.538980230246109,-6.03621957975881,-17.029773261788076,-7.376514669912287
1000,-4.135763852072484,-25.545666090725867,-81.93066508838804,36181.929699684086,5.047882679349373e-05,-12.727156462483494,-7.600191223775856,-14.665309209992326,-7.848118115917957
3350,-5.143036000939311,-27.975107839545583,-81.80847164214101,65638.45000624402,6.286678992655867e-05,-13.938516632923251,-2.6474990058892764,-26.673906754175672,-4.026875067678119
2970,-6.464781947190802,-31.10068485540859,-80.87277349284926,108423.05303583007,7.99376807296267e-05,-11.944626761515996,-11.898896059512342,-24.72945946595167,-15.283567542786596
2850,-3.457932155583795,-23.69652101381636,-80.3653924705922,42379.47503542552,4.302762730673085e-05,-12.094883939075398,-5.792647831757356,-12.12539279131635,-5.917841958239394
130,-5.413658520507138,-28.33430073145923,-80.1145535896046,42534.18403074295,6.75739709945734e-05,-11.49859947780429,-11.93437355745337,-18.044127043495124,-12.4982057438119
4130,-5.300211822046543,-27.988942629285827,-79.77708856848783,125672.99593675826,6.64377695044156e-05,-8.832016160686605,-13.11274951170722,-14.813473842098375,-13.601266791396888
1590,-6.348947367167575,-30.535003645673957,-79.37816936849403,69165.56039144471,7.998354481688935e-05,-16.775809564906105,-12.372516760353262,-23.521242690323334,-12.455797644727102
3250,-3.933907161562421,-24.5550898012833,-79.25965849615531,63372.840859404445,4.963315810593917e-05,-11.310089306286516,-8.458370139324227,-11.45425154232001,-8.801036037591697
30,-7.395088328975004,-33.11078477181645,-79.24531352756723,72304.2471357747,9.331893584347368e-05,-22.91450422601302,-12.86246151486428,-26.22815978613797,-14.575102538686323
2370,-3.992672222847023,-24.616960939283636,-78.86296270731265,43716.419872556005,5.062797650229286e-05,-14.113142735793025,-7.213268594509307,-12.41652199930544,-7.631455600808372
1140,-7.3006034868204255,-32.78726843660978,-78.76503344144186,118620.60130389148,9.268838173284196e-05,-20.80828554634775,-13.97313940807951,-24.96500713253337,-15.362675994807152
3860,-1.7349105523579231,-21.88574880947804,-78.52472904270516,20142.261593661853,2.2093811382837163e-05,-4.9637229393378455,-2.555967720576088,-7.766207316535873,-2.2735944019773617
1890,-5.350641665689812,-27.845220073044224,-78.32141697189125,81113.37128288802,6.831645637374133e-05,-19.20740127872884,-10.213305461481518,-15.34632408775452,-10.43072482281566
2410,-4.181352814718467,-24.827671611148645,-77.60678186435212,40631.44916584077,5.387870382290815e-05,-17.49090528185662,-6.748525833343838,-12.872328597417455,-5.774937058365062
560,-3.9866643143803904,-24.3474170860544,-77.53407862930061,34749.32488738739,5.14182200247854e-05,-10.365376455663998,-5.740143155906581,-17.859188950990422,-6.31963522857658
4650,-3.636921899668073,-23.428340567317967,-77.01096913128657,61059.05865877081,4.7226024301394384e-05,-9.910936095022372,-5.5615506643318895,-15.027725535652932,-6.717825240205141
4090,-4.059881424547187,-24.382971787781507,-76.80549016842616,70737.50259958855,5.285926065499099e-05,-11.209432229821028,-8.023768733579706,-13.314930626340669,-8.990952692864118
3850,-2.3607639725491727,-20.94918937019329,-76.4973082996802,40058.87635487756,3.086074562651039e-05,-7.77417793343166,-4.924873070893903,-6.581902141489706,-4.917692922370563
3300,-4.594698480109503,-25.613541220516986,-76.41798647183161,56174.12622102649,6.012587732605533e-05,-10.945638412343062,-9.106721406608065,-17.227046386971683,-9.42237420729404
1490,-5.920513673834112,-28.864372097939768,-76.13012874021737,74210.63482252142,7.77683391819417e-05,-20.917015967094947,-7.401019638537764,-24.09634657062072,-8.190961464774084
3820,-3.676631151907973,-23.29147736972684,-75.84079913209709,59013.48922477745,4.847827546627157e-05,-9.987384738347108,-7.591049310039722,-10.94320267933785,-8.714487951989504
2990,-5.723845933494708,-28.26975626324498,-75.57208296423349,95289.64691839414,7.574021661151872e-05,-16.188910834204552,-10.423534062248216,-23.07523575389382,-9.154217004870423
2760,-3.279847470488697,-22.31709377589649,-75.43791740196767,46724.722158812976,4.347743924334725e-05,-13.244170931971532,-6.444702748517079,-8.718266512979643,-5.137205357392814
3990,-5.3936153905512985,-27.40730748013825,-75.37217531326519,139240.5165320646,7.155976815229379e-05,-12.985541224291392,-14.182735180562233,-15.074899868546924,-11.160248428787408
3010,-4.01555139356534,-23.844725522675148,-74.53755412434018,62168.48020205312,5.387286235428088e-05,-12.333417741585247,-7.023389334631444,-14.72465730897722,-7.51341421226822
2800,-4.083086454180242,-23.95542795694013,-74.2599589664387,84466.28804484758,5.498368853160241e-05,-12.43203805201205,-6.528820183419708,-14.80777949364644,-8.399420518380357
1990,-3.229385638301968,-21.96854114963431,-74.25146496496792,29047.56960849096,4.34925511547227e-05,-12.317907795227844,-5.965905353888096,-10.44849022221001,-4.655946943045104
4690,-3.7283620116413783,-23.10129705072002,-74.23385225054261,48739.498895695295,5.022455252703292e-05,-8.684607427954539,-5.200283295433807,-16.615207963882305,-6.886623405862371
4390,-4.452445190148368,-24.851262641326187,-74.21647788726973,85530.20099110348,5.99926770563184e-05,-10.009811666872356,-8.857703094630091,-15.504331679656202,-10.396519020846084
3890,-3.586655606437313,-22.744492190289705,-74.10304876414625,50330.95437479294,4.840091826522349e-05,-9.305388864362351,-4.8135375644577705,-14.73220547399032,-7.521273695226581
3810,-3.809508025086765,-23.261588498753294,-74.06835877619655,72843.1983354464,5.143232667808258e-05,-6.481250291432957,-9.029315286245376,-11.686803515861891,-9.507880923733907
3020,-2.901644481709565,-21.217659648139357,-73.91285611185583,39049.85727038698,3.925764250428057e-05,-12.96176918191292,-5.076412872111114,-7.102983674480953,-4.068396025160236
790,-4.421060419220416,-24.65278172771785,-73.56861470544251,43747.53239099975,6.009438178116668e-05,1.533944668693324,-4.939106752718608,-18.4586734441481,-12.579521417639857
4050,-3.747311550022785,-23.004709470756467,-73.49934518164915,80806.54392310526,5.0984284836300696e-05,-7.119620097234083,-8.167633453453854,-11.835099572192592,-9.522219647566958
220,-4.311135615028055,-24.314193792213747,-73.20599617693675,32995.042286283955,5.8890471275169416e-05,-11.176477418130222,-7.524396056524461,-17.36631196124384,-8.04228014426824
940,-3.245970802679185,-21.753338418057485,-72.99663361580042,32783.745881081915,4.4467404069118354e-05,-10.768189833222657,-7.405406493242976,-9.471742816749078,-5.655079015149088
4480,-3.247250583327033,-21.727983756200597,-72.85544555463218,64552.03662351883,4.457114438881599e-05,-3.041495067965296,-4.400039659350351,-13.629243841750965,-8.540469269277995
3560,-3.1115083706927806,-21.34919909085024,-72.4460508128655,33868.100773260165,4.294931657116935e-05,-9.339604874233087,-4.823771972443673,-12.381919294296225,-5.543272479797244
2000,-5.037888833321484,-25.960627183581582,-72.3538769799059,75217.84615675308,6.96284572935961e-05,-9.867446899042342,-10.838655558385485,-16.470907842758372,-12.451534808847672
3690,-2.373306033464719,-19.8721916092917,-71.89229677898268,43156.59743984041,3.301196567360944e-05,-8.045845093204099,-3.547625249195116,-8.910680550984857,-4.09058639208926
1900,-3.9532441097655817,-23.07147230913221,-71.25247466384141,31127.06646866424,5.548220084167462e-05,-11.529663766288763,-7.432541357738331,-14.214574386076896,-7.653116688000342
680,-4.759928317589459,-25.03007843133663,-71.07384833043223,52577.04273326264,6.697158560290543e-05,2.007753239379862,-5.499578888493744,-22.30226252847228,-11.441120060314246
4260,-3.4467765095111886,-21.77979617698423,-70.81372301528887,54346.13035521172,4.867384968259642e-05,-5.776023621134083,-2.5718737032523533,-17.723936336611175,-5.786200057358286
250,-4.321730010462759,-23.83967582303277,-70.52696437501747,48588.6640420476,6.127769781047928e-05,-11.260338102330042,-6.643695846009365,-17.451708818648505,-8.739275322982907
3040,-3.849644055294256,-22.681074728647005,-70.51725162371982,70365.1000164636,5.459152145968427e-05,-13.708991804705471,-6.643036729497166,-12.441916122334296,-7.159389974469405
4110,-3.784589758523473,-22.41477003367931,-69.942396515721,72505.77974204192,5.41100955508839e-05,-6.967127755699663,-8.998165460986375,-10.366316599685494,-9.942257156094264
2290,-3.382272918624273,-21.40368180264881,-69.65041372607936,34124.406923172704,4.8560701045166094e-05,-10.887556996822262,-4.453460154375841,-14.405501372911615,-4.801444657646875
3530,-3.325365285715563,-21.266608304128887,-69.62293472621256,61463.40030420354,4.776249807326185e-05,-8.312817807619135,-7.287915118707223,-10.007334730819377,-7.829842026874524
690,-3.182303436622692,-20.88397287245219,-69.33665675144591,31150.03679906542,4.589640726449259e-05,-8.906200105901888,-4.03516936370911,-14.27229126170998,-4.949247623911055
2690,-4.363952949652599,-23.69864369905121,-69.20774182475465,76524.07407115868,6.305584945543871e-05,-11.006706081324843,-8.246064373484051,-15.847354195550226,-9.415564333085824
3410,-2.915182482093733,-20.22933088321128,-68.99509563449116,29467.4449605107,4.22520246589297e-05,-7.751057793698278,-4.365359873364056,-12.038269625401377,-5.604767363484245
3260,-5.792907832284076,-27.22020393948176,-68.96780660181952,182877.98959371884,8.399437531381847e-05,-5.664037326961682,-14.641918413026351,-8.037041155373306,-18.474756054118217
4450,-4.198762163273786,-23.20622503259862,-68.76082278632327,96776.02510799136,6.106329146644434e-05,-16.623828652073467,-6.941821826484301,-14.357574645038646,-5.281871072449675
1950,-4.584143572186923,-24.15826940834129,-68.73284266373759,57808.23403333608,6.66950964710419e-05,-10.130551398198747,-8.724942884485571,-17.26056885582255,-10.092394089659988
2460,-7.8603914932499075,-32.244286236573664,-68.66530179637223,137009.65645131262,0.0001144739961467,-13.532781412000716,-14.602106970479346,-28.60604232704653,-19.95497773817875
3800,-3.384643108942012,-21.21732804713979,-68.66178327898325,75415.67682119206,4.929442474847606e-05,-7.863663250127878,-6.600040263588033,-11.993266041665542,-7.733447810555306
2280,-4.56842887556028,-24.102207543239867,-68.64165186724273,69958.17709116821,6.655476305255457e-05,-11.844420593017643,-9.75019254807104,-13.175102036167546,-11.120553128807494
300,-6.5128396298984965,-28.87167461972205,-68.24861076907241,68866.51441602866,9.542816412682e-05,-18.43938171623305,-11.75443013895509,-23.625743897088512,-13.27582489077485
3720,-4.902314565393621,-24.81904251656757,-68.00998671023724,90840.6242089258,7.208227500882157e-05,-9.580155349884404,-6.527302243339534,-21.69272475171142,-10.431005193587376
3450,-2.847347469266797,-19.86362736358331,-67.90503237552831,39863.13133303539,4.193131745406439e-05,-11.481860925586233,-5.46117617389628,-7.35662406161306,-4.809574600916819
200,-7.282872277317301,-30.606579910959702,-67.4363075013429,82728.30559209216,0.0001079963086231,-19.051023142268235,-13.497917521004608,-25.439986970730203,-16.35429997330255
3930,-3.405744139650276,-21.02358434591124,-67.4016867947955,56714.45091739412,5.052906390932126e-05,-13.869698958956269,-5.349647029452251,-11.069478035394,-4.765921387509543
4420,-3.000930036794768,-20.00122765383786,-66.93483387896654,73326.19015039926,4.483360700082014e-05,-6.563081523358201,-6.78142568068885,-8.74591922684282,-7.505341709623103
3110,-2.820498290968548,-19.570414709229443,-66.74494617046474,60648.57507191184,4.225785550512055e-05,-8.752797919986918,-6.394621107996197,-8.507820128380974,-5.273080169225634
740,-4.242867393389626,-22.91694339242208,-66.61959880792092,53796.54658089111,6.368797575054082e-05,-12.029997467478587,-8.619100104530297,-13.624953672004567,-9.19595778014338
1040,-4.619832494136471,-23.833872786691224,-66.498623673321,62370.50967351874,6.947260317494256e-05,-13.836830825339296,-9.48665517809552,-14.575633027070928,-9.603188623956571
4550,-4.163469919602046,-22.5708150751518,-65.81801662334917,92834.8022172949,6.325729842981991e-05,-16.340486993819344,-3.765652204304009,-18.0735057898286,-1.0044759812489736
3660,-5.2582871123254105,-25.254663410184527,-65.55373009814986,150208.55488815246,8.021339295952309e-05,-7.880327780251673,-9.582279085038264,-17.959922562016207,-14.61311861852838
3680,-3.112507213771055,-19.949636920457618,-65.39307585536098,69043.13095724527,4.7596892684103486e-05,-9.647584455213948,-5.581154866200294,-9.452405351700827,-7.212309254794751
3100,-3.050066887905393,-19.79754091060454,-65.34654333355813,62666.56412904292,4.667525981193038e-05,-4.750891169286398,-7.983633294546253,-7.113344869052147,-8.193205888205151
3760,-1.9659262816562997,-17.665483623098922,-64.60363809813259,29468.478225901366,3.043058161322227e-05,-5.798366298274744,-3.900079328871642,-6.0978780293544,-4.35366371483923
4070,-6.041026249973482,-26.918206195466865,-64.04130944553823,139983.68336476182,9.433014880982204e-05,-11.827268768509072,-5.313808581919437,-30.084055976133563,-10.304758602583178
850,-4.539554896811432,-23.15899903418372,-63.93265622301601,51331.74491241148,7.1005260300403e-05,2.298895912696479,-6.727241701961338,-16.939834738131996,-13.595724905846348
3340,-4.1096814538695625,-21.9283269509356,-63.078058057894985,79878.33712926801,6.515231413905562e-05,-14.368045477048469,-8.691800094745062,-10.803318538343984,-8.178451547713038
2910,-2.449455041472105,-18.052422590855628,-63.065827440472034,36795.13191191192,3.883965597350088e-05,-7.110442874593423,-4.076384389349957,-9.387876652434748,-4.694115183572629
330,-4.549562584158857,-23.010490952968613,-62.99355584956208,66782.76565549773,7.222266663313761e-05,0.3191152929181079,-7.671435545438517,-18.01449702538374,-12.30903315243312
2420,-3.253113713100309,-19.74325922306904,-62.61934362478359,37878.58640956087,5.1950619805168095e-05,-9.18980666686519,-6.49589930586374,-11.658615150016246,-6.17291213766306
2890,-1.7808155293640413,-16.912154701543006,-62.13204790216502,30181.34701710472,2.8661787104911893e-05,-6.316655020683632,-2.526050683464711,-6.961288299232983,-2.5539589503590165
2500,-7.761209270731271,-30.70156149972357,-61.95174192612642,124840.3653602327,0.000125278305814,-24.103798135544142,-15.115192811493454,-25.934432327157342,-15.132470456611788
880,-3.259844097075645,-19.6168511291138,-61.87353176344815,39017.63950684932,5.268559922421304e-05,-10.81779382920935,-5.983867691781223,-9.886395592834962,-6.934629805757786
3280,-2.304645774984125,-17.518183121824922,-61.83834607000219,32302.25329318781,3.726887799319895e-05,-6.275434041361897,-3.0257608444420856,-9.968628001459445,-4.13189080924192
3940,-2.0764200308677347,-17.129411186619503,-61.78246937467138,32445.69071649012,3.360856326857976e-05,-7.829729555989919,-3.3909974396177702,-7.014364744438602,-3.294770116885368
3770,-3.473656692815648,-20.09439626901361,-61.664517070813375,77135.5767894926,5.6331531613660767e-05,-11.320266529165286,-5.492327463908999,-13.417518432957912,-5.739203445244936
970,-3.211775401839596,-19.38888254781113,-61.28226220223248,49363.95581961078,5.240954374759671e-05,-8.27181053921637,-5.557873491152496,-12.535128052889222,-6.481737574165416
2730,-3.6278163068073175,-20.30130461162349,-60.75286851390537,51111.00961049342,5.971432124191745e-05,-12.541392180863514,-6.688994907200618,-9.699790579453284,-8.15291606595911
1720,-3.199703181799089,-19.219486779825218,-60.546147984276296,50091.93944593756,5.284734517925146e-05,-10.615049628564602,-6.027654344898938,-9.597050812894828,-6.749952575122837
520,-3.1165152960371154,-18.97737313502587,-60.31970029864826,50637.60087392313,5.166662434672202e-05,-5.820773086965348,-3.8047067570209663,-14.541090277836052,-6.1392076216576585
3440,-2.9605162179416564,-18.597253260637693,-60.25727831848466,48484.759405074365,4.913126348478773e-05,-7.856067993113387,-3.91578940227094,-13.527186370753585,-4.480972955377196
3310,-3.2162972001311005,-19.19400195282866,-60.20302951689495,67537.40405705958,5.342417526062375e-05,-8.759705835762013,-5.67788556580832,-11.578165873148894,-6.969264529076934
3910,-2.5003733874549607,-17.43153445418092,-59.57366742840222,65965.51382440723,4.197111736422807e-05,-9.98165676851171,-4.121617812662189,-9.22908638577161,-1.772320599274975
2320,-5.690685124511662,-25.177903760002817,-59.37128185292622,94962.87810297888,9.584912009494008e-05,-13.16024866470877,-12.155506205132587,-21.099592274696786,-11.223250363124135
380,-3.959581273852122,-20.82573442244141,-59.14641400704588,49806.749368713005,6.694541571667275e-05,-11.14954123795563,-7.173308373023743,-15.230280842997164,-7.253681434631295
3610,-3.59223767160853,-19.84358246564602,-58.772185882670335,106562.83420430508,6.112138961072304e-05,-10.019558967775412,-2.004190455256554,-16.794133265161815,-6.086137560761289
1020,-5.003940101881695,-23.35492933195776,-58.72309460893682,106769.4048513067,8.521247279635305e-05,4.281610155708487,-7.653018044627736,-18.616035603669594,-15.100613052149392
440,-5.737189842111173,-25.1479659907414,-58.60185735356441,109001.89893803449,9.790116049559328e-05,-12.190653852318151,-12.104543119028556,-17.963145079154046,-14.502171415285233
3210,-3.023871243127891,-18.39818066470749,-58.44798828069293,45266.22650141407,5.1736104733082206e-05,-7.792060189981274,-5.085645912454655,-11.701842714237625,-6.316636328529161
2250,-3.47961404167444,-19.381410342875935,-57.78653190248106,41008.30322501433,6.021496579075795e-05,-10.271590764678145,-6.178105218955641,-12.994298902952934,-6.526191486440107
3130,-3.1144399664911924,-18.353791630559552,-57.07280157360396,73799.13793245809,5.456960024074959e-05,-10.603168383818392,-5.46708702532234,-11.803920963489334,-4.3389339706194585
3590,-2.534666454715417,-16.858585624531333,-56.359184933744544,53784.153454559855,4.4973440579297815e-05,-6.611219130369518,-4.19486053967416,-9.292309790236043,-5.746054115548994
2140,-2.16415501754262,-16.034453510538295,-56.120975739104935,24167.80017902917,3.8562319864204406e-05,-9.375654439836332,-3.9283038113877073,-5.376835364202617,-3.23512082156813
3200,-2.627217561755957,-16.93561608239427,-55.6898667024666,63549.28653759384,4.717586371309438e-05,-8.992987491714588,-5.217145425482045,-8.760160452232927,-4.267923865798439
3580,-4.319308774612569,-21.074180576660535,-55.62828522669589,103801.84418662675,7.76459090372921e-05,-12.34160593697453,-7.827455137522302,-16.464565740995837,-7.9276777322567025
910,-2.5918066478246065,-16.826317476090914,-55.54515338716978,35152.69890169322,4.666125646928685e-05,-6.167324155571268,-3.956522439281388,-10.762903031572636,-5.321865869104511
2340,-4.643926585417112,-21.85499354353215,-55.47038073640222,74066.16765817188,8.371903209904512e-05,-14.711110825068166,-6.786461365594568,-21.438213411873296,-2.031262781239908
1110,-22.75038681221367,-61.1863838310427,-55.231951455051096,466942.20239912334,0.0004119062646325,-80.87739586178725,-33.33633599445682,-84.55943078341618,-36.87011332317833
2080,-1.650901575854599,-15.064071570775448,-55.17841463908884,21491.53605045907,2.9919336875711665e-05,-7.045177843317509,-3.1696144967451354,-3.770201411282258,-2.662261710667324
4120,-2.707998701274537,-16.974026996868187,-54.92684411171718,66391.34500145851,4.930191685083284e-05,-10.31167259612536,-3.855433076974304,-9.758575626814812,-4.044016095650649
4490,-2.424761009400615,-16.30824265631063,-54.82090388278269,51575.42787729051,4.423059157479793e-05,-8.988303094167767,-3.851408638288461,-8.683199274031992,-3.592111854758998
2960,-2.41700106763626,-16.230134197474065,-54.51587189083288,44317.83656609195,4.433573166501426e-05,-7.175792441327986,-3.6078797652692254,-9.683967948066444,-4.416070912751364
3120,-2.415455946563076,-16.188013971938872,-54.32215050558193,60805.54213178941,4.4465396234909245e-05,-5.025646925340695,-5.247011480804608,-8.546252646741683,-5.323606258581347
4680,-2.55928966263044,-16.492962356474077,-54.22561669455487,48394.82149408037,4.7197059593559846e-05,-8.73816078032993,-4.351252049591079,-8.895130000429473,-4.60722847465347
1030,-4.165449895940645,-20.39410120290312,-54.02876953888224,71507.78396927853,7.70968861865889e-05,-8.209413792207094,-8.479350145379753,-13.261865465712674,-10.89873189557079
650,-2.6088636558988587,-16.512698098796882,-53.74073692566528,36481.70447119162,4.85453643761429e-05,-7.326542331234511,-5.288341192088525,-8.929283404106867,-5.276299599738837
4900,-3.408674279815398,-18.32997066421469,-53.08400504159796,75110.29073010324,6.421283166453389e-05,-10.137505875587602,-6.074957895415087,-12.629457605596118,-6.41107326429225
3510,-3.40516639527054,-18.305859190753758,-53.0011123419518,69773.32778170038,6.424707416140886e-05,-10.60082464571974,-6.198615133468712,-11.73668129865076,-6.725060008659368
2100,-2.692644524892108,-16.543765277997263,-52.8842361934459,45103.50088152327,5.091582518167891e-05,-9.260314478037811,-4.559977481039264,-10.17346027713565,-3.884104520333354
2830,-4.242583922057058,-20.3245581698981,-52.61099587752565,115489.06233072968,8.064063132227086e-05,-1.3022126280856028,-4.460395436657318,-19.589533382554137,-10.553360348899265
930,-2.9350289492303343,-17.042741481018798,-52.44315089063978,60156.208941493926,5.5965915460548497e-05,-8.874197578931563,-1.5874731560432758,-14.567573512341513,-2.6563598054310646
4220,-2.829281834031107,-16.76681850558471,-52.34015947938334,86103.73542337565,5.405565940519447e-05,-3.79705975516174,-6.384881556917928,-8.876925995192437,-7.530709865925313
3330,-11.449503348856178,-37.06559128804908,-52.15041469524872,372518.74641863554,0.0002195476951768,-20.835551256792925,-14.855088022955243,-43.17062124966699,-31.465143842705967
3870,-1.6275002264789755,-14.269663044437868,-52.02288798540975,32898.75913373804,3.1284311377242675e-05,-4.022544276829609,-3.3506355852246847,-4.862596499657824,-4.066695631057303
2050,-1.9941299773669916,-14.796680455777622,-51.81556787473757,30623.25962093119,3.848515145463107e-05,-4.481172503345025,-1.9273586175579769,-8.926111235722418,-4.240882332736722
4530,-2.706788684202188,-16.36088947666067,-51.75426114383939,67642.4618277849,5.2300788850589015e-05,-8.868595619027571,-4.339809152552283,-10.634302838472772,-4.144460594453891
1440,-3.285675273701274,-17.686475911989554,-51.26504942845835,61635.29886790893,6.409191662414206e-05,-4.41006507335127,-8.12961597750374,-9.664816505372409,-8.473640546853225
4780,-2.682562782001263,-16.108876481641907,-50.73788359633709,56147.63330172734,5.287100272733734e-05,-10.066756457267015,-4.845912160015423,-8.042852104792903,-4.799394023361249
4500,-2.1202976503623026,-14.692231285259588,-50.07814245124961,48462.21000848519,4.233978231972928e-05,-6.310441556743924,-4.2699119631063045,-6.991654697510557,-4.282209251373037
310,-6.552627813778942,-25.38763820189214,-49.60072593278581,141649.35984714178,0.0001321074982382,-21.027417515710614,-6.633786217871042,-30.77306109380081,-5.855839390831955
4620,-2.1141452717841327,-14.578273472968233,-49.5815113899925,48399.43979525821,4.2639790771098806e-05,-4.471391511285862,-3.9800651709229817,-6.99099586569136,-5.493485483577712
2110,-1.59562168866769,-13.588093360959796,-49.311351615559765,21813.07541023657,3.235810085084355e-05,-3.831610497866448,-3.675034794027551,-4.662969935442746,-3.75632929464742
4240,-2.794258359206273,-16.105799675875694,-49.29376920712837,56895.77724536671,5.66858327969409e-05,-8.519199460210016,-4.186624805715342,-10.52978212311285,-5.593520647904015
4560,-2.193510671979348,-14.664643224303044,-49.150728757044256,70445.35920310981,4.462824310951799e-05,-6.805290976623993,-4.29978973081329,-6.953359378553126,-4.559387627132343
630,-2.430449167323085,-15.1667494041242,-48.948124527954384,28529.05019195797,4.965357081117684e-05,-5.240088862453521,-4.168536522374448,-9.627381467701865,-5.373853128347252
3650,-2.9748147665797733,-16.414896435783906,-48.57391372481392,82119.18079677339,6.12430528746975e-05,-10.14654530629813,-5.916294527438796,-9.021886976210546,-5.667050207185221
2710,-2.424237928949604,-15.05414315356802,-48.44074990406127,41872.56672307268,5.004542526180744e-05,-5.649666238534796,-4.630735826274155,-8.321185204771256,-5.8103865145643
190,-4.35713390891501,-19.80590037465372,-48.28242187414246,86448.59257563695,9.024265436130624e-05,-7.594769987126806,-9.930727492603948,-9.816152328898106,-12.88739883843125
2190,-3.036955981072065,-16.5111107009248,-48.26395761187145,57613.49241199383,6.292389044211053e-05,3.082713892559419,-2.9225659280541985,-13.560539193530884,-8.383429406613473
950,-3.002051072512058,-16.396317038772178,-48.11220137462752,54035.73735098823,6.239687619230871e-05,-4.828467987270972,-5.435422431121992,-11.318826906876078,-7.547370517257588
3620,-1.336413327183306,-12.784579490245411,-46.98495000165365,22947.48856455624,2.8443434059976024e-05,-5.2828220848332,-2.4389824353479765,-4.070965948458152,-1.9896956231110403
2900,-2.3307584643863217,-14.482786745460864,-46.62019524543309,49779.78202186248,4.999460967754404e-05,-7.890526076741554,-4.683963889719951,-6.970266843871059,-4.519048772263801
210,-10.161513304687835,-32.9551952333854,-46.54151310469344,206126.7825672401,0.0002183322506475,-21.24818998827711,-16.10910711214834,-40.72518948668426,-23.325901854839227
2090,-2.2575230200921483,-14.287612122072655,-46.49673911197988,36083.59702893748,4.855228696049564e-05,-6.972246683250873,-4.3366602138715455,-6.922985451793619,-4.965761356824014
720,-1.9840007407212277,-13.57783813875812,-46.0201981002907,23902.02358725417,4.3111521084666845e-05,-5.935770517184234,-3.417617219501755,-7.489880135972487,-3.6751483513313454
1560,-3.825455753973811,-18.057417335532158,-45.98670293014812,76108.14553212644,8.318612795060604e-05,-10.638956219621848,-8.687765430354878,-12.341092108501648,-7.429116431404128
1130,-3.8987612884962206,-18.15367486321328,-45.52156012318353,91595.08319624444,8.564647779966209e-05,-8.431429062232919,-10.115766120826446,-10.557063935213694,-8.944668290724533
2390,-6.2675170418300965,-23.897991067647737,-45.51026672216803,223783.58168306728,0.0001377165526208,-7.572236758870673,-15.87205403274368,-8.158705727909302,-19.829224243322127
4080,-3.30394299794521,-16.657964968839124,-45.46239281927813,131079.82224713976,7.267419933392041e-05,-9.358278910125785,-1.4712320217426462,-16.019960831703283,-4.713376681294872
4940,-2.3896850176474613,-14.372771762870428,-45.31710027047388,67031.41294745177,5.273252267653251e-05,-6.99692622653858,-4.250297097540027,-8.492913413587372,-4.917560152323753
2980,-2.1297333975718287,-13.724793463572722,-45.12449922361706,54667.91135276038,4.719683174804471e-05,-3.1287500071787706,-3.724245641183704,-8.314430440618667,-5.321121829996155
3070,-3.0966073831086227,-16.05134217439422,-44.98316185738891,81714.19650509674,6.883925574031155e-05,16.833130808886935,5.640013188489397,2.722985909279764,-2.14304227203774
1960,-2.6108428405026265,-14.82936988762203,-44.891752269138486,38807.362054966914,5.815863067340077e-05,-8.78493202780535,-4.441088136175267,-7.868537358966471,-5.781806533937854
2350,-3.02658587577225,-15.856341925590716,-44.87367084934965,41107.85714879296,6.744680830621447e-05,-9.64536256204169,-3.32389417867348,-13.540586206566976,-3.955436479740298
470,-2.780158173496515,-15.19630292335197,-44.61997340617212,36703.983565054994,6.230748163359385e-05,-8.622356955897427,-4.012862863751432,-11.40454763135101,-4.562848782861638
260,-5.1959784541552425,-21.12453075993313,-44.405606367307534,109480.91731672452,0.000117011766739,-18.206682364676443,-12.400313000008666,-14.026242482764786,-8.251685571703247
1050,-3.182920738854518,-15.988722774526993,-43.47738215250524,65144.89405168773,7.320865657664976e-05,-10.517548834717982,-6.37314464442546,-8.768495866125154,-6.927342236075015
860,-2.284686490851313,-13.690779981690554,-43.06116503415012,49121.75379801556,5.305677375517866e-05,-6.502882765572681,-2.443740760891985,-11.329211330911765,-1.6325246639934754
4030,-1.1525188075792234,-11.393470249558352,-41.91145520750254,25578.21714715071,2.7498897422509725e-05,-3.082978210807128,-1.9469958106600005,-4.160071091846612,-2.5909702964983503
2430,-1.6199695756691002,-11.937097360672112,-41.699502778824936,25830.90238969055,3.8848654485437246e-05,-4.627320036327348,-2.9458399496314023,-5.500661251736747,-3.5671795859420654
5170,-4.64915764785852,-19.26482339605251,-41.61945609781136,173182.95354081178,0.0001117063528397,7.794979962114403,-11.66422287979159,-9.054424440819488,-15.569183118008644
870,-1.600323664661614,-11.866999468185998,-41.54705114307854,21288.20692116318,3.8518345361033337e-05,-1.9133188737629048,-2.2381208261329,-7.078491189368047,-3.769157309329048
1820,-3.3602211098377883,-16.035270624669042,-41.33287390700548,100815.1131380788,8.129657563608871e-05,-11.311632611923086,-7.07772686356291,-10.252920477042474,-6.050423410221091
3140,-1.731874403168291,-12.074914557433573,-41.26851303772165,38785.969461077846,4.196599963718743e-05,-5.474868563283719,-3.437459960379825,-5.659420323210396,-3.3423431902001632
3270,-1.5031119484637874,-11.55656709035548,-40.937711386595176,27335.34227436673,3.67170488420604e-05,-2.8222193409291383,-2.8723222754209328,-5.868622912543118,-3.348903675863684
4470,-2.477088558966372,-13.758457280761547,-40.92915005500007,81646.25414666085,6.052137793327473e-05,27.459579932452456,-0.8572448976772709,-20.27201666311245,-16.770494493166932
3500,-2.2157868093106314,-13.03364117010647,-40.47666834472549,50496.04864407479,5.474232193320749e-05,-7.513523888625648,-3.5535532305529185,-8.140013375053586,-3.793498552760628
610,-2.4961090571503592,-13.593912256991452,-39.79363951874736,40752.58832469507,6.272633233193978e-05,-0.3855388730275355,-4.280353351132452,-10.1887363046887,-6.46909336679304
4350,-1.89301209415996,-12.065705751551398,-39.42578148857403,41206.64597049754,4.801457378108213e-05,-4.311221499850658,-3.3282492428628623,-8.198704887657462,-3.2439122745524576
100,-2.155534549113538,-12.640963621359962,-39.17390986697326,41895.54324625021,5.502474877879948e-05,-4.933329578990458,-5.730265872110628,-5.741041236071318,-4.706307564738556
3880,-1.1877094107002324,-10.673353033088787,-39.03336305380172,32024.77999038385,3.0428057379097737e-05,-3.7320197763672094,-2.211920870339984,-3.998444384852059,-2.3540193510600163
4760,-3.2702219603474707,-15.3729556245655,-38.9691987181956,143870.75259543856,8.391812169390412e-05,-7.670700369942813,-3.41216785611125,-15.162154167438676,-6.040708484880818
1760,-2.111483885834392,-12.453331600923354,-38.74663351207354,40966.06532684226,5.449464106801559e-05,-5.276831647257825,-3.753712776243167,-8.03673754286487,-4.465774816620357
4400,-1.427131169098357,-10.912803509905464,-38.593270686249696,47342.75869028491,3.697875675530206e-05,-5.720919496525982,-2.26042296702346,-4.122069501489321,-2.586689062943184
4380,-1.3320643364315985,-10.722081668152676,-38.45712468913565,26886.596447757467,3.463764769725267e-05,-4.6371182018101145,-2.801319489101905,-3.5393959667154555,-2.660193929335018
4520,-1.796241186171849,-11.651021459360855,-38.4425025359001,53080.36880733944,4.672539683113509e-05,-2.977465649151577,-4.45547410232506,-3.2751558939988388,-5.331928337175505
920,-1.398180043491977,-10.751021556672558,-38.08546048917414,17451.9435504044,3.671164863266948e-05,-3.440033760365425,-2.268394247943749,-5.841497288450831,-2.657867552479932
3240,-2.484774486530948,-13.232215925960302,-37.99787322787958,74257.08088990752,6.539246214200834e-05,-4.828647188868241,-6.263161053004922,-6.7488067638783455,-6.121729894337632
4060,-1.4582379996660166,-10.722459712082578,-37.427826481649625,36393.24747785907,3.896133269670286e-05,1.111708640906562,-2.919385428513716,-4.802982681837791,-4.340168268161628
2330,-2.632193267591936,-13.379771890594254,-36.80723926292679,44995.6328264426,7.15129230092285e-05,-6.768660122150471,-5.295166087377253,-8.411556313211987,-6.195856804392778
3780,-2.383433887680046,-12.750682094588417,-36.76155260330153,85967.53457865061,6.483496258713489e-05,-5.824646055378112,-5.402822487429338,-6.214956468594022,-6.065232404929078
2210,-2.3761363053303364,-12.621877576226812,-36.16501432003218,62262.0331147541,6.570262310152523e-05,-5.42299321007025,-5.678368946616014,-6.319350414041723,-5.891776552730807
3730,-1.639068353784174,-10.7629778796189,-35.74541202394457,57732.28847636437,4.585395050660547e-05,-5.563995665421253,-4.384291599370984,-3.2682225238694507,-2.883771018525866
4440,-1.9099929386090944,-11.32523901558005,-35.3669349787191,60688.4282960199,5.400504566647832e-05,-7.285870960023208,-3.2360644416234385,-6.315150942995723,-2.951385750771084
50,-2.584027908123319,-12.979849039353406,-35.294244670108,45439.27078007751,7.321386056780605e-05,-3.5686622573048448,-4.898650978042674,-8.62259525045945,-7.256071468406699
4020,-1.3226507193789685,-9.917154318203645,-34.851918400748886,38460.58131799471,3.795058579474202e-05,-4.130827963745733,-2.851500134895644,-3.4896831229069387,-2.955912998894616
3600,-1.0570515978267383,-9.418556720861824,-34.4099683243432,34767.296667324,3.071934236797688e-05,-3.224439730121817,-2.390875018723971,-2.818179661142637,-2.2861732229718954
820,-1.566370140410661,-10.23069705197318,-33.8819299102843,34142.2812525769,4.6230251480899706e-05,-3.701458489350122,-3.9570818181081022,-3.5017411783042034,-3.939960389718864
3920,-1.1456108013023545,-9.37059302172567,-33.73542860305585,37878.33561447363,3.395868523806399e-05,-2.1913432435830886,-1.522670410634231,-5.097920655831958,-2.430991290295484
3670,-1.4462273336342848,-9.933372803810268,-33.723696170258,48628.756264568765,4.288460334634845e-05,-3.29533738593017,-3.850718299307796,-3.444765059686897,-3.384887618151967
980,-1.6945239219847252,-10.40526755968438,-33.24973948519996,49927.22308010764,5.096352477405086e-05,-5.745676264800852,-2.69728064619728,-6.2688675786056045,-2.8730354480702665
4270,-1.0189665493020543,-9.064041597151949,-33.10795092891679,24072.901679169743,3.077709494887766e-05,-4.318939000215393,-1.878616346599413,-2.3740629977975245,-1.736481193241281
2300,-3.1743679503102182,-13.91971653520298,-32.45308611792793,90588.9911413835,9.781405499542352e-05,-3.782565029435009,-5.67953503394321,-12.017784967254755,-8.351911089618518
1910,-1.655058395712048,-10.046450174543423,-31.86793440855088,32591.36710832364,5.193491283413583e-05,-6.618821696908372,-1.820885105442318,-6.878912803585697,-0.6528290000322203
2170,-1.4948307740859204,-9.658775773106994,-31.80244556801579,23993.137958039653,4.700364224785576e-05,-6.1356019594566025,-2.9755679022195767,-3.477004616575902,-2.549461155179517
4360,-1.381628838155412,-9.392974944169238,-31.738044685273923,50030.94307116105,4.353226078846853e-05,-1.5952386326909218,-3.803360373682524,-1.434919988175683,-4.194368542422307
3960,-1.123393573069893,-8.886913595467377,-31.735171845798803,35506.542996245895,3.539900708678882e-05,-3.5968644163152788,-2.4091799942477183,-3.019740997243893,-2.425686141215844
3380,-2.1235077958976016,-11.01552533593577,-30.89204469585698,79413.44250325415,6.873963238122568e-05,-3.182258945255674,-6.761299082425711,-1.2645415718297786,-5.43958201459437
4570,-2.024141279937326,-10.735893641653576,-30.720173714888915,103529.5231746672,6.588964303142272e-05,-3.729541984537035,-4.798250407546615,-6.199117560060833,-4.955419723713923
890,-1.083416636453177,-8.460491400675595,-30.10616130743309,18096.32369491108,3.598654193703817e-05,-3.866651876598991,-2.072406665614214,-3.163453094471393,-2.086663233738856
4000,-1.3785739484198691,-8.981725233049534,-29.706157834410885,49830.666169560776,4.640700948619357e-05,-4.743635507868308,-2.0832066101301905,-5.061664955145752,-2.4098497063914808
180,-1.6530144797137702,-9.582474263016254,-29.45110568223672,39659.05526130674,5.612741665963249e-05,-5.700723641954868,-3.0942657889029235,-5.274534540657619,-3.074127609410386
4040,-0.8820408199088966,-8.017566428711403,-29.35661485567116,31279.602785822084,3.0045726465580635e-05,-3.653803133576696,-1.7371343225680722,-2.075698043907636,-1.4686363181154087
3970,-1.2995614252319303,-8.59568024956549,-28.654763116260217,73849.34451256898,4.535237021361e-05,-4.121249029081703,-3.2753563220703725,-4.3515120240940055,-1.308183434697927
2180,-1.10588306802846,-8.16196254125213,-28.52815144242018,17678.578813250817,3.876462413838906e-05,-3.134052196438617,-2.0981536981592224,-3.802003803001372,-2.339355786881976
4170,-1.413002214764171,-8.740940028867271,-28.06023314607632,67105.11198693077,5.035603971671746e-05,-3.93854813118918,-3.0877568087324723,-4.198538487800484,-3.135947885922297
4330,-0.8679107975276984,-7.641963287605767,-27.87657699393019,19935.81978049389,3.113405199342359e-05,-2.0817196436956955,-1.4469629056102362,-3.653736520073244,-1.619712776274925
3570,-1.1722975466903147,-7.982922069945349,-26.994385742014693,41050.91327141383,4.342745776451299e-05,-3.1144940807628902,-2.056237925835971,-4.037958035232477,-2.7397744504286
2160,-1.335804620951298,-7.703137192647457,-23.584726839227937,48516.42217369808,5.663854536273385e-05,-6.303887072294498,-2.8444081090122806,-2.07625322391122,-1.4153319083347895
3950,-0.6541871779078348,-6.289875268345854,-23.12107616204794,15939.076894471533,2.829397616801459e-05,-2.086915079579992,-1.1298618551776396,-2.365806647132648,-1.204400230413112
960,-1.6465563528565703,-8.36881866633759,-23.020074817793315,77175.38818461538,7.152697660147778e-05,-4.756808520397257,-2.52827954856046,-7.257711243453863,-2.1812068778941147
4300,-0.7926349226607932,-6.045523346853791,-21.363142691753048,33661.97750162443,3.710291758556569e-05,-1.899082251405681,-1.810026285333549,-2.3491972255597755,-1.862806086659959
490,-1.481261090648035,-7.563127298205713,-20.89550585758253,38989.12634984913,7.088897970424186e-05,-3.106632624850442,-3.0223110295424105,-5.128421678792463,-3.519107555344111
4320,-0.885678671874096,-6.11630528540826,-20.815700530825943,66998.73001402525,4.254858829096314e-05,-1.418637140052859,-2.3093492306195214,-0.6352206415497612,-2.75292001488798
760,-1.7463549008914634,-8.167213026697084,-20.582684895066905,72499.53643273163,8.4845825984054e-05,2.3903676434589545,-1.7369683447910795,-2.3560625225725462,-7.208325208890304
780,-0.818274754758375,-5.522442032171178,-18.59488945697406,35556.142505219206,4.400535731345685e-05,-2.370168391102532,-1.7249624657677405,-2.862281175324801,-1.4736529320841307
3520,-0.9056075595639184,-5.636017594310438,-18.15959774525133,59756.17269001491,4.9869362321130245e-05,-3.248917999482754,-2.7004117267501355,-0.8776455334372704,-1.3443074484935844
2950,-1.382760978795479,-6.659412540865466,-17.337149281642606,118421.07166136568,7.975711325619212e-05,-3.655275607466894,-2.448477351107601,-5.304285149669366,-2.770057931518789
4310,-0.5806930128031583,-4.5950913671502125,-16.410354688903286,48513.92508276454,3.538576854745401e-05,-1.8575961511572856,-1.2457911846931,-1.252347723857885,-1.4170970097876616
4840,-1.5879757219373498,-6.991236912885663,-16.38309552896572,156937.9682432983,9.69276971577056e-05,-4.87613896542176,-4.427161072594476,-3.951870712274719,-2.46844936170638
840,-0.5820926532532424,-3.89735385561284,-13.072174640964054,35592.72129583541,4.4529136830007496e-05,-1.1635125898016272,-1.7955838677943985,-1.237289371601931,-1.1968829229915128
4460,-0.5142530074122101,-2.890185632227269,-8.678271754965271,89360.21810221951,5.925753674606702e-05,-2.3451063823511147,-1.0183393628789292,-1.389649882074621,-0.0887151269480787
700,1.5576020330392355,7.88870261510676,21.624910896941167,53275.12434369531,7.202813646087936e-05,3.970047340784261,3.5667746448334405,2.430594496858224,4.484843315519922
3840,1.4823692842202931,8.22176662149902,24.430452190659032,107839.19569120288,6.067711201788872e-05,-1.4633216634828656,1.261857596213603,1.0473440483460743,6.203502420478314
4150,1.72049433779686,8.838017765918394,24.559156573235,127019.87277615244,7.005510684645762e-05,13.19957175049571,3.752405789557622,-17.590410770692927,0.4843194586924256
4580,1.9405586437952789,9.87322881965184,27.18515013688521,119941.97764749752,7.13830394176231e-05,4.761928145074762,0.654995981323486,6.155882986249484,6.0884623727981495
0,3.655437059680697,14.797904784757748,30.91205499359967,146273.099563591,0.0001182528000949,-6.5565117897258975,11.896772171766711,-19.25461828945903,17.4885922762637
2740,2.2740161212299874,11.650366213942409,32.29246299056676,73836.9290044009,7.041940783192259e-05,-11.226642460552052,-4.930957747661148,-5.8421839341218655,3.364218123838088
800,2.520393580986037,12.81013417183946,35.236606723770905,75148.00379510576,7.152770414995035e-05,-2.535739452637721,0.2051210839694291,11.242691422966235,7.369990900000134
2810,2.5025267878477577,14.5852107319711,45.00050169596752,70775.11060568807,5.561108639977692e-05,-11.270597824948728,-6.144488694128877,-4.80080689949952,0.2535282847477099
810,5.573573634985053,23.32211050252186,51.07947492083803,75191.61517687804,0.0001091157190559,-20.65750270443096,-9.419990210806024,-24.33794407849426,6.2534126989794965
2860,5.641065825930405,24.607064204149783,56.98484350337451,174871.86145583267,9.899238953944576e-05,-17.045119392967344,-3.294412214341334,-29.20715671623749,3.140219001446836
2010,4.101961672846407,21.100161137268344,58.70897924586325,97551.57803813368,6.986940882872598e-05,18.64861487544464,-0.4851477858045352,-1.693855165327943,11.43040396605972
4190,4.910790510859015,26.069468502645933,74.65463514606004,104318.54496800934,6.578011534382517e-05,27.48116516661391,5.044619367612775,4.552825603977598,4.54599025914104
1380,5.950449332459639,29.226118701614556,77.68272970447264,103084.4916333512,7.6599385154163e-05,-24.16838296026596,2.6577734280906653,-29.22798670732104,8.64800327801692
3700,7.239839615846162,35.14838447078888,92.29373322616227,120749.55901685056,7.84434583234943e-05,-30.437434225844505,-14.165406924322845,-23.73980850680841,1.480442667166037
1930,9.066311657977016,39.89037668723696,93.40351561245916,91066.45058514849,9.70660643609399e-05,1.0582014913352438,17.34496522457398,-3.6754816698863806,34.42253616956893
1870,11.092127996062867,46.4236925291864,101.70546632962149,176608.13127236415,0.0001090612766094,-44.18023491424383,0.4795052899391869,-50.44986417756312,5.803067147817975
2440,9.486725702849322,42.876585949630666,103.80334148200274,87724.9351686281,9.139133256605344e-05,-50.95714523106793,-12.087271099794108,-26.382671521980043,13.133040923887554
1650,11.427837608246824,51.02345119362006,121.69280454392428,79376.24523461939,9.390725812487965e-05,-52.59065196580654,-20.676952976373627,-33.364814766610905,4.038768435835688
3750,15.3801555723777,71.16380206748092,177.15326985959337,153350.6852633545,8.681835556615789e-05,-63.271762456699946,-36.49448656982801,-43.01128657903276,0.7781780169067429
3080,14.805887701546164,73.35107688566616,196.70375380630296,138948.4413048902,7.526998044036179e-05,-56.04994685062616,1.142201480379062,-69.39274628352788,5.595772849923086
1570,33.37575375550546,121.9631015443304,216.2542303260987,214956.43516383995,0.0001543357265436,-123.06988282092378,-21.60690861886929,-155.41415871682176,8.1117196819234
