id,log vol score,no vol score,score,mean volume,volatility,long mom,short unweighted mom,long unweighted mom
0,57.51792803640669,5.506879582580476,46.56870347392287,146273.099563591,0.0001182528000949,11.896772171766711,-19.25461828945903,17.4885922762637
10,-532.6146931594719,-92.97529531375956,-314.5707631116931,208390.256,0.0002955624177977,22.587886031403677,-220.43122055174217,-196.6457327661988
20,-339.93482134203174,-29.114845958157535,-298.49340598844486,96346.3523049136,9.753932708076176e-05,-21.816096839713182,-48.886876018731314,-23.94031413447247
30,-199.03057807199562,-16.632046338638208,-178.2279897247819,72304.2471357747,9.331893584347368e-05,-12.86246151486428,-26.22815978613797,-14.575102538686323
40,-320.81629372426676,-22.727725121034347,-335.2550126827962,54519.412504312495,6.779234988661703e-05,-20.907106335183947,-26.96896689042089,-22.12772092334861
50,-87.27123075625059,-6.418992168737874,-87.67454849335542,45439.27078007751,7.321386056780605e-05,-4.898650978042674,-8.62259525045945,-7.256071468406699
60,-206.53122964262744,-14.590581010378104,-216.48901260317447,48721.76770297194,6.739640425596433e-05,-13.30167249073461,-19.77854388027385,-11.98043517976934
70,-231.38233299723103,-19.303202371016233,-207.47998241441508,86035.51133239207,9.303645656023106e-05,-14.199501598461916,-26.46249324513855,-22.351313042002555
80,-896.8367745452797,-93.03008284067295,-689.1925736585221,137849.35390861263,0.0001349841632025,-77.44478921647537,-138.59504400792756,-78.63570892190701
90,-163.0766892599203,-10.521577195778871,-191.34777669575547,40548.70629924542,5.498667074929366e-05,-8.052753365786588,-17.808825377072083,-8.171976674470224
100,-84.86470687223768,-5.4769701362577825,-99.5364859960616,41895.54324625021,5.502474877879948e-05,-5.730265872110628,-5.741041236071318,-4.706307564738556
110,-275.97212963720267,-23.834542425417112,-240.7604931946339,106840.1914643384,9.899689982005875e-05,-21.774178576461857,-35.7322602085066,-16.057552340238143
120,-412.4745640000243,-32.73206599619641,-385.8256020856533,89867.95995256721,8.48364282184931e-05,-28.799970607007715,-46.66378740156669,-26.6645353692035
130,-192.30752410338664,-13.60276997555344,-201.30191811053731,42534.18403074295,6.75739709945734e-05,-11.93437355745337,-18.044127043495124,-12.4982057438119
140,-147.18146755338168,-9.290186866090592,-178.3769014765834,24739.19239420193,5.208178182930355e-05,-6.445982133259306,-17.26568812473799,-7.003095073105764
150,-179.91108798452007,-11.96147398522754,-202.7032131292955,39478.264482903855,5.900978973430401e-05,-11.18577772492374,-14.746344872107576,-10.727995618955102
160,-427.85112767878303,-31.398537938551677,-430.8097033372385,72977.03660706895,7.288261544557842e-05,-21.826413046468478,-52.2747421346316,-29.66658352663817
170,-298.40318114509535,-21.393943741459292,-307.8374448194407,48758.73120006589,6.949753547365792e-05,-19.98540697075176,-25.22584156112073,-20.37911946321292
180,-55.848888430512474,-3.6342984319684635,-64.75085881838375,39659.05526130674,5.612741665963249e-05,-3.0942657889029235,-5.274534540657619,-3.074127609410386
190,-129.7051349128709,-10.641251538134311,-117.91820191291946,86448.59257563695,9.024265436130624e-05,-9.930727492603948,-9.816152328898106,-12.88739883843125
200,-189.45892651185193,-17.197530496503433,-159.24183627906837,82728.30559209216,0.0001079963086231,-13.497917521004608,-25.439986970730203,-16.35429997330255
210,-169.9473753243083,-24.067326391454216,-110.23257590245429,206126.7825672401,0.0002183322506475,-16.10910711214834,-40.72518948668426,-23.325901854839227
220,-152.2630741812466,-10.11434605464025,-171.7484312085114,32995.042286283955,5.8890471275169416e-05,-7.524396056524461,-17.36631196124384,-8.04228014426824
230,-213.79580536770746,-14.76572458839736,-229.91825469993404,40301.85603587222,6.422162784624511e-05,-12.717293573665948,-18.76685131815485,-14.861459888102692
240,-360.8663506101416,-97.85805555091903,-180.83552024301645,397853.1089788227,0.0005411439932786,-54.68357909000174,-195.666980109805,-86.39808391387359
250,-145.99034539478433,-9.869593958412537,-161.0633935520454,48588.6640420476,6.127769781047928e-05,-6.643695846009365,-17.451708818648505,-8.739275322982907
260,-123.70403415361295,-11.76963851361664,-100.58508508694982,109480.91731672452,0.000117011766739,-12.400313000008666,-14.026242482764786,-8.251685571703247
270,-275.61427887540844,-26.899093452540157,-220.28530401138983,137267.1474521895,0.0001221102495841,-8.536820223895464,-75.7578597668533,-14.764873595527694
280,-311.5308629073718,-26.478247830478587,-275.2080111081289,75148.54550900595,9.621176260045464e-05,-27.10974305824393,-25.489972227974537,-26.20353297745194
290,-308.3480993921169,-26.28169124500325,-271.7909056183532,70504.6074538561,9.669819961491946e-05,-11.718055954655505,-60.463525058357575,-21.22712801234442
300,-178.50228268740133,-15.102607266443387,-158.26153006959936,68866.51441602866,9.542816412682e-05,-11.75443013895509,-23.625743897088512,-13.27582489077485
310,-121.85562805477178,-12.474118230088298,-94.42399861055956,141649.35984714178,0.0001321074982382,-6.633786217871042,-30.77306109380081,-5.855839390831955
320,-327.8097671027198,-25.128429067410593,-316.3880880761628,62842.116756447926,7.942280387421391e-05,-24.36519855746369,-27.39446973505516,-24.388849419659834
330,-156.2705139933605,-11.416600317173474,-158.075031695593,66782.76565549773,7.222266663313761e-05,-7.671435545438517,-18.01449702538374,-12.30903315243312
340,-206.3944167821044,-13.762289261223343,-231.67244052665316,36397.74034334764,5.940408462024224e-05,-10.236839132627791,-23.093333922177425,-11.48214485746036
350,-296.0441614363392,-20.85718102073928,-311.25681646271426,68054.44763390326,6.700955583164805e-05,-13.711079597981731,-38.266845740758605,-17.73971914623505
360,-737.108401243163,-67.56315870773876,-615.215679972274,166109.20180697984,0.0001098202807685,-62.36878460346173,-80.10810417655343,-65.40696144759828
370,-435.7565852136449,-55.05959658263867,-299.25276963374904,184550.8759436235,0.0001839902656541,-25.98873331686978,-106.82750444584885,-61.4334152510135
380,-130.75149181210617,-9.207644755918986,-137.53958590514546,49806.749368713005,6.694541571667275e-05,-7.173308373023743,-15.230280842997164,-7.253681434631295
390,-388.1218882364339,-35.56753297578031,-323.9893757681986,147148.01959723723,0.0001097799361212,-12.514649443227745,-96.7787994188048,-20.46203359793747
400,-495.67015047525405,-43.747249819450104,-425.3370487858823,115555.466157338,0.0001028531371634,-32.21312019599078,-75.2762603783301,-35.28649850753028
410,-421.94718540123216,-31.797523076509336,-413.8802805604456,79014.56739338305,7.682782816676241e-05,-30.57214854150672,-35.54868407875614,-30.49711114426775
420,-245.55410247161097,-15.184251229852778,-307.5752053771552,50785.80896528898,4.936760494472735e-05,-13.802520079280573,-21.133752689205775,-11.998212071644168
430,-382.38139049570475,-25.071028269231523,-438.8065410802607,50656.08407950211,5.7134581921935984e-05,-21.060462464551225,-36.92214856836528,-21.24103957945835
440,-165.08418940079355,-14.168600683124097,-144.72352126777756,109001.89893803449,9.790116049559328e-05,-12.104543119028556,-17.963145079154046,-14.502171415285233
450,-284.7913576943165,-20.52566010308242,-292.1640253478929,70013.49811952311,7.025389275302319e-05,-15.811030883200363,-30.00939791174025,-20.4711807341887
460,-252.37982655472857,-18.913101150421458,-248.8970466920433,71805.25020864946,7.598764791220028e-05,-18.491997949206745,-23.44872650315725,-15.219682200115102
470,-88.06191852174535,-5.9982805354288775,-96.26902545512016,36703.983565054994,6.230748163359385e-05,-4.012862863751432,-11.40454763135101,-4.562848782861638
480,-555.9256163328222,-55.09356690574806,-439.8577693761983,122812.84666831806,0.0001252531403137,-44.782066258518526,-88.60312189453295,-42.207013211441165
490,-50.73958187257233,-3.673037823305349,-51.813946802870426,38989.12634984913,7.088897970424186e-05,-3.0223110295424105,-5.128421678792463,-3.519107555344111
500,-191.79370883704414,-13.445359021358811,-202.77106663754205,56155.498458847054,6.630807463962647e-05,-8.501471418937005,-29.86058738581189,-6.917905861749348
510,-362.9429692285552,-27.923904295507924,-349.10379538339095,85586.65794818653,7.998739820299427e-05,-17.46125039858976,-61.75571019018179,-15.017406194670375
520,-112.39878287278773,-7.07242785338391,-136.88581251065648,50637.60087392313,5.166662434672202e-05,-3.8047067570209663,-14.541090277836052,-6.1392076216576585
530,-618.0515397181063,-51.07843711152984,-558.4895455196748,119721.1561327349,9.145817951525184e-05,-48.92437609346846,-61.44491305540112,-45.0200832037813
540,-1128.6000677259888,-95.98779367018838,-996.4889754236052,117429.66413183884,9.632599661163756e-05,-51.33947897490677,-222.18234349067225,-59.08987324026773
550,-386.1228691711914,-32.82498160366512,-341.0465731306359,127099.03159385776,9.624779777831604e-05,-29.53537478951823,-62.49594566209876,-9.733231173525288
560,-141.94505041939308,-8.91477762284504,-173.37779523577055,34749.32488738739,5.14182200247854e-05,-5.740143155906581,-17.859188950990422,-6.31963522857658
570,-445.80039550237683,-35.03730408504744,-420.57350399611096,85693.74570133915,8.3308396159382e-05,-27.009051068386835,-54.2513539387218,-31.87976026469429
580,-506.96885985314725,-46.824721940561346,-420.83701635371045,109975.11754016508,0.0001112656922299,-43.075525656871015,-55.525311303902114,-45.62252514466816
590,-345.3044712508017,-24.4986467044406,-360.2645654064225,59153.81197298563,6.800182159686765e-05,-19.83745552626968,-37.69833145519608,-20.62134431002696
600,-218.37684753148093,-15.458144264729054,-228.4059792114556,55000.49873027767,6.767836953347917e-05,-11.642995008471136,-27.90853841016206,-10.638048631811886
610,-92.27819470542461,-6.304634093436661,-100.51016628986594,40752.58832469507,6.272633233193978e-05,-4.280353351132452,-10.1887363046887,-6.46909336679304
620,-257.6020777692197,-18.39333106954937,-266.91212501868324,60153.17307463397,6.891156056796549e-05,-16.33848398892746,-27.172715440923604,-13.72364085941895
630,-94.15056237782683,-5.834576910199505,-117.50568619500297,28529.05019195797,4.965357081117684e-05,-4.168536522374448,-9.627381467701865,-5.373853128347252
640,-223.9624597065443,-14.439558594945606,-263.0556984428262,43933.85265403232,5.48916396049256e-05,-13.266104395220635,-20.03814787630469,-11.187877713036452
650,-100.81765534858197,-6.1955663470056885,-127.62426292654284,36481.70447119162,4.85453643761429e-05,-5.288341192088525,-8.929283404106867,-5.276299599738837
660,-178.45935553032513,-11.862376854655924,-201.12396216903244,46773.84160984287,5.8980425438746665e-05,-10.51144387939874,-13.920137987013042,-12.506481672813162
670,-450.08782805428916,-39.10250922735793,-390.8770295385592,111581.505487959,0.0001000378796204,-32.85517558024636,-52.48051189714708,-38.21917385180434
680,-158.8101559788764,-11.185635091443505,-167.0206101699082,52577.04273326264,6.697158560290543e-05,-5.499578888493744,-22.30226252847228,-11.441120060314246
690,-113.26434161468394,-6.822969403259814,-148.66020697307067,31150.03679906542,4.589640726449259e-05,-4.03516936370911,-14.27229126170998,-4.949247623911055
700,48.139743170855965,3.512246775511256,48.76214973878801,53275.12434369531,7.202813646087936e-05,3.5667746448334405,2.430594496858224,4.484843315519922
710,-184.12084013969144,-12.54530780960979,-201.20232058814844,44085.76865640941,6.235170535278982e-05,-8.406147674712756,-22.51204966648,-10.85688622253364
720,-76.26174149194753,-4.500065731576836,-104.38197535965254,23902.02358725417,4.3111521084666845e-05,-3.417617219501755,-7.489880135972487,-3.6751483513313463
730,-417.93251747255454,-29.597750656687207,-436.90392973358286,73606.27002879715,6.774429947273637e-05,-27.207326396007232,-33.303629918381105,-30.672719916353262
740,-145.56489393966714,-10.014777915302137,-157.24754629553593,53796.54658089111,6.368797575054082e-05,-8.619100104530297,-13.624953672004567,-9.19595778014338
750,-754.3777469813747,-64.85919472699764,-660.4336247878892,115311.67001873828,9.820698446089628e-05,-30.39748357188246,-147.84842751148437,-50.79338425274126
760,-41.07333221271358,-3.2595811052612524,-38.41769547831217,72499.53643273163,8.4845825984054e-05,-1.7369683447910795,-2.3560625225725462,-7.208325208890304
770,-159.54000766758247,-9.779940633451433,-202.83167521033087,39416.27809756502,4.821702834781551e-05,-3.4591031163738437,-22.692778702113163,-9.508777598944876
780,-32.77019190816062,-1.9464647597361027,-44.23244983266784,35556.142505219206,4.400535731345685e-05,-1.7249624657677405,-2.862281175324801,-1.4736529320841307
790,-152.627983098684,-10.229102091806295,-170.21727803200483,43747.53239099975,6.009438178116668e-05,-4.939106752718608,-18.4586734441481,-12.579521417639857
800,65.4075222818066,4.755731122726307,66.487959864564,75148.00379510576,7.152770414995035e-05,0.2051210839694291,11.242691422966235,7.369990900000134
810,-101.08887199040441,-9.231127950274624,-84.59943287864434,75191.61517687804,0.0001091157190559,-9.419990210806024,-24.33794407849426,6.2534126989794965
820,-63.56926926859076,-3.8389663010598176,-83.04013450253258,34142.2812525769,4.6230251480899706e-05,-3.9570818181081022,-3.5017411783042034,-3.939960389718864
830,-225.715775060062,-14.399827996960708,-269.2022101037858,39968.56128095975,5.349074954254324e-05,-13.063496114459053,-17.619698189201454,-13.852621569723263
840,-25.26210733736049,-1.50633500754556,-33.828075610270176,35592.72129583541,4.4529136830007496e-05,-1.7955838677943985,-1.237289371601931,-1.1968829229915128
850,-151.79845938429284,-10.997510761975256,-154.8830426851183,51331.74491241148,7.1005260300403e-05,-6.727241701961338,-16.939834738131996,-13.595724905846348
860,-70.1757042188703,-4.462304379172302,-84.10432944458397,49121.75379801556,5.305677375517866e-05,-2.443740760891985,-11.329211330911765,-1.6325246639934754
870,-67.06228157334426,-3.830972537740723,-99.45838799234312,21288.20692116318,3.8518345361033337e-05,-2.2381208261329,-7.078491189368047,-3.769157309329048
880,-113.50332763405257,-7.1971901955387985,-136.60640291685516,39017.63950684932,5.268559922421304e-05,-5.983867691781223,-9.886395592834962,-6.934629805757786
890,-41.78913115148109,-2.3487324148596693,-65.2669661610998,18096.32369491108,3.598654193703817e-05,-2.072406665614214,-3.163453094471393,-2.086663233738856
900,-170.26611701046662,-9.821897616577676,-245.8876929097692,36203.64527224214,3.994464912150733e-05,-9.768866969160278,-11.53002925619906,-8.219827271791095
910,-99.0236165175973,-5.999453444809981,-128.57462269064513,35152.69890169322,4.666125646928685e-05,-3.956522439281388,-10.762903031572636,-5.321865869104511
920,-57.72566590800681,-3.2590383342045652,-88.77395746548865,17451.9435504044,3.671164863266948e-05,-2.268394247943749,-5.841497288450831,-2.657867552479932
930,-78.4631336763044,-5.099719907464783,-91.1218884833516,60156.208941493926,5.5965915460548497e-05,-1.5874731560432758,-14.567573512341513,-2.6563598054310646
940,-125.57535527208755,-7.484408704596031,-168.31224716789325,32783.745881081915,4.4467404069118354e-05,-7.405406493242976,-9.471742816749078,-5.655079015149088
950,-109.07286094987228,-7.434260571594413,-119.14475571953056,54035.73735098823,6.239687619230871e-05,-5.435422431121992,-11.318826906876078,-7.547370517257588
960,-49.84081137863909,-3.6238693046172252,-50.66437135751037,77175.38818461538,7.152697660147778e-05,-2.52827954856046,-7.257711243453863,-2.1812068778941147
970,-119.04983836816976,-7.53315315233991,-143.736285677651,49363.95581961078,5.240954374759671e-05,-5.557873491152496,-12.535128052889222,-6.481737574165416
980,-58.06357799938893,-3.6341160797676073,-71.3081776796175,49927.22308010764,5.096352477405086e-05,-2.69728064619728,-6.2688675786056045,-2.8730354480702665
990,-197.53420304021336,-13.229741680009694,-220.4870524038949,63785.84893013664,6.000235177426677e-05,-10.31217316694034,-20.39748603963218,-11.897134346525917
1000,-151.1957794906774,-9.428452443365499,-186.7803402392217,36181.929699684086,5.047882679349373e-05,-7.600191223775856,-14.665309209992326,-7.848118115917957
1010,-1095.3865471137754,-161.60299906645292,-696.8761162938117,381505.8661038639,0.0002318963088101,-75.0541268403054,-378.0267058090412,-118.27703677619851
1020,-154.0768820872608,-12.255671186268614,-143.82485080039993,106769.4048513067,8.521247279635305e-05,-7.653018044627736,-18.616035603669594,-15.100613052149392
1030,-136.1683602981411,-10.279824413010743,-133.3364409573124,71507.78396927853,7.70968861865889e-05,-8.479350145379753,-13.261865465712674,-10.89873189557079
1040,-150.49785512889085,-10.788033001804635,-155.28470949388108,62370.50967351874,6.947260317494256e-05,-9.48665517809552,-14.575633027070928,-9.603188623956571
1050,-96.67667480771836,-7.11053184776277,-97.12692706385091,65144.89405168773,7.320865657664976e-05,-6.37314464442546,-8.768495866125154,-6.927342236075015
1060,-290.80043309781786,-23.55144362461089,-267.26589721803794,91896.69474915307,8.811989808560353e-05,-17.082701775960295,-41.0947452779888,-18.945625668534174
1070,-205.40310857589984,-14.38504795481564,-217.40304775957952,59574.58946221203,6.616764623614521e-05,-14.233520265750286,-16.390149264158044,-12.683002023603953
1080,-219.45655595379998,-15.552333243083426,-229.2483109229672,61303.43780518083,6.784055760528318e-05,-11.457239119881436,-25.42835216944193,-13.866502563128904
1090,-531.9647223126632,-53.61528930927925,-416.3217728342973,217669.9137272636,0.0001287832940955,-44.1615921357218,-69.47279721298983,-56.66517575269928
1100,-649.6808310488418,-73.64457244955604,-473.4715778656096,179708.88274509803,0.0001555416964658,-68.37098994273819,-82.5376031273826,-75.29870678551961
1110,-212.24600592227813,-47.02555402386971,-114.165668409597,466942.20239912334,0.0004119062646325,-33.33633599445682,-84.55943078341618,-36.87011332317833
1120,-602.7806785889741,-67.41916514209726,-442.6985734021501,176268.38437868023,0.0001522913539657,-66.76058186778886,-76.76440164371108,-59.39109518912098
1130,-124.54228971409277,-9.93331611689778,-115.9804392672523,91595.08319624444,8.564647779966209e-05,-10.115766120826446,-10.557063935213694,-8.944668290724533
1140,-205.01863802928614,-17.06849048587489,-184.1491907267496,118620.60130389148,9.268838173284196e-05,-13.97313940807951,-24.96500713253337,-15.362675994807152
1150,-749.1604060946404,-86.1627608495118,-541.4745394818605,163956.25593102648,0.0001591261538021,-104.64525452487578,-72.67143696982521,-62.68909737847486
1160,-218.76267839586563,-20.159041555192974,-181.89237311610344,158375.13722430295,0.0001108295043373,-14.917375479779531,-35.581286431500615,-15.220128829782906
1170,-340.8003059653717,-29.846565290899065,-294.15828039620266,137523.3851903192,0.0001014643043558,-24.891789651828443,-44.12413452950828,-25.47854733048262
1180,-600.2931778102565,-54.91842090659886,-501.7070969172154,129660.76267906975,0.0001094631135259,-47.14114516105087,-81.47473400450464,-43.9166592998446
1190,-654.5936068315535,-46.05050135672671,-689.3516312154715,71688.27400400066,6.680262912489236e-05,-25.891884859101378,-97.98843388646507,-34.429801822239
1200,-474.60454550581073,-35.42062395677954,-469.9364320846614,84755.28623932326,7.537322399042756e-05,-31.8831978321052,-47.7389080242669,-30.17719213864086
1210,-378.4954637406415,-29.208996835578162,-363.04359660613096,102577.60123312782,8.045589320025179e-05,-21.90040237231102,-50.65376862851592,-22.38141396917469
1220,-575.9136730688632,-43.67489655754616,-561.504265692824,111201.52818546344,7.778194971262944e-05,-38.78188653875476,-52.16698085996168,-44.96883229271346
1230,-731.9919882264498,-78.47613233967073,-551.2423274700717,212633.8845899252,0.0001423623122336,-67.50991895057466,-100.6225981648673,-78.26209329280228
1240,-240.32958378406232,-19.68394725927104,-218.7965936857817,75906.83758301221,8.996459646688816e-05,-13.427274171363663,-42.10677795924755,-9.774462735109262
1250,-545.0847683217827,-44.237698997256985,-500.0845899987179,104599.34484007242,8.846043225881125e-05,-33.41299788944102,-72.54009961549562,-37.58470059465028
1260,-480.12962555366926,-35.48071015798313,-480.08006547382814,77333.27008575473,7.390581844502224e-05,-23.10419920659869,-68.6729084319089,-27.04153378682626
1270,-669.3415007767529,-63.17080485184828,-547.2853456660819,138734.75410861627,0.0001154257196033,-55.61787766060588,-79.33330068202615,-62.11416340428395
1280,-216.66153098457482,-15.640326060108247,-221.89752640331196,64846.05327663832,7.048445430473626e-05,-13.098079011406378,-23.344525068210785,-13.02062114940944
1290,-240.22675086389313,-18.234541866278807,-234.0118477741372,57458.7504120603,7.79214473101309e-05,-14.771182557371212,-26.481421150663675,-16.91438119970911
1300,-186.4274452060378,-13.01566648423305,-198.01089877991143,61449.74505734984,6.57320711356395e-05,-12.27946793857532,-17.60675312566388,-9.89697693411768
1310,-354.26244713135713,-26.3764085330752,-351.5995621455582,66108.05036073497,7.501832019391329e-05,-23.580819298542085,-33.68700090130907,-24.656994633907555
1320,-356.3737657364698,-25.521166007194445,-368.085881335945,81845.33324148573,6.933481369773529e-05,-25.271184144021586,-28.21254335931033,-23.329752381424267
1330,-257.22696378798565,-17.676637308561915,-278.249012422067,53860.76915066439,6.352812236310399e-05,-11.307659663118256,-33.31436468355372,-14.77686522445741
1340,-929.5559956954381,-81.48452046647031,-801.7689431956866,167144.15373950975,0.0001016309264134,-68.0747997962966,-113.3498543305307,-76.43862794287331
1350,-234.8253869247765,-17.18966198967776,-237.05570183137667,105770.84323351333,7.251317667906243e-05,-14.300144183707728,-23.635473143355416,-16.52288644794017
1360,-230.0647479135655,-13.91967485202541,-299.48127471661525,58651.832129897055,4.647928277050687e-05,-12.482032401080753,-16.56306059457971,-14.151574011360426
1370,-966.0018030838409,-81.40629156310703,-859.1907275610719,116549.25311107148,9.47476374590188e-05,-85.28279732117954,-83.98175404137623,-71.0778175686928
1380,-50.71589870122993,-3.816109143280697,-49.81905710601256,103084.4916333512,7.6599385154163e-05,2.6577734280906653,-29.22798670732104,8.64800327801692
1390,-282.59839499631477,-18.65050809969765,-321.4802008336138,69083.42643673961,5.8014484410971415e-05,-16.31026384781455,-24.386988000872964,-17.594516702288537
1400,-236.7791169334767,-13.679456019444121,-340.6071423730395,30845.406076201543,4.016197641698928e-05,-13.550044942867215,-18.718282333337463,-8.899451858704582
1410,-200.70107421022038,-12.753322493850092,-240.7845293778313,51879.42729902873,5.2965705590818885e-05,-10.695523598269263,-18.45673409663259,-11.16550868222926
1420,-172.5933567102682,-10.036795222563498,-244.25938894518333,41889.12723612746,4.109072435621279e-05,-9.365278048985404,-12.382575128117823,-9.034049664165364
1430,-228.0436789836062,-15.502240856975797,-249.89561763685623,75672.32198431471,6.203486481104832e-05,-14.578670511647612,-19.93309470883104,-12.918527695776929
1440,-124.62906940559218,-8.59942225180828,-134.17327339792894,61635.29886790893,6.409191662414206e-05,-8.12961597750374,-9.664816505372409,-8.473640546853225
1450,-400.59398897380015,-30.272350447095096,-391.8888010696704,114296.5149788403,7.724729659144621e-05,-24.35040070630248,-41.79403497819773,-30.594565397577693
1460,-233.67435492099875,-17.325610695396083,-232.87753211072103,94443.72795605668,7.439794873452483e-05,-18.80673782866231,-14.21319896497108,-17.47576815928864
1470,-245.21275227951978,-18.778947520393448,-236.88028221351084,97764.4657963345,7.927611088991839e-05,-20.1754669138178,-16.377959825656298,-18.386896428281894
1480,-514.8058574710772,-42.36877150141781,-466.7999101825584,106663.45925032244,9.07643094550897e-05,-23.006331761424104,-94.88459090119434,-28.57783158162871
1490,-155.2484002175407,-11.77233682811758,-151.37698646972254,74210.63482252142,7.77683391819417e-05,-7.401019638537764,-24.096346570620717,-8.190961464774084
1500,-945.9638027365678,-236.4817373856046,-487.3521988169568,463323.6255578513,0.0004852378586978,-189.1597026338172,-399.0111336907858,-168.5964105841579
1510,-537.4305262312186,-49.048740013081186,-449.9491335279962,106164.8321386776,0.0001090095220953,-42.268590419339965,-68.66690871503664,-42.990870498646586
1520,-989.6557413992349,-101.23643954915154,-767.2167421478018,210950.6486417222,0.0001319528550247,-91.17251281720144,-126.39644177200633,-96.2042907903572
1530,-381.6003418267866,-35.981878770561764,-312.2102381178008,133137.6024493641,0.000115248875205,-26.723965563783917,-59.52301722245525,-30.956566732346424
1540,-612.0741470998886,-57.85672862865606,-499.9187989894923,177822.63760827045,0.000115732252409,-43.80512918622922,-98.48625645681544,-45.330399685445954
1550,-318.9386984188023,-30.76596125261363,-256.9150984745061,169884.61616014634,0.0001197514721217,-28.14939660743384,-38.92816012853849,-27.836891667070923
1560,-118.2485049769206,-9.286434850153885,-111.63441644582797,76108.14553212644,8.318612795060604e-05,-8.687765430354878,-12.341092108501648,-7.429116431404128
1570,-422.2583084879498,-47.62906406815177,-308.60686073678806,214956.43516383995,0.0001543357265436,-21.60690861886929,-155.41415871682176,8.1117196819234
1580,-260.91405517040874,-21.819637402049644,-233.50216008151185,83782.30232794344,9.344512014121308e-05,-15.169612907082454,-42.56407548286356,-14.375248311170113
1590,-197.31482264008807,-15.18051846393924,-189.79551979963904,69165.56039144471,7.998354481688935e-05,-12.372516760353262,-23.521242690323334,-12.455797644727102
1600,-328.6120062363179,-23.47543855764677,-340.30379841904573,60059.96294220229,6.898376881688347e-05,-20.08076510073389,-32.40456484773899,-21.335659181380294
1610,-1752.5123530914032,-192.47938042300328,-1300.8692528901947,234070.74098322997,0.0001479621260902,-187.5193361817697,-213.47048418960088,-181.4083651393318
1620,-241.1190054439,-17.427603233121328,-246.62311421355813,65755.55314533622,7.0664922420979e-05,-14.991751614586232,-26.038605757505614,-13.68830394580723
1630,-487.03416156916836,-40.94190428269073,-434.04091983781024,105911.90861695848,9.432729130237225e-05,-35.92276073891201,-53.56127195331428,-38.36082369962458
1640,-480.90388978929917,-35.39934748226695,-482.74369575823897,72409.3216234226,7.332948683393093e-05,-19.47210509616435,-76.60158814505623,-26.05159159168285
1650,-210.7178517230546,-17.66998807088062,-188.16424229299443,79376.24523461939,9.390725812487965e-05,-20.676952976373627,-33.364814766610905,4.038768435835688
1660,-287.0073902490259,-23.54636584657989,-260.9280095857423,81690.69993755204,9.024085181181912e-05,-18.829459484810684,-38.33856048480346,-18.18798393189472
1670,-852.8796873097785,-79.58053091482323,-702.9100596394538,153561.10637249536,0.0001132158087987,-62.98363599713008,-99.83159925564206,-92.52325240956928
1680,-314.18764145457067,-23.032092694586996,-316.70976149378805,79079.0063801839,7.272302749986046e-05,-18.995020813082423,-32.67884492826408,-21.459484223919077
1690,-557.1736991522424,-40.18353689867786,-571.200087420104,70704.48060901443,7.034931853769804e-05,-38.78125849888561,-56.54208641358144,-26.629544183358774
1700,-638.0594342748651,-45.717608367821725,-658.6605598379897,48300.585340946986,6.940996797966294e-05,-35.87534377004127,-86.12186554374054,-24.997880387463827
1710,-391.487911202643,-27.254171407241063,-417.1660737992724,64232.345166666666,6.533170628912394e-05,-21.027729718978428,-41.1649537949617,-25.7962723960457
1720,-111.8429051890802,-7.100578019453884,-134.36016502569106,50091.93944593756,5.284734517925146e-05,-6.027654344898938,-9.597050812894828,-6.749952575122837
1730,-1433.2751960067026,-157.9048174615084,-1061.9666125613442,240559.71417390063,0.0001486909433816,-126.1987589525001,-204.66843744907217,-174.55331449228626
1740,-333.29673160772546,-21.924634808580873,-380.80064913631566,43767.15354624637,5.757509830486788e-05,-19.66889349628416,-32.09758157009028,-16.26317067166492
1750,-278.4522544677503,-20.544639157604912,-278.8642692810011,68415.16828122402,7.367254044620126e-05,-10.42770382403045,-45.8846424302659,-15.43850655209284
1760,-77.8223205363999,-5.0024844779928905,-91.79773239994762,40966.06532684226,5.449464106801559e-05,-3.753712776243167,-8.03673754286487,-4.465774816620357
1770,-259.9403766923317,-16.88007946890771,-302.2439908704274,50521.70393972103,5.584918138585668e-05,-10.653598357318527,-32.354154286505484,-13.858966874488289
1780,-238.656771064019,-15.111029778898954,-287.8704406278964,53279.43329658214,5.249246760431228e-05,-12.625002709264516,-22.032404274283262,-13.16170942278352
1790,-358.92713428422445,-26.39462477040225,-360.6584354202341,62062.92280606717,7.318454853176414e-05,-19.555609617809043,-47.15683938113765,-19.310440464853283
1800,-394.4267026170206,-30.5194168480064,-377.4013660833408,72360.15165054883,8.086726649862433e-05,-21.06194529474377,-53.3229199118194,-26.630856890718675
1810,-384.2833966613937,-32.95885258446936,-337.0701464800333,102474.14864583767,9.778039653957224e-05,-16.13026691255652,-75.26049256042667,-24.314383952337717
1820,-98.13910150179798,-7.614699403597346,-93.66568448938546,100815.1131380788,8.129657563608871e-05,-7.07772686356291,-10.252920477042474,-6.050423410221091
1830,-636.553107344522,-47.5597280353038,-629.6095715614357,102168.78526067612,7.553844506740164e-05,-43.25869044718715,-59.19829201041962,-44.52323923642125
1840,-301.2086669267658,-24.7973858527736,-273.0498481361988,92118.30462018732,9.081633270275442e-05,-22.65275362367644,-34.39309646090616,-19.490939702835348
1850,-389.8200839675127,-30.94738246269699,-364.4995023053164,85558.24440788102,8.490377151948613e-05,-21.27657387706216,-55.07095733181399,-26.16542476484964
1860,-389.8881866120194,-28.906702043788084,-388.575590195532,90725.86112475906,7.439145116975097e-05,-26.59226291905973,-40.09042263306233,-22.35185970397052
1870,-119.63952164610988,-10.921946612461133,-100.1450464547356,176608.13127236415,0.0001090612766094,0.4795052899391869,-50.44986417756312,5.803067147817975
1880,-268.2249091392776,-22.89290012031185,-236.172063029037,119275.24236823524,9.693314199273944e-05,-16.34322426809125,-36.90403962090011,-21.981112324164812
1890,-162.44871193138474,-11.550914958383304,-169.07953912584827,81113.37128288802,6.831645637374133e-05,-10.213305461481518,-15.34632408775452,-10.43072482281566
1900,-141.80396675079228,-9.183193447388474,-165.5160269073295,31127.066468664238,5.548220084167462e-05,-7.432541357738331,-14.214574386076896,-7.653116688000342
1910,-44.303801567341296,-2.793378003625638,-53.7861305851582,32591.36710832364,5.193491283413583e-05,-1.820885105442318,-6.878912803585697,-0.6528290000322203
1920,-222.88802541009255,-15.600140520808337,-236.0699306893466,54711.03156957727,6.608270894668561e-05,-5.724974426072015,-38.00669942875488,-12.943913802334434
1930,191.52628255500755,16.35924623720763,168.53723641638354,91066.45058514849,9.70660643609399e-05,17.34496522457398,-3.6754816698863806,34.42253616956893
1940,-148.53065337088552,-13.345571515638003,-125.77378135483544,135179.4732754515,0.0001061077386072,17.28279737705545,-44.61223928690209,-43.33564152976943
1950,-159.336079683885,-11.200712178613422,-167.93906555748995,57808.23403333608,6.66950964710419e-05,-8.724942884485571,-17.26056885582255,-10.092394089659988
1960,-85.26359522719005,-5.633130041313715,-96.85802392679206,38807.362054966914,5.815863067340077e-05,-4.441088136175267,-7.868537358966471,-5.781806533937854
1970,-264.7841384731329,-18.952757186785178,-273.63046307565963,53977.44617569327,6.9264061368579e-05,-11.923642013757956,-33.46512133142236,-18.498623388202425
1980,-228.80933091937365,-15.10817425101161,-260.11888614829087,43505.48397332255,5.808180434233679e-05,-12.663687929218812,-21.462514349867373,-13.642806795741455
1990,-114.2247565538728,-6.759061968257827,-155.40734651809186,29047.56960849096,4.34925511547227e-05,-5.965905353888096,-10.44849022221001,-4.655946943045104
2000,-176.2808123567832,-12.649938442094253,-181.67770669906395,75217.84615675308,6.96284572935961e-05,-10.838655558385485,-16.470907842758372,-12.451534808847672
2010,30.488972071374832,2.1915633072806764,31.36656433794873,97551.57803813368,6.986940882872598e-05,-0.4851477858045352,-1.693855165327943,11.43040396605972
2020,-264.31021507000844,-17.80123844942881,-292.9634565684136,74480.22368368765,6.0762658448740056e-05,-11.451475367348614,-28.219660443458547,-20.082342619559466
2030,-331.9795563773823,-23.92341778516042,-340.62210734300936,61018.28615147604,7.023448352126287e-05,-14.719403369625883,-49.58326889716341,-16.67159550422651
2040,-251.048736772334,-15.706031143283914,-308.52524939758285,45772.63426478784,5.090679344381388e-05,-15.408334786468302,-17.81544842551503,-14.192006574684006
2050,-74.50907773898797,-4.255427700893773,-110.57323513226557,30623.25962093119,3.848515145463107e-05,-1.9273586175579769,-8.926111235722418,-4.240882332736722
2060,-221.243831824927,-12.589504482445955,-331.8957926417591,39249.01316552124,3.793210026026086e-05,-9.82497052225218,-20.27464977890752,-10.433427106371935
2070,-246.38329722550773,-16.097878562691786,-284.0812478996548,86444.43021955261,5.666645961924947e-05,-11.201377784738654,-26.939253235161264,-15.049505446128576
2080,-58.47702925778828,-3.1929230288599637,-106.71770708434248,21491.53605045907,2.9919336875711665e-05,-3.1696144967451354,-3.770201411282258,-2.662261710667324
2090,-83.6449320330303,-5.140516809090181,-105.87589444082708,36083.59702893748,4.855228696049564e-05,-4.3366602138715455,-6.922985451793619,-4.965761356824014
2100,-92.6123382997605,-5.794379939886882,-113.80312347312952,45103.50088152327,5.091582518167891e-05,-4.559977481039264,-10.17346027713565,-3.884104520333354
2110,-71.53403258005719,-3.9423422045363172,-121.83478328066164,21813.07541023657,3.235810085084355e-05,-3.675034794027551,-4.662969935442746,-3.75632929464742
2120,-157.66790750157597,-9.700929136328813,-199.1756135732977,42965.26286134248,4.870540605995833e-05,-6.548442637755291,-17.682328029008342,-8.024503240796326
2130,-130.06607681041763,-7.169114468805378,-221.35026722116035,36465.14067175344,3.238809945344414e-05,-7.0800160218094295,-8.240027109460918,-6.276398722141735
2140,-72.05046537366313,-4.117140952136539,-106.76590429815631,24167.80017902917,3.8562319864204406e-05,-3.9283038113877073,-5.376835364202617,-3.23512082156813
2150,-153.45312217651278,-9.654948525596144,-186.90609232653668,37781.556508515816,5.1656681734741645e-05,-8.334685721046883,-14.692761753359802,-7.257660906931004
2160,-35.134590736497856,-2.2951003375676433,-40.52187998242161,48516.42217369808,5.663854536273385e-05,-2.8444081090122806,-2.07625322391122,-1.4153319083347895
2170,-49.29675239263996,-2.994400394048643,-63.70570983114066,23993.137958039653,4.700364224785576e-05,-2.9755679022195767,-3.477004616575902,-2.549461155179517
2180,-45.1659952880691,-2.5844167465504477,-66.66946485342211,17678.578813250817,3.876462413838906e-05,-2.0981536981592224,-3.802003803001372,-2.339355786881976
2190,-101.53859352550235,-6.947275114063189,-110.40759026898736,57613.49241199383,6.292389044211053e-05,-2.9225659280541985,-13.560539193530884,-8.383429406613473
2200,-403.00066576037426,-27.421778755849903,-441.1090401663854,53129.3572112383,6.216553336904287e-05,-20.40769489840042,-49.87777742567182,-18.993947800926968
2210,-84.41020016705036,-5.89196621500114,-89.67627070074106,62262.0331147541,6.570262310152523e-05,-5.678368946616014,-6.319350414041723,-5.891776552730807
2220,-330.33996381424896,-30.799189905547188,-272.403163324561,177882.19829201102,0.0001130647292405,-22.130654731814644,-36.4113485220782,-42.524101636492325
2230,-388.39295748128177,-35.36325602842052,-325.7251306451779,129053.36103263315,0.0001085677852316,-24.73874800323824,-63.67202506333075,-28.303503043935688
2240,-82.81042189496777,-7.8382909540311925,-67.57341528554069,143437.927699589,0.0001159966670459,17.323903262260284,-65.20344028418198,-0.7975300564877166
2250,-118.80224121434672,-7.969175206826079,-132.34542446670662,41008.30322501433,6.021496579075795e-05,-6.178105218955641,-12.994298902952934,-6.526191486440107
2260,-144.39380336121053,-8.503189584747016,-198.51177571916887,39553.34236432996,4.2834686022739176e-05,-6.483510719145424,-13.07991647868892,-7.965820422008311
2270,-106.8107708475949,-7.039416979037727,-121.7283768801506,32884.54726010516,5.782889051390609e-05,11.545269746680257,-36.75368278793641,-14.494524621575
2280,-155.91064342208608,-10.949010065279278,-164.51129210141517,69958.17709116821,6.655476305255457e-05,-9.75019254807104,-13.175102036167546,-11.120553128807494
2290,-114.35780301886659,-7.028466584827543,-144.73569025064933,34124.406923172704,4.8560701045166094e-05,-4.453460154375841,-14.405501372911615,-4.801444657646875
2300,-92.46743430966404,-7.932191531189924,-81.09459863984834,90588.9911413835,9.781405499542352e-05,-5.67953503394321,-12.017784967254755,-8.351911089618518
2310,-697.6222083302292,-57.80236617356958,-629.0650575752825,104613.04384527948,9.188614989420577e-05,-53.40930657062808,-66.03583538403824,-58.35501616898395
2320,-166.93330601151843,-14.158463762021526,-147.7161579365292,94962.87810297888,9.584912009494008e-05,-12.155506205132587,-21.099592274696786,-11.223250363124135
2330,-86.64753848626361,-6.299436323089818,-88.08808335630327,44995.6328264426,7.15129230092285e-05,-5.295166087377253,-8.411556313211987,-6.195856804392778
2340,-117.52211042913119,-9.260599731075587,-110.61522689511852,74066.16765817188,8.371903209904512e-05,-6.786461365594568,-21.438213411873296,-2.031262781239908
2350,-85.40915638881438,-6.035952760913559,-89.49204436049516,41107.85714879296,6.744680830621447e-05,-3.32389417867348,-13.540586206566976,-3.955436479740298
2360,-679.5315323490419,-68.27860181211804,-532.8596357720268,169488.62056397868,0.0001281361867712,-57.13185939443648,-92.25976209485307,-66.5909263648408
2370,-138.05331113341558,-8.618628697283107,-170.2345085210503,43716.419872556005,5.062797650229286e-05,-7.213268594509307,-12.41652199930544,-7.631455600808372
2380,-460.29864394690554,-36.128689875173684,-434.7679979415465,100292.51633060856,8.309877922530788e-05,-33.210274457580574,-44.638471371441504,-33.45573921409207
2390,-142.18878143427972,-14.933009509175022,-108.43293144501511,223783.58168306728,0.0001377165526208,-15.87205403274368,-8.158705727909302,-19.829224243322127
2400,-281.28224244561807,-23.494589570985326,-251.9769964719298,90969.6824631101,9.324100969511564e-05,-19.62441493967674,-32.44782678792565,-22.28170161666217
2410,-125.59660555841623,-8.036079330617548,-149.15131137955788,40631.44916584077,5.387870382290815e-05,-6.748525833343838,-12.872328597417455,-5.774937058365062
2420,-122.2022421897276,-7.705831474851696,-148.32992375742768,37878.58640956087,5.1950619805168095e-05,-6.49589930586374,-11.658615150016246,-6.17291213766306
2430,-65.3220541908254,-3.739880184235404,-96.26794631040131,25830.90238969055,3.8848654485437246e-05,-2.9458399496314023,-5.500661251736747,-3.5671795859420654
2440,-113.25395033675106,-9.356043199420176,-102.3734191933142,87724.9351686281,9.139133256605344e-05,-12.087271099794108,-26.382671521980043,13.133040923887554
2450,-555.130017048611,-54.41008658663043,-442.4363671038663,179286.66714848884,0.0001229783323256,-50.70108532610325,-59.038491350127046,-57.19968434431216
2460,-207.00463111205102,-19.441308501540604,-169.83165745892458,137009.65645131262,0.0001144739961467,-14.602106970479346,-28.60604232704653,-19.95497773817875
2470,-403.4357983066414,-45.00844591431283,-296.7323615218882,228006.11926587223,0.0001516802740472,-19.76686595262234,-82.54404788485465,-57.95600386718787
2480,-211.15465769994543,-17.885487336938784,-187.04272304759516,96459.86144817984,9.562247087467614e-05,-12.876584196430835,-32.59778381878783,-13.190997136105628
2490,-211.88800090718448,-14.030272331117965,-239.99522785090937,47489.11757477297,5.846063047484385e-05,-9.371579484859629,-25.58166624088502,-11.796264113867586
2500,-179.8357720113881,-17.824322101682405,-142.2778028954676,124840.3653602327,0.000125278305814,-15.115192811493454,-25.934432327157342,-15.132470456611788
2510,-1006.5265913562932,-209.80606577407204,-553.8908310018533,522091.04460882745,0.0003787859520884,-154.73764117943247,-279.5974313755054,-250.15154936197632
2520,-642.861482916014,-74.16108859607486,-463.85057020774025,173043.1979431236,0.0001598814216459,-60.59505959947224,-117.44129712908872,-58.01293805639416
2530,-517.261390703386,-50.62965462315907,-412.6265894205879,151453.32105131831,0.0001227009017869,-44.35293078767238,-63.54250765787601,-50.270249259474994
2540,-526.7852567466437,-108.00800410397191,-291.7200304697843,507247.51183970855,0.0003702454162302,-98.80442972769134,-131.99673749319328,-102.4264194673282
2550,-346.0787542520501,-36.28080370328947,-264.2116556813422,145469.0141292694,0.0001373171959796,-30.302344216172028,-49.072066615428966,-35.44645976543688
2560,-475.36706837784607,-66.44224993098138,-310.2933047412494,392872.2273180873,0.0002141272432107,-65.6589121882497,-68.23783411744205,-66.21334123007527
2570,-1328.9086762184659,-203.48763677755494,-831.0720278447609,398793.9388863646,0.0002448495797714,-163.7570598937713,-322.40026533314136,-164.03616198955703
2580,-483.64271071186994,-66.30014872773498,-318.6976382462892,374286.17289981584,0.0002080346408984,-62.00961132833154,-71.9057695819479,-69.27560267243413
2590,-633.7875662667374,-63.599043950289705,-497.40895064250304,120915.58024282104,0.0001278606745378,-35.422772765266544,-131.97087127475498,-51.57975899588215
2600,-637.412957910602,-70.72404908091934,-470.32207342311546,201599.6863753732,0.0001503736547302,-63.60434200713451,-88.7884900374425,-66.89902227214655
2610,-555.0461277997907,-48.618121737631256,-479.0197939216037,129532.88798667928,0.0001014950161863,-39.04348346780159,-84.87325636843902,-31.512263646547837
2620,-302.38321180430313,-25.550669030515156,-268.3727668670045,128160.40786844296,9.520589338774866e-05,-21.14285549238276,-37.91527842284575,-22.00168671444937
2630,-713.3839407996759,-69.36829925462662,-571.5748787628332,166180.7803940036,0.0001213634500606,-64.71360620843771,-80.04148000133206,-68.00450460033467
2640,-377.77150566912104,-34.876093691322936,-313.6898371572201,157367.321326563,0.0001111801836087,-31.19002897551677,-60.057857776722834,-17.066459037660156
2650,-289.76458567461776,-18.03532758590436,-359.0626165881998,61685.28019879245,5.022892039632364e-05,-14.453584312666775,-28.71417501539556,-14.519966702888334
2660,-609.2939614333897,-42.46070302534436,-648.4998594435123,122964.41088098015,6.547526943456941e-05,-36.14380718675997,-60.88087788818727,-36.67431983967023
2670,-281.23733400835584,-18.889729442154998,-312.787514077412,61570.41411194214,6.039157124884455e-05,-14.697574929594538,-28.890428526742745,-17.273339382688146
2680,-215.1397015940721,-14.84194332900534,-231.6648709297918,96083.85254922362,6.40664390308159e-05,-13.493553845839802,-17.903877530810263,-14.476788093531487
2690,-152.42288590581506,-10.438761818901039,-165.54787397286694,76524.07407115868,6.305584945543871e-05,-8.246064373484051,-15.847354195550226,-9.415564333085824
2700,-240.8873092947628,-22.592776705756748,-197.81672862171,169471.58997086974,0.0001142106477201,-21.581971259921268,-13.77458804196334,-33.432576261298586
2710,-94.09175201078347,-5.8482608429709675,-116.85904980078396,41872.56672307268,5.004542526180744e-05,-4.630735826274155,-8.321185204771256,-5.8103865145643
2720,-201.06635131293845,-14.544799583904092,-205.47690994302152,67499.25356752964,7.078556703980679e-05,-12.735277770117078,-24.36118702338972,-8.347455771992495
2730,-116.82465929642886,-7.807674114953406,-130.7504456648279,51111.00961049342,5.971432124191745e-05,-6.688994907200618,-9.699790579453284,-8.15291606595911
2740,-42.754574518480524,-3.0849703264015185,-43.80852411830474,73836.9290044009,7.041940783192259e-05,-4.930957747661148,-5.8421839341218655,3.364218123838088
2750,-682.4037765277795,-49.39769833534163,-696.875200324649,136709.9769031632,7.088456916292764e-05,-43.68416450800212,-80.86697298893408,-29.35549133642818
2760,-113.00630528039753,-6.686219341851653,-153.78595101768218,46724.722158812976,4.347743924334725e-05,-6.444702748517079,-8.718266512979643,-5.137205357392814
2770,-184.94203873933648,-10.828715593896785,-257.5537707475062,56511.891242761325,4.204448477872513e-05,-7.921646425374116,-18.067334285228387,-9.404235239610518
2780,-620.3400199741383,-57.178496083170465,-515.6979982380263,220750.68386733887,0.0001108759318022,-41.46916354825596,-93.36774672350217,-52.40791051271483
2790,-156.01752388396824,-10.217564570240596,-179.31884627310242,60418.83861963444,5.6979870117384405e-05,-8.240035187293518,-15.975596548500825,-8.414591357874523
2800,-140.52272220411623,-9.066210094716554,-164.8890850512086,84466.28804484758,5.498368853160241e-05,-6.528820183419708,-14.80777949364644,-8.399420518380357
2810,-64.93220947747538,-4.2090640007523925,-75.6874981814647,70775.11060568807,5.561108639977692e-05,-6.144488694128877,-4.80080689949952,0.2535282847477099
2820,-194.79304247937844,-11.629185674147875,-260.2097958051456,67430.69337198307,4.469157526589132e-05,-9.724261845014214,-18.22849072817063,-8.839728278392432
2830,-126.39754161705825,-9.765921151192009,-121.10422489332514,115489.06233072968,8.064063132227086e-05,-4.460395436657318,-19.589533382554137,-10.553360348899265
2840,-494.21006927331695,-36.36276456676457,-496.3215490690507,126459.4107135646,7.326452908395804e-05,-25.43137682706996,-70.59248719008323,-23.99581742283513
2850,-125.60432782437604,-7.4071326032676135,-172.14829324574234,42379.47503542552,4.302762730673085e-05,-5.792647831757356,-12.12539279131635,-5.917841958239394
2860,-94.52994269199668,-8.163940535868331,-82.47038559075519,174871.86145583267,9.899238953944576e-05,-3.294412214341334,-29.20715671623749,3.140219001446836
2870,-300.9078115106991,-23.10992227743988,-289.91237262760995,146002.92964290178,7.971347365406989e-05,-12.149862143661364,-51.68993923786336,-16.45002558457342
2880,-213.0378582487905,-16.953131027074594,-198.78514785038328,175114.97229799823,8.528369050908402e-05,-15.755379388167093,-18.672964766281574,-17.62880056568264
2890,-66.89709398521143,-3.6418371541303554,-127.06245918302275,30181.34701710472,2.8661787104911893e-05,-2.526050683464711,-6.961288299232983,-2.5539589503590165
2900,-83.92452161252488,-5.214310848893692,-104.2974609167874,49779.78202186248,4.999460967754404e-05,-4.683963889719951,-6.970266843871059,-4.519048772263801
2910,-97.09594162846867,-5.558690153676823,-143.11893384095237,36795.13191191192,3.883965597350088e-05,-4.076384389349957,-9.387876652434748,-4.694115183572629
2920,-124.30919136429208,-7.07217422504015,-186.59392435097632,50174.88142991977,3.7901417474545685e-05,-6.705621438809014,-8.644759564152919,-6.232694458389656
2930,-173.38443437354175,-11.584767469598189,-194.1147374900808,94551.83372988668,5.967999967127775e-05,-10.343544761505283,-14.150363004250003,-11.50161735113218
2940,-248.6524109103241,-16.478125751309094,-281.33604464834514,109986.5508240675,5.85709725602557e-05,-15.650175525896833,-16.33822666797907,-18.27392528546365
2950,-42.211930231738855,-3.2428244458508395,-40.6587489624203,118421.07166136568,7.975711325619212e-05,-2.448477351107601,-5.304285149669366,-2.770057931518789
2960,-89.49782240054213,-5.328949597839065,-120.1953683341193,44317.83656609195,4.433573166501426e-05,-3.6078797652692263,-9.683967948066444,-4.416070912751364
2970,-207.4133554335257,-15.952704781940737,-199.56426851934305,108423.05303583007,7.99376807296267e-05,-11.898896059512342,-24.72945946595167,-15.283567542786596
2980,-86.65038470910373,-5.271010888245558,-111.68145600078182,54667.91135276038,4.719683174804471e-05,-3.724245641183704,-8.314430440618667,-5.321121829996155
2990,-177.35841097689692,-13.269130220815171,-175.1926626890208,95289.64691839414,7.574021661151872e-05,-10.423534062248216,-23.07523575389382,-9.154217004870423
3000,-258.3012325090212,-17.889654424883243,-276.8769842199644,81880.77037050636,6.461228431566144e-05,-14.372545103903535,-24.32894169576362,-18.48458579596228
3010,-141.7810399199534,-9.07121254762708,-168.38185593281844,62168.48020205312,5.387286235428088e-05,-7.023389334631444,-14.72465730897722,-7.51341421226822
3020,-92.85501763681472,-5.331051360965854,-135.79652319633223,39049.85727038698,3.925764250428057e-05,-5.076412872111114,-7.102983674480953,-4.068396025160236
3030,-148.10410533902913,-9.119681772804496,-186.84163485366517,67283.32379346766,4.880968730522538e-05,-6.03621957975881,-17.029773261788076,-7.376514669912287
3040,-127.8118236859742,-8.221844888949509,-150.6066266173095,70365.1000164636,5.459152145968427e-05,-6.643036729497166,-12.441916122334296,-7.159389974469405
3050,-374.4122327260508,-23.135159410337344,-469.5670076785505,71565.81865544117,4.926913312055961e-05,-20.81122332716889,-33.73188494450824,-17.186306042503343
3060,-148.68160504554473,-8.652208144244605,-210.06974506012668,49752.8975926235,4.1187312060421405e-05,-6.9877494180730535,-12.802678760398514,-7.830654980433803
3070,41.546288230691864,2.9649925035552047,43.07124578366027,81714.19650509674,6.883925574031155e-05,5.640013188489397,2.722985909279764,-2.14304227203774
3080,-206.19590795415027,-15.378142618211672,-204.30645163241596,138948.4413048902,7.526998044036179e-05,1.142201480379062,-69.39274628352788,5.595772849923086
3090,-922.797650589455,-82.28305535956302,-785.8292370823248,175958.04835996637,0.0001047085695934,-68.11343160440278,-111.96238940960532,-80.94296882013977
3100,-129.0334409243699,-7.818454336587451,-167.5074625849008,62666.56412904292,4.667525981193038e-05,-7.983633294546253,-7.113344869052147,-8.193205888205151
3110,-113.27191823478535,-6.642535628399751,-157.1905518867338,60648.57507191184,4.225785550512055e-05,-6.394621107996197,-8.507820128380974,-5.273080169225634
3120,-102.19740821588209,-6.0909704667330615,-136.9822599703073,60805.54213178941,4.4465396234909245e-05,-5.247011480804608,-8.546252646741683,-5.323606258581347
3130,-105.24813711220366,-6.769257246188369,-124.04813699062905,73799.13793245809,5.456960024074959e-05,-5.46708702532234,-11.803920963489334,-4.3389339706194585
3140,-67.82730368218975,-3.9691708585425522,-94.58063415282838,38785.969461077846,4.196599963718743e-05,-3.437459960379825,-5.659420323210396,-3.3423431902001632
3150,-214.68753000941783,-15.139881144858768,-225.48000862889936,121270.4854870615,6.71451151564233e-05,-11.145947272258496,-25.16479804303778,-13.102831991880308
3160,-244.13753961808175,-16.493262395503983,-269.5755997665651,78214.21044829434,6.118232662669051e-05,-14.812654937013342,-19.515516227484813,-16.832223480504418
3170,-263.7932026109792,-16.76547771072872,-316.3913211290633,73357.4438475008,5.298968900569082e-05,-14.672045386710126,-23.12500142969513,-14.592818639799482
3180,-126.16890542827603,-7.359549886618105,-177.25785966102612,41240.82764652617,4.151889174726539e-05,-6.288455552666443,-10.80782112690896,-6.0534673142305735
3190,-142.42746406758334,-8.433618511792792,-193.49995738132372,45779.00112000664,4.358460139178713e-05,-6.189003823610117,-14.126595397509854,-7.229871002441092
3200,-96.43999215379421,-5.865593792248864,-124.33463492944549,63549.28653759384,4.717586371309438e-05,-5.217145425482045,-8.760160452232927,-4.267923865798439
3210,-111.94282109575283,-7.047442716919025,-136.2190438046759,45266.22650141407,5.1736104733082206e-05,-5.085645912454655,-11.701842714237625,-6.316636328529161
3220,-117.25090477685012,-6.698652256315176,-173.8453629492279,39131.93251764313,3.853224579980047e-05,-5.23137577705142,-11.37585170359386,-4.956005767564003
3230,-320.55674936031545,-22.43190374681461,-339.5858426458316,107029.37236326108,6.605665174978979e-05,-4.888304602849531,-55.82374402945147,-24.127261752107927
3240,-91.16260506829849,-6.349214691056455,-97.09398427709144,74257.08088990752,6.539246214200834e-05,-6.263161053004922,-6.7488067638783455,-6.121729894337632
3250,-149.98123899780407,-9.29300696464004,-187.2338436495345,63372.840859404445,4.963315810593917e-05,-8.458370139324227,-11.45425154232001,-8.801036037591697
3260,-176.71168564463815,-13.948908508886058,-166.06955473828293,182877.98959371884,8.399437531381847e-05,-14.641918413026351,-8.037041155373306,-18.474756054118217
3270,-66.2520538134743,-3.740542784812167,-101.87482117373418,27335.34227436673,3.67170488420604e-05,-2.8723222754209328,-5.868622912543118,-3.348903675863684
3280,-88.91967033367308,-5.0380101248963856,-135.18008580284473,32302.25329318781,3.726887799319895e-05,-3.0257608444420856,-9.968628001459445,-4.13189080924192
3290,-192.68941117155472,-13.387024290410658,-205.80890770802375,105513.6284859316,6.504589349165836e-05,-8.195239481510772,-24.81243759531623,-12.345180603304875
3300,-167.3104110948945,-11.215715851870462,-186.5372506923932,56174.12622102649,6.012587732605533e-05,-9.106721406608065,-17.227046386971683,-9.42237420729404
3310,-117.24126950022712,-7.475800383460617,-139.93291140182842,67537.40405705958,5.342417526062375e-05,-5.67788556580832,-11.578165873148894,-6.969264529076934
3320,-123.49424943927555,-6.868497754978069,-200.9892920216093,30080.82878914405,3.417345116196342e-05,-4.715060096440006,-12.55035091731367,-5.493519909718594
3330,-183.51535457225899,-26.08648528456086,-118.8192172254581,372518.74641863554,0.0002195476951768,-14.855088022955243,-43.17062124966699,-31.465143842705967
3340,-130.75877509204716,-9.091342568886787,-139.5398258530463,79878.33712926801,6.515231413905562e-05,-8.691800094745062,-10.803318538343984,-8.178451547713038
3350,-131.57946301076245,-8.998944958408085,-143.14306438933343,65638.45000624402,6.286678992655867e-05,-2.6474990058892764,-26.673906754175672,-4.026875067678119
3360,-293.98535400766616,-22.724598743182817,-281.5569444700976,98510.13240555098,8.071048926160034e-05,-18.388769041444107,-32.818956726951576,-21.30190016289149
3370,-207.27505907934477,-14.828528664920512,-214.32110991697357,71482.57079296026,6.918837192782818e-05,-12.651904544072975,-20.999766258090684,-13.010539313445388
3380,-70.90501511905275,-5.056680437818892,-73.56280885784871,79413.44250325415,6.873963238122568e-05,-6.761299082425711,-1.2645415718297786,-5.43958201459437
3390,-272.31119709234196,-18.455510909086602,-299.50729100346695,56388.27067449902,6.161957142096074e-05,-14.863364811875396,-30.81114404172252,-13.28416997087312
3400,-231.46566671535857,-15.438573175177007,-259.7165064126707,64767.476091734745,5.944394289150892e-05,-10.538109702911456,-26.94038212150336,-13.737691173381751
3410,-112.43944984635198,-6.593439183903433,-156.05025409143207,29467.4449605107,4.22520246589297e-05,-4.365359873364056,-12.038269625401377,-5.604767363484245
3420,-258.5446832868902,-17.7073677455429,-280.7926672124376,76294.96448064665,6.30620732419132e-05,-11.15981689900834,-32.84149147229858,-15.668345711856322
3430,-258.9924840845605,-22.165418910391136,-227.55412651970215,160806.15977094317,9.740723778292812e-05,-17.545495574981086,-28.95346704096266,-24.61721745063973
3440,-104.65472174809436,-6.459934532668164,-131.48317536487377,48484.759405074365,4.913126348478773e-05,-3.91578940227094,-13.527186370753585,-4.480972955377196
3450,-98.66204036921891,-5.772137752580611,-137.65696150386802,39863.13133303539,4.193131745406439e-05,-5.46117617389628,-7.35662406161306,-4.809574600916819
3460,-348.82759431691545,-28.86555853154282,-314.87863053307547,145268.8262861409,9.167201496867132e-05,-14.673856699764702,-60.34442543029158,-25.77009529635028
3470,-262.11873456729586,-22.3548683378358,-230.9326391248011,129547.8527431012,9.680254996676644e-05,-21.45005969316934,-23.03523953859302,-23.48411442641149
3480,-134.50703866912727,-7.635401884427119,-203.27103905512925,52646.98413853318,3.756266470579863e-05,-4.895256016589065,-13.153074440412809,-7.598021064117538
3490,-383.81878900687525,-30.26031187234111,-361.0931807235992,135598.42574101116,8.380194777343092e-05,-25.64658290481731,-38.23049614342001,-31.5175855363098
3500,-73.91457091193098,-4.760154597230013,-86.9556575082438,50496.04864407479,5.474232193320749e-05,-3.5535532305529185,-8.140013375053586,-3.793498552760628
3510,-111.68280891111552,-7.714742893561887,-120.07928756693302,69773.32778170038,6.424707416140886e-05,-6.198615133468712,-11.73668129865076,-6.725060008659368
3520,-30.701322221995834,-1.9056941088577817,-38.21372522444138,59756.17269001491,4.9869362321130245e-05,-2.7004117267501355,-0.8776455334372704,-1.3443074484935844
3530,-132.64272316184088,-8.103251748777087,-169.65720127007776,61463.40030420354,4.776249807326185e-05,-7.287915118707223,-10.007334730819377,-7.829842026874524
3540,-243.191357001215,-17.63036644181891,-247.96295880944757,108440.5501987074,7.110080685626655e-05,-13.174140551898883,-34.386264495562145,-9.786920167915731
3550,-498.0669876808006,-39.20601090349891,-469.2319828902455,170076.50361484714,8.355357761849172e-05,-31.055073395453263,-58.08617292490225,-36.62772389818686
3560,-116.9561329002672,-6.893183929745202,-160.49577688443128,33868.100773260165,4.294931657116935e-05,-4.823771972443673,-12.381919294296225,-5.543272479797244
3570,-46.03177916762572,-2.7225520843332545,-62.69195169324428,41050.91327141383,4.342745776451299e-05,-2.056237925835971,-4.037958035232477,-2.7397744504286
3580,-132.13766978529844,-10.011788437074285,-128.94160891677862,103801.84418662675,7.76459090372921e-05,-7.827455137522302,-16.464565740995837,-7.9276777322567025
3590,-97.90173118076457,-5.85702124628334,-130.2328923657988,53784.153454559855,4.4973440579297815e-05,-4.19486053967416,-9.292309790236043,-5.746054115548994
3600,-45.147640246816124,-2.471525730390619,-80.45503386058941,34767.296667324,3.071934236797688e-05,-2.390875018723971,-2.818179661142637,-2.2861732229718954
3610,-99.54760189623653,-6.722162934109052,-109.98053180600016,106562.83420430508,6.112138961072304e-05,-2.004190455256554,-16.794133265161815,-6.086137560761289
3620,-50.25104823243669,-2.7346566105662866,-96.14368661674152,22947.48856455624,2.8443434059976024e-05,-2.4389824353479765,-4.070965948458152,-1.9896956231110403
3630,-314.02343582604715,-21.859734774228627,-334.64855525384905,103353.93227365526,6.532146764430772e-05,-13.882415300178309,-43.295158933688256,-16.378949562869646
3640,-240.08496185316466,-18.396880121571904,-231.80159270367383,111694.59388962436,7.936477013378317e-05,-14.5512382482453,-30.485912514525147,-13.999131475271875
3650,-98.10100937797642,-6.630381559568341,-108.2634070044486,82119.18079677339,6.12430528746975e-05,-5.916294527438796,-9.021886976210546,-5.667050207185221
3660,-167.86962117999815,-12.934399837655278,-161.24987811177834,150208.55488815246,8.021339295952309e-05,-9.582279085038264,-17.959922562016207,-14.61311861852838
3670,-61.666119033868426,-3.6327723191136143,-84.71040969585972,48628.756264568765,4.288460334634845e-05,-3.850718299307796,-3.444765059686897,-3.384887618151967
3680,-114.01803455608153,-6.956756084724042,-146.15987919411964,69043.13095724527,4.7596892684103486e-05,-5.581154866200294,-9.452405351700827,-7.212309254794751
3690,-90.8798098702293,-5.0241293603660875,-152.19116032167986,43156.59743984041,3.301196567360944e-05,-3.547625249195116,-8.910680550984857,-4.09058639208926
3700,-166.0516058673662,-12.647544922072015,-161.23135303283786,120749.55901685056,7.84434583234943e-05,-14.165406924322845,-23.73980850680841,1.480442667166037
3710,-327.5098401259306,-27.055996796695357,-296.04513796619966,143986.0837897802,9.1391458014029e-05,-19.137313872718128,-61.35820210293855,-8.591157338406605
3720,-154.749015914817,-11.294583607994465,-156.69016560051983,90840.6242089258,7.208227500882157e-05,-6.527302243339534,-21.69272475171142,-10.431005193587376
3730,-61.94175176379267,-3.7301441852843213,-81.34837116699416,57732.28847636437,4.585395050660547e-05,-4.384291599370984,-3.2682225238694507,-2.883771018525866
3740,-268.62220692159127,-18.546867916787427,-288.9773879705698,109599.95145833334,6.41810352257606e-05,-14.192929026885793,-28.749777710901174,-17.051835902476952
3750,-358.5384693566595,-28.805520425445508,-331.7906707354637,153350.6852633545,8.681835556615789e-05,-36.49448656982801,-43.01128657903276,0.7781780169067429
3760,-83.43433108027673,-4.562925100484229,-149.94537923986346,29468.478225901366,3.043058161322227e-05,-3.900079328871642,-6.0978780293544,-4.35366371483923
3770,-115.62013481955233,-7.53534420150521,-133.76778485600133,77135.5767894926,5.6331531613660767e-05,-5.492327463908999,-13.417518432957912,-5.739203445244936
3780,-83.19859764292087,-5.771458462095444,-89.01768786152837,85967.53457865061,6.483496258713489e-05,-5.402822487429338,-6.214956468594022,-6.065232404929078
3790,-376.6309060923396,-29.919235559152707,-351.97150743947026,141166.3785171176,8.500470898002452e-05,-25.71716589525719,-40.22046551615447,-28.022144929941973
3800,-133.19375174897226,-8.23169859484923,-166.99045859346828,75415.67682119206,4.929442474847606e-05,-6.600040263588033,-11.993266041665542,-7.733447810555306
3810,-156.23549417240534,-9.813328753021642,-190.8007937195558,72843.1983354464,5.143232667808258e-05,-9.029315286245376,-11.686803515861891,-9.507880923733907
3820,-141.80495168239335,-8.7099473128517,-179.6670205175014,59013.48922477745,4.847827546627157e-05,-7.591049310039722,-10.94320267933785,-8.714487951989504
3830,-161.52354081694864,-9.287708083510095,-235.24643952933252,59833.31616090331,3.948075942017403e-05,-8.236144990187375,-12.332119570767103,-8.346422782898536
3840,36.30560382324461,2.4436404153128986,40.272853042057584,107839.19569120288,6.067711201788872e-05,1.261857596213603,1.0473440483460743,6.203502420478314
3850,-97.44811048197482,-5.337335301412018,-172.94900667685334,40058.87635487756,3.086074562651039e-05,-4.924873070893903,-6.581902141489706,-4.917692922370563
3860,-67.9543835435136,-3.787934289916352,-171.44775178350994,20142.261593661853,2.2093811382837163e-05,-2.555967720576088,-7.766207316535873,-2.2735944019773617
3870,-71.23039987288728,-3.907640825291124,-124.90736261286804,32898.75913373804,3.1284311377242675e-05,-3.3506355852246847,-4.862596499657824,-4.066695631057303
3880,-49.26233615885094,-2.6940763691480103,-88.53921680188103,32024.77999038385,3.0428057379097737e-05,-2.2119208703399837,-3.998444384852059,-2.3540193510600163
3890,-129.836173633672,-7.97013857453311,-164.66916042499403,50330.95437479294,4.840091826522349e-05,-4.8135375644577705,-14.73220547399032,-7.521273695226581
3900,-201.0889521584401,-14.238178049561293,-210.2628599558224,134930.98217260913,6.771608667623387e-05,-12.215583295434003,-19.300980301452004,-13.22056530592516
3910,-82.21263750920956,-4.811160652592741,-114.63027326247186,65965.51382440723,4.197111736422807e-05,-4.121617812662189,-9.22908638577161,-1.772320599274975
3920,-47.58596233425152,-2.643563191848976,-77.84645292703586,37878.33561447363,3.395868523806399e-05,-1.522670410634231,-5.097920655831958,-2.430991290295484
3930,-106.33790305627404,-6.633673370452012,-131.2843115866288,56714.45091739412,5.052906390932126e-05,-5.349647029452251,-11.069478035394,-4.765921387509543
3940,-77.05549451398291,-4.272782435139878,-127.13374270105888,32445.69071649012,3.360856326857976e-05,-3.3909974396177702,-7.014364744438602,-3.294770116885368
3950,-26.787945585477765,-1.4574826469752598,-51.512118279893656,15939.076894471533,2.829397616801459e-05,-1.1298618551776396,-2.365806647132648,-1.204400230413112
3960,-45.81498469119099,-2.565946781738793,-72.48640549289372,35506.542996245895,3.539900708678882e-05,-2.4091799942477183,-3.019740997243893,-2.4256861412158437
3970,-50.881131798743745,-3.0526020257331696,-67.30854443451118,73849.34451256898,4.535237021361e-05,-3.2753563220703725,-4.3515120240940055,-1.308183434697927
3980,-494.05321214925783,-38.884835740489436,-465.5062884780583,193197.2480339404,8.353235327415404e-05,-23.44050474382037,-90.50112225489605,-18.157211219420933
3990,-187.69480569736982,-13.650154664614702,-190.75180114564355,139240.5165320646,7.155976815229379e-05,-14.182735180562233,-15.074899868546924,-11.160248428787408
4000,-48.114103019157746,-2.909481970449404,-62.69488171425906,49830.666169560776,4.640700948619357e-05,-2.0832066101301905,-5.061664955145752,-2.4098497063914808
4010,-226.2648404579653,-13.880509170761803,-287.29158464022095,67823.77197768388,4.831505659361568e-05,-14.578729138304588,-16.70878128562994,-9.655797120808106
4020,-53.367361812934796,-3.0371490978982107,-80.02904393425732,38460.58131799471,3.795058579474202e-05,-2.851500134895644,-3.4896831229069387,-2.955912998894616
4030,-48.94786381965729,-2.661258252416242,-96.77690750749228,25578.21714715071,2.7498897422509725e-05,-1.9469958106600005,-4.160071091846612,-2.5909702964983503
4040,-32.12359185578074,-1.7546507517897973,-58.39934520471208,31279.602785822084,3.0045726465580635e-05,-1.7371343225680722,-2.075698043907636,-1.4686363181154087
4050,-150.53332894915812,-9.423146531666816,-184.8245309691499,80806.54392310526,5.0984284836300696e-05,-8.167633453453854,-11.835099572192592,-9.522219647566958
4060,-65.36988536352042,-3.7454804517567126,-96.13327349230222,36393.24747785907,3.896133269670286e-05,-2.9193854285137157,-4.802982681837791,-4.340168268161628
4070,-151.71697680687137,-12.7541079356389,-135.2071219706471,139983.68336476182,9.433014880982204e-05,-5.313808581919437,-30.084055976133563,-10.304758602583178
4080,-80.76906397972344,-5.918950389120862,-81.44500308733659,131079.82224713976,7.267419933392041e-05,-1.4712320217426462,-16.019960831703283,-4.713376681294872
4090,-151.01488185951695,-9.588355196591051,-181.39404671536423,70737.50259958855,5.285926065499099e-05,-8.023768733579706,-13.314930626340669,-8.990952692864118
4100,-190.6968768204417,-11.648951009872757,-243.94415121733212,53318.08460896768,4.77525325027965e-05,-8.887074750889056,-19.22539191109579,-9.596262626617124
4110,-149.40688815024228,-9.576226169438126,-176.97670040949865,72505.77974204192,5.41100955508839e-05,-8.998165460986375,-10.366316599685494,-9.942257156094264
4120,-87.02018290207553,-5.378364469103519,-109.09037239619344,66391.34500145851,4.930191685083284e-05,-3.855433076974304,-9.758575626814812,-4.044016095650649
4130,-194.676845078084,-13.660059914227427,-205.6068410502485,125672.99593675826,6.64377695044156e-05,-13.11274951170722,-14.813473842098375,-13.601266791396888
4140,-286.8956439196128,-23.45654838933194,-261.5755620290148,196814.0603558278,8.9674081964622e-05,-19.580394747936605,-36.08883214270557,-18.57657191874897
4150,-33.35014401824611,-2.400319933221314,-34.263311288385935,127019.87277615244,7.005510684645762e-05,3.752405789557622,-17.590410770692927,0.4843194586924256
4160,-183.14844496033768,-10.944527938007615,-244.1829276030609,65217.765811392674,4.4821020230369385e-05,-9.945347061165036,-13.620357295430024,-10.267060334270369
4170,-54.212382807833855,-3.3774999977969316,-67.07239125231787,67105.11198693077,5.035603971671746e-05,-3.0877568087324723,-4.198538487800484,-3.135947885922297
4180,-193.35659382504275,-11.888717645272088,-244.54385732123947,67668.10889292195,4.861589154396442e-05,-11.09532381436142,-13.476469518261004,-11.887753434104509
4190,68.68557825875291,4.797013649586047,72.92498081696273,104318.54496800934,6.578011534382517e-05,5.044619367612775,4.552825603977598,4.54599025914104
4200,-198.0460136225225,-14.03734822791491,-206.84499084027695,138170.5440179195,6.786409557654876e-05,-3.4246842853237185,-46.63327144411368,-2.666752896898533
4210,-179.63602548953696,-11.222867790912359,-221.24933079658865,65422.31186791981,5.072497959883275e-05,-9.950014908827624,-15.867387784961824,-9.12405356103236
4220,-113.85207896134285,-7.294349743738403,-134.94146263318828,86103.73542337565,5.405565940519447e-05,-6.384881556917928,-8.876925995192437,-7.530709865925313
4230,-448.3017576495539,-31.94109889455399,-465.5788758506691,117510.36803732868,6.860512912273721e-05,-15.031968206949868,-72.96933885844557,-24.731120305870647
4240,-93.71836728164858,-6.124138095611887,-108.0364844872206,56895.77724536671,5.66858327969409e-05,-4.186624805715342,-10.52978212311285,-5.593520647904015
4250,-166.609523000659,-10.080169435871447,-216.89019842251437,48056.84333775824,4.647591043388096e-05,-8.258083268221297,-15.36800620278586,-8.43650500425734
4260,-116.4547279431893,-7.163470950118542,-147.1728864026935,54346.13035521172,4.867384968259642e-05,-2.5718737032523533,-17.723936336611175,-5.786200057358286
4270,-35.92298868708494,-1.9669442210594077,-63.9093528588908,24072.901679169743,3.077709494887766e-05,-1.878616346599413,-2.3740629977975245,-1.736481193241281
4280,-222.6863735873483,-12.696633996182266,-332.10901887905067,60136.36928730132,3.823031978787122e-05,-13.078518154787773,-14.242102798350476,-10.387396876803052
4290,-167.98693772181633,-10.331372339565625,-212.36857061516196,56969.24693505968,4.864831132798528e-05,-9.690805794731798,-11.312684602431144,-10.631193166367767
4300,-34.59529427732887,-1.9580139707217081,-52.77250680370869,33661.97750162443,3.710291758556569e-05,-1.810026285333549,-2.3491972255597755,-1.862806086659959
4310,-23.039336585683532,-1.2902567757579366,-36.462590151960114,48513.92508276454,3.538576854745401e-05,-1.2457911846931,-1.252347723857885,-1.4170970097876616
4320,-34.06222333066096,-2.001709779419196,-47.04526894595789,66998.73001402525,4.254858829096314e-05,-2.3093492306195214,-0.6352206415497612,-2.75292001488798
4330,-37.241486980464465,-2.04184377689216,-65.58233336680547,19935.81978049389,3.113405199342359e-05,-1.4469629056102362,-3.653736520073244,-1.619712776274925
4340,-393.26813065935585,-28.30081834244465,-404.0964216028537,130176.82364696088,7.003481552791061e-05,-25.56920773721811,-28.74627723325009,-33.31858066209229
4350,-73.92561543490642,-4.524778911983911,-94.23761486698204,41206.64597049754,4.801457378108213e-05,-3.3282492428628623,-8.198704887657462,-3.2439122745524576
4360,-55.904153957562464,-3.3090023194907583,-76.0126457840043,50030.94307116105,4.353226078846853e-05,-3.803360373682524,-1.434919988175683,-4.194368542422307
4370,-184.26622436047606,-10.916869200085536,-250.05871522756144,59807.16883536887,4.365722342510972e-05,-11.539803675590784,-10.717008801441496,-9.870860647719088
4380,-52.914140354742514,-2.9505572185635702,-85.18353337249278,26886.596447757467,3.463764769725267e-05,-2.801319489101905,-3.5393959667154555,-2.660193929335018
4390,-162.82095057423342,-10.904064222440615,-181.7565869281742,85530.20099110348,5.99926770563184e-05,-8.857703094630091,-15.504331679656202,-10.396519020846084
4400,-49.64205184716759,-2.8074011246198562,-75.91929450730728,47342.75869028491,3.697875675530206e-05,-2.26042296702346,-4.122069501489321,-2.586689062943184
4410,-152.67731619518776,-9.505810471939933,-189.09420064824488,50522.83883808923,5.027023800493356e-05,-8.834462823941953,-11.08808772776025,-9.266228512115564
4420,-124.71751037255066,-7.453528074460905,-166.24868202829538,73326.19015039926,4.483360700082014e-05,-6.78142568068885,-8.74591922684282,-7.505341709623103
4430,-679.6449954760981,-54.86303570246102,-626.390533382387,182090.4879369473,8.758599113273838e-05,-44.61847183151316,-73.37287649183217,-56.84232265498558
4440,-61.43671243365126,-3.9346663942534206,-72.8573848183175,60688.4282960199,5.400504566647832e-05,-3.2360644416234385,-6.315150942995723,-2.951385750771084
4450,-124.16254712981343,-8.38077234261423,-137.24730752877372,96776.02510799136,6.106329146644434e-05,-6.941821826484301,-14.357574645038646,-5.281871072449675
4460,-13.193142518628646,-0.8787609336951394,-14.829521811897855,89360.21810221951,5.925753674606702e-05,-1.0183393628789292,-1.389649882074621,-0.0887151269480787
4470,-144.11963813062428,-9.689250237908483,-160.09632577419094,81646.25414666085,6.052137793327473e-05,-0.8572448976772709,-20.27201666311245,-16.770494493166932
4480,-129.80484357864864,-7.7424481074324145,-173.70987919653209,64552.03662351883,4.457114438881599e-05,-4.400039659350351,-13.629243841750965,-8.540469269277995
4490,-83.94674093262584,-4.994532101341979,-112.9203097565578,51575.42787729051,4.423059157479793e-05,-3.851408638288461,-8.683199274031992,-3.592111854758998
4500,-84.41814117855873,-4.953421968774051,-116.99214538629974,48462.21000848519,4.233978231972928e-05,-4.2699119631063045,-6.991654697510557,-4.282209251373037
4510,-198.9585967260816,-12.3767399708762,-246.75789188168557,91266.03767876788,5.015742303719529e-05,-11.381370360907855,-15.96855740984845,-10.77566175184063
4520,-72.25085464471209,-4.379508108956116,-93.7286445053339,53080.36880733944,4.672539683113509e-05,-4.45547410232506,-3.2751558939988388,-5.331928337175505
4530,-92.7571218097473,-5.864595434507807,-112.13206460922738,67642.4618277849,5.2300788850589015e-05,-4.339809152552283,-10.634302838472772,-4.144460594453891
4540,-198.45325807445576,-12.348794262871966,-246.01766496471905,95656.53553116336,5.019474623760405e-05,-9.351651814852495,-21.240715947805064,-9.4511574739778
4550,-96.99308788133246,-6.652321544921398,-105.16290941987889,92834.8022172949,6.325729842981991e-05,-3.765652204304009,-18.0735057898286,-1.0044759812489736
4560,-84.26180982958742,-5.028081616828014,-112.66590989228658,70445.35920310981,4.462824310951799e-05,-4.29978973081329,-6.953359378553126,-4.559387627132343
4570,-74.22245371919928,-5.187759524716997,-78.73406632728239,103529.5231746672,6.588964303142272e-05,-4.798250407546615,-6.199117560060833,-4.955419723713923
4580,46.650986955102304,3.3885843304236514,47.47044057060808,119941.97764749752,7.13830394176231e-05,0.654995981323486,6.155882986249484,6.0884623727981495
4590,-997.6387536253502,-77.79777047884016,-947.8238311136222,168151.16023411945,8.208041191308051e-05,-67.11953485115822,-101.74203716495104,-75.20997504809323
4600,-210.82999340402782,-13.037846017308748,-264.0528359428507,66441.23473247062,4.9375898466512006e-05,-11.93881179056723,-15.62634182498378,-12.647418663116746
4610,-221.89706761310407,-12.516666992224803,-342.2568706592079,36867.79523849233,3.65709736319301e-05,-8.708888181428478,-24.76162054943468,-7.887271056607576
4620,-86.91656365434842,-5.111152922778759,-119.86815203237562,48399.43979525821,4.2639790771098806e-05,-3.9800651709229817,-6.99099586569136,-5.493485483577712
4630,-442.9470317348299,-38.28520018409059,-386.1986823845375,181347.56404171028,9.913343035689093e-05,-38.18604880406237,-69.70475835980545,-7.063944768432151
4640,-458.79192849620546,-32.910444155752195,-473.0295583167596,123771.68376779083,6.957375829295225e-05,-35.97017260886416,-44.6408472770438,-15.060584128236664
4650,-135.0526056964617,-8.217163026130462,-173.99650187974524,61059.05865877081,4.7226024301394384e-05,-5.5615506643318895,-15.027725535652932,-6.717825240205141
4660,-479.1923100816709,-45.41799577298503,-390.6610317846852,282828.26291283587,0.0001162593452577,-45.5832254977058,-74.44601829296519,-16.059513803686272
4670,-681.5432958350304,-48.88921638021652,-702.6906965815571,108598.7064997858,6.957430433909586e-05,-47.00066968245839,-55.24734746307796,-46.30817869287128
4680,-91.25652662351503,-5.551215643566275,-117.6178281310506,48394.82149408037,4.7197059593559846e-05,-4.351252049591079,-8.895130000429473,-4.60722847465347
4690,-136.17772173255253,-8.475599490153073,-168.75410658146046,48739.498895695295,5.022455252703292e-05,-5.200283295433807,-16.615207963882305,-6.886623405862371
4700,-327.9664886365737,-22.21906409794303,-360.8878069098872,91954.83745654165,6.156778830571872e-05,-19.93888788343397,-29.897229161978103,-19.101251462926065
4710,-1013.6748354037686,-76.67983261658419,-990.684716306418,160623.1133976676,7.740084343126898e-05,-67.3678475291961,-94.69233358289692,-77.29130182504763
4720,-175.39059784002552,-11.458889338125593,-202.23970795296773,85780.57197449784,5.6659938120512114e-05,-10.586375298381263,-18.046137742032176,-6.616669013707674
4730,-546.0560447440433,-43.55493849211335,-508.4933505014587,128405.291641924,8.56548830956412e-05,-42.63712487614825,-69.11295459750723,-19.83254961864968
4740,-252.21810456756901,-16.118512390910865,-300.0430964292464,49438.66075152223,5.372065740799936e-05,-11.49011897547329,-29.39502932768387,-12.098782285013002
4750,-136.39872737258025,-7.79102355609204,-202.35173918374556,55998.1291124791,3.850238000187089e-05,-7.535833098860984,-8.755773226575755,-7.33665480007043
4760,-88.80835029836638,-7.0067995911355,-83.49566755906643,143870.75259543856,8.391812169390412e-05,-3.41216785611125,-15.162154167438676,-6.040708484880818
4770,-556.1304634827297,-41.04098816731538,-556.8333240455512,125793.28687934756,7.370426013504549e-05,-30.97509810485375,-63.27969597281388,-38.93406048674015
4780,-88.71902431049739,-5.63351761204625,-106.55212349761996,56147.63330172734,5.287100272733734e-05,-4.845912160015423,-8.042852104792903,-4.799394023361249
4790,-338.72450106350703,-21.87786219373463,-396.837972756528,72648.74074074074,5.513046556952692e-05,-12.55372087283392,-47.534635601183744,-14.869371428086936
4800,-349.8889763594597,-26.153875559733777,-345.9157154559176,142659.16391230328,7.560765351543198e-05,-19.35061115558293,-44.3631619863508,-21.55111794141841
4810,-279.64149622646846,-18.82729313661749,-310.0899488560351,75969.68313989768,6.07155865776172e-05,-12.49752814300333,-36.574886861432525,-13.739229399030773
4820,-442.7427841135006,-35.276649228630376,-412.6715050104801,148948.39762926544,8.548360814913669e-05,-31.606267250062217,-39.16326348643173,-38.73079892796533
4830,-506.6709288937769,-35.24805504873273,-540.3376763061767,71757.7532546107,6.523338385302562e-05,-35.02592669927294,-50.59328023022167,-20.3470865661634
4840,-44.74278403192923,-3.818660554792513,-39.39700072085057,156937.9682432983,9.69276971577056e-05,-4.427161072594476,-3.951870712274719,-2.46844936170638
4850,-331.48883705558626,-23.785663224960594,-341.6684338533292,95313.53628749432,6.961621521984457e-05,-12.974762006134842,-50.299888370103645,-18.89324051746904
4860,-279.6882933246511,-20.495173641083145,-282.0436964435824,90544.7563023518,7.266666087388634e-05,-17.844412814129278,-24.98577559979948,-21.30609333627453
4870,-286.3481843435019,-18.34273982063214,-339.476133866858,64975.05118864233,5.403248709031821e-05,-14.097560073443455,-29.100125119555923,-16.07571401608574
4880,-174.91324971215357,-12.893132787312055,-175.33898576130298,132505.87909309627,7.353260731680102e-05,-5.277522154606775,-35.34219820885003,-5.675288631184648
4890,-294.5072053178608,-21.095102302082854,-304.1181050983895,105662.97439451696,6.936483539925412e-05,-18.00812501847326,-27.33641685374279,-21.027742317642087
4900,-112.91028898232905,-7.7976116651796366,-121.43385462140309,75110.29073010324,6.421283166453389e-05,-6.074957895415087,-12.629457605596118,-6.41107326429225
4910,-643.3116799040484,-46.109415818239746,-663.8446712098187,113893.40386287418,6.945813955877358e-05,-37.19916212306601,-73.27262221055224,-36.766716816274766
4920,-353.47469256791874,-25.99708160414497,-355.1325760141039,116831.1913593716,7.320387753758898e-05,-22.68891296141538,-29.735590833443784,-28.87490966030534
4930,-269.5892968976008,-17.37439266947943,-316.82512767084285,76126.89707938791,5.4839061526490094e-05,-13.93989005514794,-23.44127133135302,-18.176519236268817
4940,-86.3565211307301,-5.477766940247795,-103.87834039059844,67031.41294745177,5.273252267653251e-05,-4.250297097540027,-8.492913413587372,-4.917560152323753
4950,-1234.6349763866863,-110.44976150786069,-1048.8366771375522,266925.2359803233,0.0001053069213877,-96.86896730923752,-144.1310387141873,-103.93007269918652
4960,-254.88422124333695,-35.11725110779445,-167.5421758573613,507480.494672547,0.0002096024534007,17.795981249834306,-134.16403123993163,-41.89693569093515
4970,-3450.6634382884913,-461.07708326374035,-2302.885450686492,494639.02139614616,0.0002002171159344,-420.4895565727559,-580.174806196186,-423.15441371342473
4980,-556.303246820566,-53.19538226449411,-450.7856284605514,209815.68325683495,0.000118005940975,-53.359811707192186,-49.74073938761742,-56.32116625613128
4990,-676.8072499431321,-61.88665694563266,-565.863520444733,159657.94174068217,0.000109366754897,-54.27294901884848,-85.0163559075586,-53.98437383735273
5000,-240.49868046082543,-21.32599534553535,-205.64865868416453,141956.45835326953,0.0001037011156892,-16.25242775513591,-34.90665315977787,-17.89247271213296
5010,-116.84515236592397,-9.261396937328206,-109.40911315808208,65923.47230782044,8.464922774711354e-05,-11.932612967069764,-9.136064358854922,-4.044297456318373
5020,-344.00209054518075,-26.5392336793048,-330.0485187140825,89056.34543580131,8.041009783260217e-05,-25.389505451310896,-37.75595432781629,-17.62196948678112
5030,-434.1144109566927,-31.44781008257689,-442.97909902648695,87527.6447027893,7.099163403349767e-05,-22.359942892134622,-51.79984648177227,-29.271508064266012
5040,-343.08423687846977,-28.559030024411374,-308.1948697045937,146964.85060111035,9.26654945677238e-05,-14.922589480086671,-60.03703111020779,-24.353910027264355
5050,-506.63519603078845,-50.648211711453655,-398.5890239076085,191858.9801378192,0.0001270687567232,-34.63023304629333,-91.57098336391287,-41.76139738931586
5060,-329.99116815265154,-27.06048497714337,-300.1197898111949,122490.5315661909,9.016561351774603e-05,-23.820918041909792,-32.30809020315356,-28.29201362160035
5070,-348.22626853860606,-32.09736372153911,-289.4834137448554,215311.7431357312,0.000110878075211,-28.904628211077828,-39.59183900481717,-30.98835945919964
5080,-525.9773537066764,-45.34473550848035,-459.50753817918087,103238.9759292988,9.868115697984168e-05,-28.087339964179613,-88.2997403654652,-36.90452174009695
5090,-265.3272653358583,-21.881765407740808,-240.17370240406888,78721.0101846485,9.110808214517536e-05,-15.147780710747828,-37.24404311693237,-19.9874570925352
5100,-248.7074736837302,-16.48307131818782,-281.3695141449365,58536.90460704608,5.8581582188385954e-05,-15.111189249522145,-24.28401870945616,-11.425888064250843
5110,-431.5940160098562,-38.76432337441614,-365.56962860052784,207387.76648033125,0.0001060381397733,-26.75983140955716,-66.26301075704711,-35.27461992151321
5120,-1093.492802066371,-112.16546838721604,-846.2474029583859,195579.2975170292,0.000132544534843,-85.47374857440342,-167.7507557085686,-109.96362069170564
5130,-949.363777684893,-94.06351962728645,-751.2610035019469,206973.9914588949,0.0001252075100249,-83.69253552827705,-120.52102680633016,-88.34798064652662
5140,-256.8214023211531,-19.087334819365363,-255.3410496166557,91360.07504845744,7.475231596338011e-05,-18.333181601287123,-22.17811410267372,-17.504861972213504
5150,-238.36012517858313,-20.376785522780775,-209.61038731421735,86180.55042270532,9.721267053542946e-05,-17.8474630019104,-28.083043262656204,-17.729172824646103
5160,-188.18077247685923,-12.08425512367739,-222.29635925209948,60602.82773800708,5.436101231857337e-05,-11.840894686405344,-14.038543469089536,-10.616687652809343
5170,-129.4936849961942,-11.988013329597178,-107.31720287028014,173182.95354081178,0.0001117063528397,-11.66422287979159,-9.054424440819488,-15.569183118008644
5180,-161.62668905307106,-9.355333081407053,-231.3868174363179,42558.12213043298,4.043157335003244e-05,-7.317539861082042,-14.78622393276386,-8.00002867070026
5190,-651.1304224541747,-53.46711305404179,-591.5242017166901,209512.9885866731,9.038871596271526e-05,-43.369075585244886,-101.85003527484854,-25.28026577082883
5200,-363.30046459936614,-24.781221599288628,-396.4793818933948,91522.2388245355,6.250317855356169e-05,-21.9174396606298,-31.75365268237176,-23.53635439352314
5210,-1081.9817420502354,-107.66578371790376,-853.8020047643231,200752.19929612047,0.000126101582237,-77.01828922209602,-186.22142426041825,-90.40513216716136
5220,-526.5070901357354,-39.74492666039244,-515.5936800123569,155611.3640113798,7.708575221371971e-05,-36.01406233403133,-47.37561062558846,-39.57597134791864
