r_sigma pred.,vol index,short mom,vol,vol change ratio
0.8109458710753507,5.015240574157166,-18.441192837383035,0.0001316385437749,1.0007533629960237
7.719857965538906,46.24248587772807,-2685.63873250525,4.652395675979622e-05,7.719873363143511
0.9519949116925863,8.574455749138028,-51.15069984428706,7.70773454248258e-05,1.0176512820471897
0.8888281564954355,6.998557378602806,-46.69913834990579,9.443593633796152e-05,1.0000503944506467
1.0652659758106018,11.089750991763074,-140.28291089575558,5.998752555025748e-05,1.1523279306777394
0.9819864056711705,9.365039976291824,13.14659826991544,7.048065370405321e-05,0.9942255583993675
0.9753315668918203,9.19699458897602,-24.59101010300045,7.178355076383481e-05,0.998861463834434
0.9649634121340931,8.722914214817761,-104.9381068622166,7.608970869221014e-05,1.0720940541931754
0.7874465747767325,4.42115309862818,-238.51945512354771,0.0001583378611772,0.9999339386397328
1.139848533893199,13.412481756321482,-41.06705068338701,4.923541066700792e-05,1.009784834393893
1.0108740650750108,10.103391800627552,-8.35266850388238,6.532660211812256e-05,0.9946821794065656
0.962563970074627,8.868168725268218,-50.62141224064764,7.451918431530654e-05,0.9938111448523328
0.9306954784353687,8.06190934812009,-74.49125245060017,8.211766668434526e-05,1.0006111112830411
0.9805610143635837,9.32737720042944,-26.490391422564663,7.078310950488661e-05,1.0051494830751102
1.077445359664351,11.79504298477856,-55.462307497657584,5.602064206924376e-05,0.9992144756935748
1.1334239165079258,13.04384263288012,-47.15785522426023,5.06369561491246e-05,1.1675470645979014
0.9251048568087396,7.91738232836717,-204.0320389286381,8.535552395915417e-05,1.0017903427185209
0.9926810880806496,9.638252337046,-64.30954470096663,6.860798596998951e-05,1.001951761297948
1.1876979677324815,14.597394739841226,-24.26243097660065,4.522165254717253e-05,1.0002554705304731
0.9987048004687439,9.754653191242596,-189.308148889606,6.878313714268113e-05,1.0369018647041388
0.9891987917338025,9.53319537840864,-99.07225903953965,6.955002988416392e-05,1.0207519422903468
0.8767612516189285,6.675239903292502,-83.41019730375736,9.933298288444812e-05,0.9944450378974934
1.0056086124605967,9.967486489949987,-18.567836194275227,6.62254698897382e-05,0.999112545297293
0.9651140776736081,8.935581008869562,-32.75326518870443,7.39014456563684e-05,0.9971068914773098
0.723521935694526,2.7912846409893977,-184.4172252972085,0.0002499876558131,0.9992562928434
1.0517212290580042,11.156833635310493,-10.181698773921918,5.915901219169912e-05,1.0236298936279635
0.8083200533630029,4.947802051407162,66.92760493414336,0.0001339314513818,0.9991087984822064
0.8243799857507096,5.360382803342499,-70.70867836554561,0.0001236380649418,1.0
0.8630817172888897,6.329669863901214,-72.07877678800119,0.0001046526105725,0.9957064317513163
0.881498471502114,6.812374207475576,-43.67369586184456,9.70032333873778e-05,1.0
0.8505529020981448,5.975081306996529,-48.37708934732407,0.0001106513717332,0.9854476113433154
0.7973464086449804,4.563187682104811,59.32395599319021,0.0001451332146754,1.019136331276728
0.9165525823181399,7.597787319902939,-52.62089920630898,8.700832739932391e-05,1.0341576331775777
1.052313779800058,11.160978101750452,-490.74340117123154,6.540723639395361e-05,1.005293288235782
1.0506197177695333,11.125476638998164,-31.11361618201101,5.9346251603456105e-05,1.0359070817695035
1.0011827911467404,9.854783088265105,-121.02918379825137,6.741792996189279e-05,1.002102821891938
0.8201210755142174,5.248577501820451,-90.14711025536016,0.0001266196835618,1.000770459933444
0.7303455914220434,2.813412116286345,-113.98578692203633,0.0002395064844367,0.9754890147990252
1.010273389568094,10.086158543632893,-13.381073892992104,6.54413744191068e-05,0.9991620845862466
0.8151035485072868,5.120062180759193,-57.40740668553207,0.0001292745049988,0.9990369741578796
0.8435002559588884,5.83255493055503,-172.878983438684,0.0001157950971762,0.9964430632329946
0.9596801583234449,8.778594606970957,-124.3247516138334,7.577585509942715e-05,1.014890086621547
1.1906101875749129,14.756141155294694,-88.56010849136943,4.483304625809446e-05,1.0193601503578795
1.0187833737435619,10.29479638587569,-162.61117385919383,6.485036747522435e-05,1.0287082335638782
1.168913844830792,13.628670903337976,-32.089859764769656,4.844358755114337e-05,1.233636665823877
0.9699155879361009,9.0589426464516,-67.72559425896712,7.302050486024992e-05,1.0013207462594276
0.9577936275376002,8.748612326661771,-38.8065989082924,7.549829556156508e-05,1.002820497234092
1.034693906822398,10.707248839858984,-10.403904207883206,6.164325353049259e-05,0.9993977074951766
0.8287172297264371,5.468122495033136,-212.85976135886236,0.0001253145222172,0.999420520331025
1.0829608969549274,11.946219746247618,-20.18694250822857,5.525597987032855e-05,1.0063974770839446
0.971953292780395,9.111716695366932,-33.35211289070871,7.247353264431282e-05,0.9998850673042508
0.914060107958581,7.63653321053157,-294.5823823483719,9.102381421631464e-05,1.001606197484874
1.1410575359948028,13.466130749818449,-3.253021702426497,4.901202263549225e-05,1.0173738303850988
0.8779590739862392,6.635321000291726,-31.98066841018248,9.953587047531924e-05,0.9598075357302176
0.8929442900879221,7.103334830489838,-351.0913600784014,0.0001006789767316,1.0
0.8658510431620108,6.410571768986968,-81.16163649080887,0.0001034272779426,0.9988078827795932
1.0917536934267047,12.157558213365892,-14.125126681610944,5.4291176832276936e-05,1.0001506580731838
0.9071799468370187,7.457480952696208,-37.95842575387539,8.857779638975967e-05,0.9966094578971986
1.7944744828039483,12.459539902865227,-67.95020473117845,5.305884703682144e-05,2.007173331809031
0.9585150678165381,8.766981318120347,-34.2315866391977,7.532721705379051e-05,0.9967065381333394
0.9774515715840768,9.251111894485748,-44.07947144575657,7.140943354731397e-05,1.0007694811605226
1.0723860869694959,11.6698674770086,-17.91096918808789,5.656282284477952e-05,1.0697596691923967
1.0423831921559255,10.90267196213832,-88.27856684929904,6.072854412216835e-05,1.000466116302275
1.2320541866752823,16.04789218282417,-9.826582901543032,4.112799631910684e-05,1.075425392266401
1.022279840197418,10.395272474716108,-21.423351595641936,6.350286018468203e-05,0.9942295176515152
1.1432015459127398,13.476736038720132,-7.908153261440291,4.897429247989593e-05,0.996867627494697
1.055891588639852,11.191048915546135,-38.292229796748416,5.901006828713424e-05,1.080459615243631
0.8551218914459554,6.115095189913698,-68.09488011294727,0.0001082946002962,1.0068905267654344
1.000423912488361,9.70398847400867,-13.053768191546055,6.801857965585427e-05,1.0696593986523095
1.1935239811691298,14.744278422839148,-13.35238381753333,4.47655322636942e-05,1.0
0.972972852774864,9.13771623220106,4.695861663004802,7.222888761457028e-05,1.0
0.9896335540387118,9.560650219458433,-21.51540350211852,6.904782029382e-05,1.0018971532599843
1.2306420784627619,15.704663818296089,-16.184851384273088,4.202884814641004e-05,0.9971743104712724
0.9710151534875586,9.044822230205446,-162.14126479719295,7.392490738203994e-05,1.0286180058508234
1.0322232053268723,10.65029636019548,-34.910505724061686,6.200163996078229e-05,1.0127639548695486
0.8528396708172804,6.083334777444819,-139.0169419269638,0.0001100469032306,1.000136959063829
0.9568170344144158,8.720818667970258,-6.928209462889348,7.568281956387008e-05,0.9933650025858072
1.0337139152616994,10.688871481144767,-8.890571067290933,6.174849172261879e-05,0.9931800285728694
1.5374433144529813,23.48694568850721,-1.8022648353587416,2.810073367659968e-05,1.0
0.9943471925123345,9.67284680849573,-40.17689929579175,6.828288347466531e-05,1.015241266941493
0.9464240240789056,8.458844353633344,-6.056772315900681,7.802634662526788e-05,0.996906415812875
0.7969583439185289,4.612921706154965,-28.86668468147193,0.0001431913112371,0.9898277579307786
1.159736740131771,13.88721809599248,-4.352032045006173,4.7526005288460986e-05,0.9995496445604876
1.0589777629697141,11.336027619129508,-68.3670945886563,5.832834143947136e-05,1.0094462710062293
1.184509418070922,14.531597923376806,1.646715110860383,4.541830505190034e-05,0.9965633453465724
1.4210658297562302,12.659699194168017,-104.62364656263748,5.233505608249379e-05,1.6518316896367211
1.0907430655098016,12.143401985953174,-13.14887221126118,5.4353941919953126e-05,0.9951335298396252
1.2802478953131975,17.068419319843457,-8.8546398258817,3.866869346961937e-05,1.017593284655497
1.2040807394896949,14.868140961391632,-24.64814329060018,4.439827972980167e-05,1.2241760206353145
1.3570696901381902,18.93858636843044,-26.89087624956241,3.4855400907404284e-05,1.0040914429931598
1.2190991444426853,15.394798473364457,-20.615482680653464,4.2876884062812425e-05,0.99993149124313
1.1681889406759653,14.110241585739356,-6.505973644067163,4.67751594100353e-05,1.0023660710421345
1.2832228088589306,17.027508730251935,-4.443038433437796,3.8761007919001227e-05,0.99958076880004
1.0154580022411233,10.2228968449499,-13.352005665811587,6.456596090881225e-05,0.9915505510129776
1.169143637155804,14.239845822130883,-10.298069022114346,4.6350350611658415e-05,0.9769357959497844
1.0123719804619604,10.156517743232106,-14.298697522481364,6.49887166607792e-05,0.9796702296505844
0.9877626721300475,9.513248645250332,-34.1955748705621,6.941485263565446e-05,0.998392725592062
1.1079883013802192,12.632893833936276,-22.280869766750083,5.2253687916192186e-05,1.0313181658594872
1.2196923932665706,15.42781675041764,-7.788424159930523,4.2780617908968255e-05,1.0033195086048574
1.0545840533861672,11.231389931558953,-16.52111776768399,5.877022328815591e-05,1.0315918606726229
1.0685303725715667,11.58850980650379,-18.148334782232,5.696016063245574e-05,1.0159421694499815
0.7246844333864103,2.7462633907216,-153.701690618737,0.0002498800856542,1.0108497817825477
1.0533654477506422,10.746515224327258,-375.31614974343273,6.521442090589263e-05,1.150657369310317
0.9405114206436612,8.305591593697862,-12.125580226275405,7.947079072682955e-05,0.9950218923097164
1.043618201505231,10.928724205735138,-18.38105456430645,6.039961156311853e-05,1.047448005695902
1.040487922735405,10.745150810132994,-117.121308349928,6.177354900677607e-05,1.086074004288076
0.9517925925447471,8.534331786381145,-56.45664614777484,7.746328153043677e-05,1.0311936108341608
1.0782370901450182,11.65051245984682,-40.87864313020525,5.668600469951122e-05,1.123877333449926
1.0266371147889783,10.505803007031387,-66.9692913189539,6.294184351339953e-05,1.008310945834952
1.0519770673967959,8.068602491714897,-16.40283185355475,8.181067652280768e-05,1.3209619056638051
0.7930899335890204,4.421476396303004,-100.88681498030344,0.0001508143916623,1.0238788096958626
0.8168212912483972,5.136514716573831,-388.2769283850276,0.0001477675402247,1.00653459365218
0.7751059309954739,4.000778146735726,-62.200510628728416,0.000165679991277,1.0171016593148214
0.9120766648726926,7.55033063939947,-11.720495878022891,8.742045939939885e-05,0.9765379599976132
0.9765888978401827,9.096393439006164,-172.01697938136346,7.362059242931672e-05,1.0595183137942636
0.7892011810266807,4.355093817445604,-512.0899190374755,0.0002069224912723,0.9773055620911844
0.9092143618672934,7.515301676650821,-38.475074955740375,8.789777575386959e-05,0.9992888014108996
0.8758213048638078,6.649606319221038,-34.669604563279265,9.933379862520772e-05,0.9938902078969164
0.8298550824923012,5.40913255516146,-173.46569951174283,0.0001251090517046,0.9762763193343232
0.9740739210142975,9.165706148214936,-93.65420538589258,7.23151089882665e-05,1.0
0.9189407056096042,7.737718952400199,-218.59493373976932,8.770359981240639e-05,1.0111623983972529
0.9680656470449491,9.0104622312343,-51.86097928182915,7.334548728343457e-05,1.0028314361611637
0.9492314758123949,8.260209505214764,-35.2696104259234,7.995463559175256e-05,1.0776086307509476
0.832550662221493,5.239017958763894,-91.10423991769288,0.0001268711293558,1.0550389577536454
0.8817083154576021,6.7417437604808805,-27.817600889163543,9.794748717656882e-05,1.0210053065464433
0.8929433504538092,7.03607775376835,-59.52183832748319,9.401265108693604e-05,1.0203409489585094
0.9696694069356748,9.05316516070208,-110.74417939485674,7.334427565136337e-05,1.0007279961093996
0.8356463325646034,5.626195540739544,-240.83849774983253,0.0001229415756761,1.004765535686544
0.9445440796028551,8.415037160219695,-32.17840151842358,7.847394186638516e-05,1.0
0.9702068765551076,8.82877345772909,-195.06687465449605,7.621548523595346e-05,1.0793577784844448
1.136664826898571,12.877722606384106,-38.33175322447738,5.127730093782022e-05,1.2028772532866103
1.0755365757293838,10.934713609368156,-437.97745328927454,6.546215385146463e-05,1.20290120014106
1.2641673299052325,13.459825921870875,-85.87715060282935,4.915451019411043e-05,1.4374424154466452
0.9890883887088711,9.547384032789944,-37.9328972410804,6.917521934683677e-05,0.999999039373072
0.8358297394959716,5.611641344005633,-69.22933115390609,0.0001180607881491,0.9899421340301992
1.0623355754568895,11.429042532306728,-43.53774643586773,5.779021800796455e-05,1.0166524829360768
1.243063258754848,16.43014413033419,-359.806565399492,4.162786929601636e-05,1.1317237595233165
2.4053732142389865,14.858269812608382,-79.39698371081523,4.450362508451406e-05,2.525333401999996
0.9190441509752644,7.763833857154418,-42.33396564836664,8.509685080430399e-05,1.0014198622364472
1.0611782387253303,11.255298356707083,-142.245186003029,5.911133717810979e-05,1.1037225325015312
1.2108677182089167,15.228590050810206,-65.24554847589097,4.3393446027807546e-05,1.0083647235175344
1.0256517670098277,10.479770020961572,-21.185227214328293,6.299047093116667e-05,0.99612555745483
1.2494595348494757,16.610948407695787,-37.48673807248715,3.974777548591151e-05,1.1179998877972437
1.0697922547036722,11.60265888006815,-53.83644333991517,5.69467371733774e-05,0.9979632882974584
0.9759722032894234,9.21243614137183,-15.730420117877694,7.16508411713212e-05,0.9971777669644928
0.9593719532711438,8.35487613476546,-146.80233771820048,7.991191053575479e-05,1.1056034975484994
0.9297240549655581,8.035117586012202,5.433772709335144,8.214077416456099e-05,0.99817331215851
0.9074517435294657,7.428244506006312,-71.86109741155276,8.91254365851484e-05,0.9751206893694704
0.8658225274457442,6.413059252629441,-113.8193630225512,0.0001038473532146,0.999758743279052
1.102072111485538,12.450350567355812,-211.77691938155616,5.387306694252139e-05,1.0135161454663435
0.6593145677014615,1.098958183435063,-162.45705673901904,0.0006723311631464,0.9923399129416524
0.8648279937475973,6.347349259020503,-163.2183515590775,0.0001059568927279,1.0109811846961
0.9500550024658803,6.7657551168764645,-46.2505023866126,9.768735596024708e-05,1.2138400568152128
0.8407929444948202,5.725504467757172,13.338956449004144,0.0001152896087308,0.9860875397375972
0.8423470221608342,5.804815039494966,-130.1565278264555,0.0001151928365726,0.9968780564680496
0.8545419555059492,6.12122527262623,-40.77076370907509,0.0001079518392561,0.9983903154835851
0.9227257614094454,7.858704137507447,-0.8567960586940739,8.398334667664521e-05,0.9991273692435552
0.7784017762603671,4.190639359848658,-306.4195353242512,0.0001749114703448,1.000167701316457
0.9125935153139274,7.594990251772,-185.9125417808809,8.869328805171455e-05,1.0033860148031577
1.0269249360662756,10.510688244418985,-79.89262571242877,6.296316020361243e-05,1.024630201349786
0.9479420185128153,8.500665881278916,-51.2527722303828,7.774775582139092e-05,0.9994278700642668
2.1441056069136595,9.31079948029227,-174.18812360377643,7.192717027325558e-05,2.322203551756945
1.0441404146162585,10.957301038325642,-54.042845728244046,6.030525167440891e-05,1.0314820210109756
0.8699171751645698,6.511557329769857,-269.79660150668354,0.0001066572669977,1.001907466595858
0.9230149396890712,7.867164886860279,-69.23024425901062,8.412076063866534e-05,0.9996991465847908
0.834406699801884,5.612729267842106,-61.45901684944263,0.0001179426161975,1.0006007465719735
0.9224170412623591,7.851895653275509,-65.81139671843923,8.426271122142316e-05,0.9996655963959594
1.7306443044996764,33.60717970945492,-2426.723067049525,8.878230545672475e-05,1.447280209343042
1.0257657028067664,10.415669146034928,-33.0129781567541,6.339555016528076e-05,1.063189283273046
0.9669694707405757,8.984803110972155,-172.7592203541682,7.455811320146905e-05,1.0003568746894107
1.4995862510858629,22.66914515527589,-1721.20535352927,6.945711877968113e-05,1.0115171381338552
0.9637009484586223,8.901833892144053,-51.29408114385039,7.423954918834005e-05,1.0001984116197085
1.2088568437172853,15.210542607571742,-46.20951646718392,4.341804679142061e-05,1.0153100973820102
0.9971116109942679,5.763282864441211,-118.6383769846486,0.0001157747068793,1.3311589241375084
1.0576733996196923,11.304974745850876,-214.5274302325824,5.945714308310245e-05,1.012012399999981
1.0188243201532936,10.304782300948249,-58.04800196733586,6.414114826814548e-05,1.0039165346585806
1.4804859261217462,22.04789801995757,-4.601419612048468,2.9934954178243635e-05,1.0007250098168916
1.11896776128186,12.87159584055066,-48.88743896357141,5.131804289551696e-05,1.0079397469464366
1.124823661264919,13.083734158068111,-84.0628786632446,5.056569532292546e-05,1.0370900080366328
1.0563613599264479,11.257509745540345,-90.38408246111965,5.881722923764784e-05,1.0
0.8858330002363675,6.9128943934717455,-114.40793468236984,9.62840164200687e-05,0.996578063330616
0.842505126837096,5.818446630281568,-65.59126481039158,0.0001138063348261,0.999325727471096
0.9571920676313087,8.73572441666798,-19.900217431898547,7.55670592160197e-05,0.9992206103157104
0.8951002060120758,7.093175530392077,-13.921338162987311,9.305848319380836e-05,0.964438869443375
0.9014066641937052,7.316807607410714,-86.52235497872906,9.061532784550484e-05,0.999339011456834
0.8829672039452093,6.8494978001916005,-44.1452758120655,9.64794298917881e-05,1.0000714127282069
0.919205792256312,7.762878636649743,-85.90979428408232,8.538078563085105e-05,1.003728784747766
0.8530782790317614,6.086544072009095,-84.19301092604923,0.0001090001094483,0.9990931252129543
0.8863617449304599,6.930920635848261,-33.81142127085815,9.529530414855752e-05,0.9982161293581264
1.1008910587695158,12.434438705154651,-60.36704350856394,5.314761794833215e-05,1.0219003836700669
1.1758329754828758,14.434654688836227,-37.78809436216283,4.574340849966612e-05,1.142375059909707
1.0931297333765835,12.195267954469507,-8.713627659932536,5.412084964423153e-05,0.9987180128946168
0.9577852989025741,8.751516201610732,-32.04514578301493,7.545485351843632e-05,0.9998861037417734
0.8305190767768883,5.514119019614546,-22.95973463792293,0.0001197436151314,1.0005373631819183
2.110356608948141,14.091040992328976,-17.927682517729387,4.684301985819576e-05,2.2712987855951217
0.9617069373940802,8.847034015303988,-14.052188338140612,7.460867413372901e-05,0.9949421695265048
1.0537981395340519,11.200070624368015,-29.385957688926645,5.8948399705905546e-05,0.9948727690844228
0.9709164744067817,9.06997264358975,-19.45593345341694,7.278108442926621e-05,1.013945729158499
1.0480274765276947,11.06019160122697,-23.84843139781034,5.968711021807167e-05,1.0199845381704793
1.1804496449486015,14.414362919106091,-28.70993686355971,4.579930337204106e-05,0.9994692339959442
0.9905422267081436,9.583910105835391,-106.0453809530182,6.922643972236539e-05,0.9975988814503812
0.9335740422759752,8.132086981084575,-15.669755130543887,8.117087075519182e-05,1.002331273171711
1.0267350217639704,10.430180980740584,-115.68594662224304,6.364083475293464e-05,1.067273535066282
1.0226952771900713,10.401931075374076,-91.81941452081476,6.367914460126077e-05,1.000417314017533
1.180010396342907,14.62128989640487,-85.22348265015835,4.523953394577888e-05,1.0799677770319165
1.2327321858173472,15.776067025532107,-7.251295581033581,4.183614178443456e-05,0.994245378118319
1.2269244820366363,15.624178068618615,-28.768940576002265,4.225216966448671e-05,1.0054471714814663
1.0155307887064253,10.220034785400165,-27.89082852242015,6.460089032877477e-05,1.0012863570451989
1.5964021242467377,25.838133336849943,-14.679683467120933,2.5544587786246936e-05,1.0587769500219486
1.3177916717649005,18.59812564730157,-12.675943131466198,3.548880979650451e-05,1.1245867608717752
1.1917583480349245,14.715636270969698,-8.179637747068725,4.4851158650679645e-05,0.9967346369203636
1.3308541401479028,18.246262505374368,-4.95311613269638,3.6172007494593134e-05,1.0013061638611818
1.178631105722484,14.431655711951484,-18.500777111689708,4.57376195095626e-05,1.015675755704011
1.337235614955603,18.553236614840568,-115.60743406761954,3.5687565876450454e-05,0.9830006787849924
1.3587520170577516,19.304704912741386,-16.403592543372145,3.41906748465937e-05,1.04297295400959
1.1741923155787355,14.299100644662843,-37.51066876452324,4.617694402948191e-05,1.0110272366279782
1.050930860162854,11.122985882459298,-25.07820112841824,5.9351500152893705e-05,0.9974167934525836
1.1815196685004994,14.442836331615364,-14.830249983793385,4.570048824424099e-05,1.000808225693067
1.2242140069516985,15.546072576381633,-4.934524038633676,4.24547480539061e-05,0.9962804178237216
1.2499715776631217,15.577616943202129,-10.113672092249626,4.2369719575062784e-05,1.3060351241516284
0.9793507119028583,9.299350987330264,-166.6592371180282,7.192750855074804e-05,0.9990108647044676
1.1683199840668523,14.233628240761298,-34.389146268641284,4.6386191729500494e-05,1.037712252581893
1.0127104014679777,7.7875917092088605,-29.254530465915902,8.479162039803734e-05,1.270921060310045
0.8636190737773413,6.307603159108558,-84.36594114720668,0.0001051630378541,1.0130593480345051
0.8032645130778324,4.81845982553874,-85.56369557273162,0.0001379044796171,0.9989652485466092
0.9844016683540328,9.427520450226249,-20.431764311768703,7.002158404645298e-05,0.9978928708643376
1.2017469754724024,15.012112036058328,-14.035597438796527,4.396706430316591e-05,1.012046911911611
1.0199194819732438,10.298373193408436,-56.19187239730363,6.417524280068907e-05,1.046414860962068
1.0249513573561253,10.459912028417431,-14.910584676670814,6.310400624083911e-05,1.001447777404249
1.1535618640783356,13.73867713004872,-14.855125428676333,4.804298937920816e-05,0.9974209206613294
1.0718570336338418,11.684892888641045,-83.61247965847285,5.6633782836886526e-05,1.0319594158404817
0.8764449540907115,6.622957060023083,-72.61683657725595,0.0001000072642616,0.9766191816141284
0.8826793411264305,6.826968887546356,-41.77594897864512,9.678537197282292e-05,1.004938306665201
1.02599045740959,10.483509139647216,-35.90449390813555,6.299044466959323e-05,1.0285984514198148
0.9334865520152966,8.108968148103084,-7.399909836225792,8.139380953372731e-05,0.9787482325812557
0.9625467116560191,8.87108852021001,-16.28546053036366,7.440887407688215e-05,0.9982535685797786
0.7995594261967733,4.729290252621769,-100.7033924667009,0.0001408986404256,0.9999731561344792
1.1633375147165455,14.041638243690734,-24.645572890136723,4.701210081133342e-05,1.1486275952444271
1.5352588726792513,13.024941697914375,-175.65183003736,5.121116444363273e-05,1.7628122790081886
0.808361235566397,4.947261509120603,-83.9782037050623,0.000134257737685,0.9987798187699056
0.9009432972684787,7.280579156449518,-68.3201533639617,9.091116865669318e-05,1.0093785585446289
1.143755025781543,13.57849564288154,-27.6462799689023,4.861843111345479e-05,1.034585792714004
1.050472800470709,11.144367398045166,-11.885912905149482,5.922607931010256e-05,0.9800028022655024
1.2428041785732526,16.00196116085123,-5.197912870486806,4.1245254012956125e-05,0.999201926949575
0.8604545701624896,6.2715793123711485,-96.34349796948992,0.0001059334672037,0.9983353474950992
0.8975767861868006,6.390891666317442,-167.44764822381003,0.0001053257291778,1.125830666124071
0.8422481360205522,5.806603102155148,-103.93699774918052,0.0001146113849576,0.9979831957441512
0.8974703715309593,6.477805452556181,-614.5505365309159,0.0001375211547169,1.1174739191317973
0.8641490663297223,6.369726062480988,-63.937293637660666,0.0001039115246196,0.999531161124844
0.9996926314787467,9.816957875349466,-37.109542203449344,6.727254529153496e-05,0.999321998791579
0.913205870423709,7.49258878798394,-62.20212044902811,8.828967523250943e-05,1.0381265897630676
0.886196057920383,6.910296368783317,-1116.824148993751,0.0004828946312666,0.992077555364788
0.7902692858480095,4.491550753415809,-324.842315247834,0.0001640745484943,0.9996780353032706
0.8140718422977401,5.091868285873689,-87.67503722574627,0.0001304939889213,0.9986218442195564
0.7857788726878319,3.928793256187502,-244.82525209728288,0.0001802099000648,1.060624985656802
0.815590822653275,5.049316721891099,-197.5561838777856,0.0001353608206785,1.0168436000952856
0.7522923508755475,3.5201323637577504,-114.02573939784698,0.0001906221813084,0.9987673280195584
0.8843077337909415,6.87279275917383,-953.5151032570004,0.000233055485644,1.0036122264751046
0.8310422165832348,5.507345331547812,-732.9994864383458,0.0002115793148882,1.0050379566365673
0.8099998479311322,4.980120957012163,-163.88251239250746,0.0001357813926029,1.002989218265773
0.7779566181405706,4.168114156872999,-10.0759572829461,0.0001583621349156,1.0021283628289328
0.8593129927865725,6.206927330372522,-55.21790436461929,0.0001065654635966,1.0106656238469742
0.9146849741764976,7.654639659848545,-57.56630581870326,8.6388437449837e-05,0.9993693900493666
0.8207781834331862,5.153780891211672,-187.776051957889,0.0001320773850399,1.021999118997052
0.8760887515157322,6.57257919530238,-420.8151010913766,0.0001140776445953,1.0261219604710443
1.12552754531982,13.116906958807029,-68.84194210106061,5.039766895405133e-05,1.0502347121151288
0.973583612142275,9.15322264412148,-102.46603046922634,7.247523345783954e-05,0.9999709101910528
1.0115224266864835,10.11845261337752,-62.30740856107447,6.533878241614961e-05,0.9977743754087172
1.0304479643052809,10.600211536305512,-10.617971448702786,6.226585171879135e-05,0.9982461305072589
1.0672782611729883,11.558247099470488,-23.4006365187978,5.71141103646247e-05,1.0183189209481889
0.8244622001913255,5.358797796853595,-18.22554524475199,0.0001231958922065,1.0008190614273145
1.1898809742506147,14.885914842643365,-96.25455036882578,4.4460200605576846e-05,1.0735001945940186
0.9586233204547934,8.763700101740454,-40.168080671138775,7.537232986183195e-05,0.9876161246557076
1.317094886728396,16.54036896833138,-69.87994043095426,3.99548006348364e-05,1.402631079687478
0.9413920827947339,8.332725282640089,8.422142483112657,7.920877607427343e-05,0.998496413193042
0.9718673125007434,9.107803953151915,-291.2423735903853,7.559430219634165e-05,1.0023301896704628
1.242260126244259,16.073199148672007,-61.51977659437398,4.110515996819545e-05,1.0153678373331458
1.2083413962472038,15.12294431566608,-11.92402531250204,4.364411888903928e-05,1.0003775976697753
0.8444151559084833,5.869690682687246,-79.49521650241832,0.0001129826658723,1.0
1.0795050970572024,11.848187873095185,-65.09411330490359,5.579340226879108e-05,1.0011780056405293
1.0580664735341374,11.30441644517392,-61.97172896167998,5.847255038962764e-05,0.9976850558788942
1.042336931856007,10.901581921717009,-26.89133993977639,6.055952626759676e-05,0.999465487030672
1.2496982237738812,16.31347645838108,-158.48786112772524,4.073611614649064e-05,1.0240285440789827
0.91226678705522,7.58561446469267,-43.76281982763527,8.710453594047285e-05,0.9958218932753672
1.0484431991176155,11.066706153989731,-790.6100365207761,7.962702786796696e-05,1.0379995786287235
1.2128558103334333,15.2372430215859,-18.66417186403625,4.331932405734747e-05,0.9997165639026092
0.8805734342881347,6.750335875885588,-43.0802220456987,9.789253092874225e-05,0.9858022235497772
0.9485903343494185,8.517885218667518,-55.95877806411792,7.76108286944285e-05,1.0000080600111163
1.0059624316339681,9.972037541880557,-110.64788335208192,6.654819466263864e-05,1.016216817840211
1.463638187509861,21.61076832678984,-8.390786087282875,3.054077238745654e-05,1.0
1.1253171064994545,13.010412504996332,-11.89170882930157,5.073104978533016e-05,1.0
1.246829987934867,16.185254696848407,-13.37664654559388,4.0779860630370576e-05,1.014326607376849
1.3216105639051217,18.39005233985281,-50.89797193654939,3.5911451736870155e-05,1.0542939427020537
1.0797195947895846,11.87510629220123,-17.984879668733427,5.558517894471783e-05,1.0140698043228846
0.9986818831371005,9.791658169221796,-22.122094876305116,6.741928988603052e-05,0.9953259768653636
1.2641027058874086,16.591174963427537,-7.224754311881062,3.9780740669032896e-05,0.9924217345339448
1.1915907124928082,14.73592291233597,-18.827387395303333,4.479329678803831e-05,1.0086972169611153
0.8926474279831934,7.064370818323917,-26.797879792348198,9.346880830953466e-05,0.98708075503612
1.1641738328765336,14.041017397604008,-61.6869080361443,4.706182654055018e-05,1.010874011054149
0.9475212301118834,8.429419671735431,-51.12734819317843,7.840526663755426e-05,1.0288156625616651
1.2050655476740526,12.93296338785761,-424.3860031359446,5.43993250183044e-05,1.3613093121626891
1.045556443794738,10.992053660031775,-27.376848401059373,6.006157630064925e-05,0.9931343207264672
1.3701199237297426,19.38396385509356,-29.35074103460185,3.4055490119374534e-05,1.0164658374965811
1.09188573829788,12.178251100872393,-10.984913920068683,5.419736058801193e-05,1.0082507391643292
1.058678011141039,11.316793343231042,-44.68005639820758,5.836616720592117e-05,0.9997379564871084
1.2091164958247043,15.144142199220934,-100.01075737399697,4.370951185224039e-05,1.000658402667883
1.1633212279840746,13.979462448070857,-17.12498742294265,4.721651812452715e-05,0.999290895644664
0.9275386942179228,7.979337653913992,-3.72792535919093,8.271427248532286e-05,0.9981021089172648
0.9319939666613971,8.084828889958093,-114.06266472130244,8.222244403639103e-05,1.005912417318168
0.820594599880593,5.201028777370664,-61.4520705577662,0.0001273087988702,0.9851306363434832
1.1255071009976005,13.02094803232218,-8.660812214425865,5.0688851289743335e-05,0.9982394776006852
1.2519550065260219,16.234665002236273,-21.67256821870285,4.065897743019759e-05,0.9992177790953788
1.130772263631493,13.151955541712397,-3.678985943171541,5.0182880916218784e-05,0.9991432674496484
1.1247069934671463,13.001164927700092,-6.652700642588844,5.076544982262816e-05,0.9980587674850904
1.2668138519442056,16.65588961716743,-9.003837179727725,3.962648005420508e-05,0.9930738621218184
0.9712288402811051,9.089492483327426,-22.155627039959494,7.262874708324989e-05,0.9930302128513548
1.1652638327110552,13.641442423747511,-76.18402986078223,4.847364269720548e-05,1.2199909031820688
1.0771037951160192,11.820549826191572,-151.0251685651291,5.631794185085619e-05,1.0508007321632518
1.2437530287202725,16.205921558110195,-15.522992930101289,4.072854578430656e-05,1.033417612503444
1.1423522609892403,13.446586877188814,-30.550269541626843,4.909823359950789e-05,0.9991412553778994
1.3949350755767211,20.016720769292377,-25.63126204406765,3.297724415162826e-05,1.015561406492796
1.133547104198033,13.221135729949632,-9.272350365409356,4.9921511235805295e-05,0.9995565871037886
1.3737517799242598,19.32579369124489,-20.823546042409657,3.415465534858774e-05,1.0
1.117635570308651,12.721501022426182,-74.86913422523746,5.198246884241302e-05,1.140367154876302
1.0397241501359862,10.836529442430292,-17.024854181707806,6.091234938029093e-05,0.9981587647146928
1.1802883723719098,14.62865939632878,-25.037814794686067,4.512551083774099e-05,1.0795800241698108
0.9148074703085359,7.656088890954742,-12.69613942289545,8.621396300825445e-05,0.9985824616996872
1.2929047986450928,17.271652036543426,-1.0319962472559017,3.821291556133697e-05,0.9998598053233748
1.3242709017671417,18.075335494289344,-8.952051940346054,3.65145645988522e-05,0.9991079749729088
1.032089234329248,10.640985220160877,-20.304756631712667,6.2035014372428e-05,0.9994108600920484
1.019472207092678,10.320200041143751,-17.69727204190303,6.396087566538188e-05,0.9991526316272892
1.1043760622031693,12.485749737973356,-30.818519052895287,5.287813913212623e-05,1.0029676855228686
1.3990203849990503,20.13886084420729,-36.08963412829331,3.278188226234455e-05,1.0172907844328942
0.7311499414006903,2.974754767524725,-47.92889347529818,0.0002226311225956,0.9976947539559344
1.1245730732304036,13.093737630234548,-35.305040728492465,5.042711047933972e-05,1.0538862503590365
0.9958021911431074,9.718035193688689,-21.13017960615792,6.792883367440558e-05,1.0001676338709529
0.8815328268595292,6.761851847501753,-24.05209460794579,9.764352556911546e-05,0.9798468958581582
0.9422996075912816,8.34358121104824,-104.2125651036451,7.95629976365147e-05,0.9876672697587326
0.9973980677637266,9.760439634860576,-3.5254689860188817,6.762028761151705e-05,0.9901848221193952
1.0569495515191347,11.272648315681076,-75.54009512378393,5.868081810246225e-05,0.9998715960015084
0.9972932334016248,9.755923647362852,-69.96463322705873,6.78024057950401e-05,0.9979272855783956
1.1886754068758432,14.737922600901308,-17.912055400536296,4.47867641969399e-05,1.0277967830969263
0.9693875507809318,9.046552132907252,-31.24823213033232,7.299098657841849e-05,0.9999701030870208
0.8612778084564433,6.228378651734062,-118.79560206594232,0.0001070445552107,0.9767042234515724
1.1255701952523343,13.017851510736978,-10.319742091478664,5.070145388316079e-05,0.9996859441804962
1.2610849276020426,16.68610850507891,-12.2218560756527,3.955543379063724e-05,1.03809520435348
0.870243033258133,6.436717977461921,-13.61068233889251,0.0001025498453286,0.963644757848598
0.8699071891713963,6.516389120538984,-79.93422176158103,0.0001017263982029,0.9995977518216392
1.4512245642512123,21.3800113136565,-25.869959481009246,3.087425094025508e-05,1.0074617906802152
0.9569224213971006,8.712241658038929,-79.28961579072194,7.599921581533368e-05,1.012261109330249
1.0477315538575864,11.044868638792764,-14.3715168750356,5.976122304981384e-05,0.9950009825080592
0.9733692142837452,9.147578369345505,-19.84144552763192,7.216404592837919e-05,0.999680681079638
1.1105315181906925,12.644800174876764,4.97897711387454,5.2195822926529327e-05,0.9964779677981458
1.1199164900568424,12.912052966240648,-21.02439119560916,5.112281024035912e-05,1.014291770832127
0.9144524317474397,7.641272155194977,-81.17201487546657,8.670533702916134e-05,0.995753111379424
0.8916034446512783,7.062802697216842,-7.955514670397001,9.34510441710647e-05,0.997613392125474
1.1910150629916967,14.685536117234353,-16.812059647507613,4.494602416937168e-05,0.99896947730936
1.1825388254732165,14.52194051994888,-29.21837677960033,4.5460349358745616e-05,1.0130367730174477
1.0037215417648793,9.919417711577356,-13.002618612030268,6.654120424876972e-05,1.0006141555428598
1.1774429891966316,14.383120573803808,-7.210603455034223,4.588785864231151e-05,1.0111421729651018
1.465883932341312,21.754194725731345,-5.521143871983065,3.033916532766206e-05,1.0073527301876763
0.9589463579565831,8.779094024702667,-22.577715003675547,7.519800613564461e-05,0.9979263850072724
1.742258052827394,29.13366600118208,-6.682981877795252,2.2654357911488736e-05,1.023530291372563
0.9619520802793402,8.857560574713006,-55.04736020518298,7.462608121667447e-05,1.0
0.9742643890347108,9.164334942772866,-218.5659411729457,7.372638447247967e-05,1.0073361626188122
0.9967884438545513,9.743433457692856,-25.68419718657559,6.77583178070371e-05,0.9945672331390796
1.0798803614603496,11.695347643855316,-52.22634927504228,5.6491251274304856e-05,1.124436511589321
1.1919720288654645,14.709244628980231,-0.2126909297439259,4.486974183031545e-05,0.9990997392388856
1.3204775328450635,18.40104287422256,-217.3258501901831,3.628141961023875e-05,1.274221333362982
1.3770102898573662,19.42752680216884,-60.89557527769123,3.4001259576183385e-05,0.9980420108380804
0.8803668504144918,6.725663759427571,-37.01594267041165,9.822051116287976e-05,0.9769365458724514
0.8350053057698796,5.443152199942476,-160.26277226722956,0.000123850619462,0.9203310530025745
0.9521260776204852,8.598182932450861,-13.949228214365972,7.676812584601302e-05,0.9901792974536208
1.127824917157672,13.082841846434548,-3.105709015125226,5.0447920289590986e-05,1.0027216620789776
0.9780746328979926,9.267407010713647,-16.785561375801837,7.122695623700603e-05,1.0
0.8551390222876214,5.999189678305084,-134.81639127482703,0.0001115164403497,0.92954137705851
1.4793571758128294,23.18658717450225,-17.22337406636187,2.846635106984857e-05,1.1124622732787777
1.0953528237478685,12.283137303280911,-24.878944091497743,5.374423740113072e-05,1.016996959206636
1.091252363645116,12.18710891869108,-20.934219388223244,5.4164240450437886e-05,0.9845236571490064
0.8654882607319961,6.315211959886426,-26.76713669506217,0.0001045622803304,0.9658490878390352
1.13246999286793,13.22461160148472,-48.41601247024799,4.994629511886012e-05,1.010316478559941
1.039592224333996,10.848033669282096,-11.08967752718366,6.0843584757355405e-05,0.9874728927395154
1.1709751530575239,14.230875468116816,-35.584988950028794,4.6396380780991374e-05,1.0148454358572343
1.295177890192338,17.737428068292587,-21.67669004973842,3.7213834666085824e-05,1.0655884322548708
1.0379886553729383,10.795581969020228,-3.5605539020972574,6.11364395735863e-05,0.9953043545995534
1.483137475226436,23.312522871057507,-22.08672149550182,2.8313597393889136e-05,1.114534136006497
1.715526393045698,28.313325020807994,-3.418629786032987,2.3310621776973115e-05,1.0165720361454542
1.4131575586861007,20.780271109445728,-19.31121892059785,3.176342803149625e-05,1.046338769678408
1.5363304067734467,23.97628391944067,-12.527745111143355,2.752800241451996e-05,1.0393826253024954
1.0504421770693144,11.108470450363225,-18.645088794887453,5.942238531587437e-05,1.0011400319747696
1.0507088632593633,11.113923874812516,-40.8117622599513,5.942454776026208e-05,1.000081193036492
1.2125632395349926,15.251645997027587,-15.90216098294984,4.3277206907168894e-05,0.9957760186990126
1.3266409487527313,18.133656241201493,-3.302691976057329,3.639650800077514e-05,1.0006575421595432
1.116121368492354,12.794126908170956,-42.02421571622708,5.161783647804504e-05,1.006216495555894
1.3808283432440347,19.51226124037227,-15.850633375891173,3.3826821199084574e-05,1.0006800698578064
1.4503480728102298,21.29750298004317,-6.448701608612216,3.0989817366336585e-05,1.0021526151798297
1.4673160501767881,22.37564070804364,-8.72065080405851,2.949680764452955e-05,1.061127197238395
1.1053548657271806,12.535118972174796,0.6285280757237018,5.265208043974952e-05,0.9892230805519314
0.9208966946142703,7.803463539830913,-101.33638735179694,8.507541072367799e-05,1.0048674377128468
0.9127179740871739,7.56817266455162,-37.92317204633746,8.728102763998978e-05,0.9775671877016306
1.1341770007465148,13.273066127411488,-14.804787338291982,4.9728407599678126e-05,1.011898519786628
1.1182545937924653,12.886035531317834,-107.7222033257557,5.142404929193797e-05,1.0220626401831203
1.4699274205583277,23.33146756566297,-2.7701971088674284,2.828801758618519e-05,1.173114647523292
1.5237159998917427,23.71942616024214,-16.268943109555398,2.782667377444104e-05,1.0456954875440685
1.5119931506743183,22.91109899526995,-6.9738931011430845,2.880727052907892e-05,1.005492888395891
1.174045326373265,14.349388042116637,-7.348537465539042,4.599576213638804e-05,1.1518072373478172
1.2993176535769246,17.83809514432693,-2.873571073400496,3.699954241349727e-05,1.06322104797757
0.8826042502594085,6.817804037169472,-27.108235572106658,9.685176004160372e-05,0.991903161843434
0.934783275920114,8.142891565200179,-50.180017107915205,8.11638372605155e-05,0.9791394051255836
1.102515210233945,12.477444722150894,-113.62305974840174,5.3139813989900014e-05,1.0224099502565889
1.0856320860671294,12.001591844179622,-15.988774480642595,5.499791162681564e-05,1.0
1.0651264241067802,11.500079275403412,-15.74918133343678,5.739641068182115e-05,1.0153843489760357
1.2141902178892983,15.26962845057034,-17.91662234419778,4.322709447846291e-05,1.0
0.9791767694628308,9.293307118507474,0.1327588660960356,7.101885229303761e-05,0.9844490471897592
0.8623391698247906,6.198893219034952,-60.02541077087704,0.0001067463764286,0.9186153121501562
0.9790684838681364,9.291690029352097,-27.43883205972729,7.105680090985721e-05,1.0017026920854315
1.2023484346982718,15.25394978622543,-54.20838763070915,4.330455890331252e-05,1.0947527602572862
1.2348610751957372,15.845960444273032,-13.492434436405585,4.165312058830103e-05,1.0087727097278527
1.1179720636693293,12.85255594075496,-67.81056940892655,5.143343755106241e-05,1.010448454425086
1.0042221355344203,9.92599531510479,-42.57907837831107,6.654609297389967e-05,1.0176091503285405
0.9610652115346064,8.831223024244219,-112.29179185169576,7.52121234892301e-05,0.9957121833659442
1.147521714769517,13.715200405503792,-72.66336291823569,4.820426725665448e-05,1.0943740108553754
1.2309696524038014,15.976167780844396,-44.04833543987598,4.1333844614942045e-05,1.0609002139210495
0.9808003663064472,9.336673871972229,-78.88567920926212,7.089900561858203e-05,1.0000473472836775
1.0430202559620252,10.919293406305565,-16.052648738033984,6.044981183979044e-05,1.0008611949305593
1.1556173020622806,13.81432988546928,-28.85850974201382,4.778928058152976e-05,1.0089488714797112
1.0776195996649454,11.79956771698896,-8.263484675518836,5.593569118256534e-05,0.9991688996449286
1.5546436785934696,24.50566687403119,-2.3255557756519067,2.693257240282835e-05,1.042804411242787
1.3267552153100608,18.85790943744179,-7.468334885249504,3.499903731225021e-05,1.124482157590714
1.082764562546973,11.958608988519874,-13.514871514699784,5.519411215946129e-05,1.0177890974087145
1.2204144953832643,15.49899867220144,-1.6483684710975572,4.258342930403457e-05,0.9880960283341138
1.5495016659345058,23.817181276640586,-7.562281670841837,2.771138346382255e-05,1.0016993050703176
1.1999222659242015,14.978178016752588,-35.3353466101601,4.4080435797434365e-05,1.0149259045249943
1.4137738085438145,20.37195346686836,-2.1091181158370795,3.2397513649873335e-05,0.9972897537416412
0.9403924062708084,8.308914140698683,-40.17613379855524,7.950140317864537e-05,0.9996118065358552
1.1035855030792001,12.457980119068417,-6.576382165666221,5.297890806802817e-05,1.0
1.142459376966025,13.451619457417245,1.3711709325867942,4.906475477369282e-05,1.001515633690769
1.195491467543654,15.00421924002301,-65.135250671473,4.40429764431423e-05,1.0559205687601825
1.4012275719357663,20.04212298596872,-8.079827743058026,3.29311198921862e-05,0.9982580094536768
1.04142314000953,10.879890346624574,-30.913798048660382,6.068606726750619e-05,1.002117750748384
1.5976113640088385,27.569564187266955,-7.114989670022068,2.393963799104504e-05,1.2078096172620785
1.1424977195759252,13.583583704145866,-12.953350635896758,4.8590729070426366e-05,1.0643531697358568
1.1699950961377525,14.244865848970418,-7.893049420793811,4.633338328657624e-05,0.979972256840244
0.9261924977386438,7.927512809805879,-460.7523572801052,9.450185969118584e-05,0.98647045945269
1.072621597246979,11.675593923876349,3.3630885300388527,5.652841696018278e-05,1.0026567213296989
1.1355229111505019,13.275588666600951,-28.24244870686539,4.972858882855711e-05,1.0016835417979573
1.1808379133192306,14.4415247553727,-3.3492946262703147,4.570170322867172e-05,0.9958214809674952
1.6474676782279662,16.9273189691222,-3.813332050324963,3.899037532811909e-05,1.8232199969618388
1.1471733851686845,13.666350951142718,-105.39291800055967,4.846888431549303e-05,1.0335981892411437
1.1783658759378683,14.37337709914157,-22.24746671237983,4.592525617041558e-05,0.9968823125003649
1.2394290774224492,15.926575481771598,-9.723215308153808,4.144126360510813e-05,1.0025438858167095
1.0340863249657646,10.766587077397356,-20.278593747967022,6.13111704430113e-05,0.961011505617728
1.1602521271992776,13.917941233091703,-10.241550325086344,4.742239502787168e-05,1.004902676434378
1.0862763015750418,12.01813526643014,-5.318370016308969,5.491757990177719e-05,0.9999239200781492
1.110864628556185,12.750911281671588,-11.148575371656705,5.176324888527878e-05,0.970617990167746
0.9494858693764175,8.524906514786705,1.2909197665700698,7.742027109298506e-05,0.9802504727145396
1.2431561783475642,16.063209863537555,-21.74316789611903,4.109305359779589e-05,0.9911429855667568
0.975448478281761,9.19677018693704,-36.89504756362773,7.181156479921562e-05,0.987726407712226
0.9303218500141119,8.049544291391282,-39.78850029633222,8.206395133414123e-05,0.9976967235015156
0.9065049526657306,7.420962624015771,-60.93255119140402,8.913545016994145e-05,1.010176387162076
1.2262083301301239,15.888165915664835,-379.4642823714449,4.328380765805597e-05,1.161712622360746
1.2591022655205926,16.41132375717344,-61.31334330339558,4.0257119437224174e-05,1.0
1.2163533521497312,15.430695305545662,-9.520997005885604,4.277300663274755e-05,1.0209074862595744
0.8415170633732734,5.752747840698938,-221.3781599289344,0.0001192426310825,0.9885553482024726
0.9418115767695143,8.328616370221338,-61.2444685847464,7.940379042661968e-05,0.9846725994025244
1.1200840535825514,12.93684519165983,-5.418174412451783,5.101758942638405e-05,0.9831978764442472
0.8338452449754997,5.580291929460997,-25.82701033211186,0.0001183362497358,0.994970513993166
1.0624744169134188,10.98180970500272,-74.15481759963178,6.023343200933914e-05,1.1554715151238073
1.2295257086288003,15.65946722936485,-14.6397377086237,4.21495916548828e-05,1.0
1.1815162579460918,14.44131723364735,-14.811425449101945,4.570528800469313e-05,0.9995067199882866
1.0433076024420784,10.937630532914454,-2.807746104681772,6.034233029342575e-05,1.024837164841262
1.2572091078105605,11.902023972666877,-112.3775648428585,5.571549682606226e-05,1.4770676836768972
1.1167696563773482,12.851848364241125,-30.607452420542412,5.137112355369068e-05,0.983021435744574
0.8653127120558127,6.318104030666024,-138.30712344198287,0.0001058865395926,0.9697361360816849
1.1179972108322231,12.824335695568497,-52.57953622918023,5.151401022218859e-05,1.0
1.2683543034164348,16.718358259303272,-28.418181782076665,3.948603786893446e-05,0.9899506004415296
1.0404351634346354,10.865084443469472,-14.433761409771174,6.075021815732007e-05,0.9903345288085218
0.953831570290522,8.41952426586532,-141.29685918510634,7.922416200024242e-05,1.0718117227303945
1.1199352938198255,12.87385836423472,-14.80366801967478,5.127056073863987e-05,0.9999163419961532
1.0546792246220291,11.215296406392197,-81.26275197238799,5.900260432400723e-05,1.00039675848995
1.069678075554472,11.613392149184849,-126.7619434099154,5.71825819949091e-05,1.011629713610741
1.049355738133589,11.080666279020384,-50.03702065425672,5.962308072616011e-05,0.9990283593046144
0.8655437572975068,6.406736831768419,-5.0005561040170265,0.0001030183487101,0.9999831729162016
1.0853876298639467,11.995377598457964,-271.4071570032432,5.656500462326289e-05,1.0
0.9908077221961801,9.59075714400083,-11.083923369574425,6.88201741459823e-05,0.9925594165849424
0.9797550954051455,9.308539986548736,-52.9182221342635,7.099756061441085e-05,0.9962278919633412
0.9175857716850556,7.696832967860256,-13.344809119192416,8.575837349574009e-05,0.9795272466138348
1.0448317589438565,10.964431187015553,-40.88906771172783,6.023546343908266e-05,1.0000104185849514
0.9458827289958118,8.436840877717815,-27.097781140564187,7.825860500477938e-05,0.9889578165305934
1.028138606786784,10.26435899264758,-33.03559774681195,6.433056682047593e-05,1.113369971853627
0.9877853731643341,9.514107286127008,-15.886321537623225,6.937884976039837e-05,0.9994842602046128
0.9486084299679615,8.516406068497128,-38.27691274590345,7.755677894674679e-05,0.9984639792170404
1.028635757531293,10.290351377801484,-184.3162952140516,6.509284974885199e-05,1.1113681941833284
1.0466428180665477,11.02447471097122,-15.603119139186864,5.987267434397125e-05,1.0258989221125376
1.2420016906220646,15.9766153185348,-11.4937788604921,4.131189509103707e-05,1.0
0.961226398112924,7.928598235518041,-190.78360451395,8.497677951680071e-05,1.1563540546437112
0.7319051111641967,2.7286050698501683,-225.55396853773172,0.0002637367096532,0.952178045959513
0.9455647144109702,4.837016953830291,-335.07045872906366,0.0001521428159496,1.296257394060745
0.8450445648292699,5.861721263651002,-171.58706680352597,0.0001151658126154,0.9936968379876582
0.8470614069025701,5.911386504305116,-129.53075516852104,0.0001130753352782,1.006278931207248
0.8332580341664796,5.580684829234817,-104.22733861734164,0.0001192971591276,0.9987215952436304
0.9540829887524858,8.652313366159936,-168.65139677482938,7.741119394827443e-05,1.0040819739128783
0.919194292442495,7.755885192989269,-87.01470523944457,8.546749753842879e-05,0.9921086901344354
0.9411657756620985,8.327282608071927,-97.70103795611836,7.966340333436214e-05,1.0012270310255622
0.8726513069767101,6.577972084398638,-41.586212269104905,0.0001004522511913,0.9970033871026068
0.8014903724154878,4.762444638319582,-47.020634850316114,0.000138870821717,0.996773605650508
0.925028922259402,7.910824517198298,-120.4389041677516,8.41154852449563e-05,1.0040289889988891
0.8977678713082112,7.1947955499358525,-110.40190232198704,9.242889589459388e-05,1.0107340676052974
0.8637904849580559,6.349054313863853,-61.819129293710006,0.0001042313275334,1.0036897782275562
0.8802244617083663,6.770427865716688,-40.81031935104119,9.758945582285532e-05,0.9967838844475064
1.081999706212616,11.909254236557212,-90.2835467532686,5.55881830029466e-05,1.0
0.8610823578457749,6.278615341642537,-101.35363790622932,0.0001058887030959,1.0040468952200745
0.7953942311612466,4.546639548707329,-166.97788722895507,0.0001492293909361,0.984230533540168
0.8770843636995156,5.95079578041863,-138.57705980633787,0.0001125234040932,1.1119724328490028
0.9548033999114981,8.67289427045762,-26.75227459563723,7.612708351535198e-05,0.9972830607708162
0.8574287829446354,6.187576982728107,-24.214681346947373,0.000106710282428,1.0034705295133046
1.0710369723613962,11.634244759236305,-67.35927745304896,5.68275791861933e-05,0.9980260873228364
0.8530830114577477,6.065051274889242,-63.33391210636894,0.0001091409914823,0.9930263439241244
1.190605535808165,14.723762686414888,-11.172179392514774,4.482718729638993e-05,1.0116621755845283
0.9013591405162135,7.31269758986514,-351.5261902018096,9.75826898011276e-05,0.998154863260442
1.0745117814277523,11.629825815127962,-100.25315718763622,5.696945269786588e-05,1.1046234785388214
0.8178792921797768,5.147073338618805,-61.10020469436562,0.0001286429043315,1.0097567295438403
0.9328851050673281,8.116817299376006,-48.66997888880512,8.141826224403126e-05,0.9989044285170664
